cell_id,lat,lon,is_estimated,nearest_dist_km,Ward_No,Ward_Name,distance_to_ward,nearest_station,source_timestamp,target_timestamp,horizon_hours,forecast_aqi,source_aqi
0,28.4,76.8,1,22.821,133,CHHAWLA,15963.545791078815,OpenAQ live network,2026-08-23 07:00:00,2026-08-24 07:00:00,24,85.9,90.01389
1,28.4,76.815385,1,21.366,133,CHHAWLA,15005.746802137335,OpenAQ live network,2026-08-23 07:00:00,2026-08-24 07:00:00,24,85.9,90.01389
2,28.4,76.830769,1,19.917,133,CHHAWLA,14190.76384732492,OpenAQ live network,2026-08-23 07:00:00,2026-08-24 07:00:00,24,85.9,90.01389
3,28.4,76.846154,1,18.477,133,CHHAWLA,13544.287549978346,OpenAQ live network,2026-08-23 07:00:00,2026-08-24 07:00:00,24,85.9,90.01389
4,28.4,76.861538,1,17.049,133,CHHAWLA,13091.394422917225,OpenAQ live network,2026-08-23 07:00:00,2026-08-24 07:00:00,24,85.9,90.01389
5,28.4,76.876923,1,15.635,133,CHHAWLA,12852.503974021727,OpenAQ live network,2026-08-23 07:00:00,2026-08-24 07:00:00,24,98.4,94.50109
6,28.4,76.892308,1,14.24,133,CHHAWLA,12760.145163807105,OpenAQ live network,2026-08-23 07:00:00,2026-08-24 07:00:00,24,98.4,94.50109
7,28.4,76.907692,1,12.869,133,CHHAWLA,12878.086330646924,OpenAQ live network,2026-08-23 07:00:00,2026-08-24 07:00:00,24,98.4,94.50109
8,28.4,76.923077,1,11.531,133,CHHAWLA,13218.746496274802,OpenAQ live network,2026-08-23 07:00:00,2026-08-24 07:00:00,24,98.4,94.50109
9,28.4,76.938462,1,10.24,133,CHHAWLA,13232.719044047104,OpenAQ live network,2026-08-23 07:00:00,2026-08-24 07:00:00,24,98.4,94.50109
10,28.4,76.953846,1,9.015,133,CHHAWLA,13250.736884514992,OpenAQ live network,2026-08-23 07:00:00,2026-08-24 07:00:00,24,98.4,94.50109
11,28.4,76.969231,1,7.888,133,CHHAWLA,13385.308682055616,OpenAQ live network,2026-08-23 07:00:00,2026-08-24 07:00:00,24,105.2,94.50109
12,28.4,76.984615,1,6.905,133,CHHAWLA,13722.225518194116,OpenAQ live network,2026-08-23 07:00:00,2026-08-24 07:00:00,24,124.2,118.319115
13,28.4,77.0,1,6.138,133,CHHAWLA,14255.223718671516,OpenAQ live network,2026-08-23 07:00:00,2026-08-24 07:00:00,24,125.7,118.319115
14,28.4,77.015385,1,5.618,175,AYA NAGAR,13132.750443399938,OpenAQ live network,2026-08-23 07:00:00,2026-08-24 07:00:00,24,35.0,39.118343
15,28.4,77.030769,1,4.327,175,AYA NAGAR,11601.744737161414,OpenAQ live network,2026-08-23 07:00:00,2026-08-24 07:00:00,24,82.4,80.19899
16,28.4,77.046154,1,3.226,175,AYA NAGAR,10128.94456609051,OpenAQ live network,2026-08-23 07:00:00,2026-08-24 07:00:00,24,60.6,62.04316
17,28.4,77.061538,1,2.289,175,AYA NAGAR,8744.049747102052,OpenAQ live network,2026-08-23 07:00:00,2026-08-24 07:00:00,24,85.5,83.42126
18,28.4,77.076923,1,0.813,175,AYA NAGAR,7495.715233142443,OpenAQ live network,2026-08-23 07:00:00,2026-08-24 07:00:00,24,114.3,104.850105
19,28.4,77.092308,0,0.784,175,AYA NAGAR,6463.70097423099,OpenAQ live network,2026-08-23 07:00:00,2026-08-24 07:00:00,24,114.3,104.850105
20,28.4,77.107692,1,2.258,175,AYA NAGAR,5726.634093509547,OpenAQ live network,2026-08-23 07:00:00,2026-08-24 07:00:00,24,108.7,103.402916
21,28.4,77.123077,1,3.572,175,AYA NAGAR,5030.66914839388,OpenAQ live network,2026-08-23 07:00:00,2026-08-24 07:00:00,24,64.4,57.835037
22,28.4,77.138462,1,2.722,175,AYA NAGAR,3490.309136968516,OpenAQ live network,2026-08-23 07:00:00,2026-08-24 07:00:00,24,59.0,59.43092
23,28.4,77.153846,1,2.567,175,AYA NAGAR,2125.663170794293,OpenAQ live network,2026-08-23 07:00:00,2026-08-24 07:00:00,24,59.2,59.43092
24,28.4,77.169231,1,3.209,175,AYA NAGAR,771.2502024743126,OpenAQ live network,2026-08-23 07:00:00,2026-08-24 07:00:00,24,66.6,61.192383
25,28.4,77.184615,1,4.305,175,AYA NAGAR,991.5356800302212,OpenAQ live network,2026-08-23 07:00:00,2026-08-24 07:00:00,24,74.5,66.37911
26,28.4,77.2,1,5.594,176,BHATI,1028.0968999156314,OpenAQ live network,2026-08-23 07:00:00,2026-08-24 07:00:00,24,35.8,31.666515
27,28.4,77.215385,1,6.97,176,BHATI,1214.0661344928967,OpenAQ live network,2026-08-23 07:00:00,2026-08-24 07:00:00,24,92.2,85.401695
28,28.4,77.230769,1,7.803,176,BHATI,1702.0284952964598,OpenAQ live network,2026-08-23 07:00:00,2026-08-24 07:00:00,24,91.7,85.401695
29,28.4,77.246154,1,6.313,176,BHATI,2424.487014710983,OpenAQ live network,2026-08-23 07:00:00,2026-08-24 07:00:00,24,78.3,68.56702
30,28.4,77.261538,1,4.832,176,BHATI,3322.086697494133,OpenAQ live network,2026-08-23 07:00:00,2026-08-24 07:00:00,24,110.7,97.19858
31,28.4,77.276923,1,3.373,176,BHATI,4307.57961756003,OpenAQ live network,2026-08-23 07:00:00,2026-08-24 07:00:00,24,37.4,21.464796
32,28.4,77.292308,1,1.982,176,BHATI,5649.25344228758,OpenAQ live network,2026-08-23 07:00:00,2026-08-24 07:00:00,24,38.0,21.464796
33,28.4,77.307692,1,1.007,176,BHATI,7132.471253058135,OpenAQ live network,2026-08-23 07:00:00,2026-08-24 07:00:00,24,58.1,60.957916
34,28.4,77.323077,1,1.447,176,BHATI,8655.349456562799,OpenAQ live network,2026-08-23 07:00:00,2026-08-24 07:00:00,24,57.7,60.957916
35,28.4,77.338462,1,2.664,176,BHATI,10234.56384138949,OpenAQ live network,2026-08-23 07:00:00,2026-08-24 07:00:00,24,88.9,95.19913
36,28.4,77.353846,1,4.078,204,MOLARBAND,11476.992025831114,OpenAQ live network,2026-08-23 07:00:00,2026-08-24 07:00:00,24,37.2,21.464796
37,28.4,77.369231,1,5.54,204,MOLARBAND,12213.527569503052,OpenAQ live network,2026-08-23 07:00:00,2026-08-24 07:00:00,24,39.4,29.176752
38,28.4,77.384615,1,7.02,202,MEETHEYPUR,13064.268801397551,OpenAQ live network,2026-08-23 07:00:00,2026-08-24 07:00:00,24,108.5,97.19858
39,28.4,77.4,1,8.508,202,MEETHEYPUR,13987.36786953118,OpenAQ live network,2026-08-23 07:00:00,2026-08-24 07:00:00,24,73.3,68.56702
40,28.412821,76.8,1,21.841,133,CHHAWLA,14692.638386510014,OpenAQ live network,2026-08-23 07:00:00,2026-08-24 07:00:00,24,85.9,90.01389
41,28.412821,76.815385,1,20.975,133,CHHAWLA,13645.924872383415,OpenAQ live network,2026-08-23 07:00:00,2026-08-24 07:00:00,24,85.9,90.01389
42,28.412821,76.830769,1,19.565,133,CHHAWLA,12744.277425708427,OpenAQ live network,2026-08-23 07:00:00,2026-08-24 07:00:00,24,85.9,90.01389
43,28.412821,76.846154,1,18.098,133,CHHAWLA,12020.25597769764,OpenAQ live network,2026-08-23 07:00:00,2026-08-24 07:00:00,24,85.9,90.01389
44,28.412821,76.861538,1,16.637,133,CHHAWLA,11507.538245396609,OpenAQ live network,2026-08-23 07:00:00,2026-08-24 07:00:00,24,85.9,90.01389
45,28.412821,76.876923,1,15.185,133,CHHAWLA,11235.020557841524,OpenAQ live network,2026-08-23 07:00:00,2026-08-24 07:00:00,24,85.9,90.01389
46,28.412821,76.892308,1,13.744,133,CHHAWLA,11137.55399545683,OpenAQ live network,2026-08-23 07:00:00,2026-08-24 07:00:00,24,98.4,94.50109
47,28.412821,76.907692,1,12.318,133,CHHAWLA,11272.484727861987,OpenAQ live network,2026-08-23 07:00:00,2026-08-24 07:00:00,24,98.4,94.50109
48,28.412821,76.923077,1,10.913,133,CHHAWLA,11660.148512478903,OpenAQ live network,2026-08-23 07:00:00,2026-08-24 07:00:00,24,98.4,94.50109
49,28.412821,76.938462,1,9.539,133,CHHAWLA,11611.605395309747,OpenAQ live network,2026-08-23 07:00:00,2026-08-24 07:00:00,24,98.4,94.50109
50,28.412821,76.953846,1,8.21,133,CHHAWLA,11628.816792635014,OpenAQ live network,2026-08-23 07:00:00,2026-08-24 07:00:00,24,105.1,94.50109
51,28.412821,76.969231,1,6.954,133,CHHAWLA,11781.209809208283,OpenAQ live network,2026-08-23 07:00:00,2026-08-24 07:00:00,24,105.6,94.50109
52,28.412821,76.984615,1,5.816,133,CHHAWLA,12160.241592791655,OpenAQ live network,2026-08-23 07:00:00,2026-08-24 07:00:00,24,125.1,118.319115
53,28.412821,77.0,1,4.881,133,CHHAWLA,12758.660027301356,OpenAQ live network,2026-08-23 07:00:00,2026-08-24 07:00:00,24,40.2,40.910236
54,28.412821,77.015385,1,4.283,175,AYA NAGAR,12536.43312271213,OpenAQ live network,2026-08-23 07:00:00,2026-08-24 07:00:00,24,37.4,39.118343
55,28.412821,77.030769,1,3.682,175,AYA NAGAR,10922.156480194975,OpenAQ live network,2026-08-23 07:00:00,2026-08-24 07:00:00,24,80.9,79.54444
56,28.412821,77.046154,1,2.29,175,AYA NAGAR,9342.833577376134,OpenAQ live network,2026-08-23 07:00:00,2026-08-24 07:00:00,24,83.6,82.46214
57,28.412821,77.061538,1,1.209,175,AYA NAGAR,7819.937800993557,OpenAQ live network,2026-08-23 07:00:00,2026-08-24 07:00:00,24,76.3,78.87813
58,28.412821,77.076923,1,1.389,175,AYA NAGAR,6393.650607280333,OpenAQ live network,2026-08-23 07:00:00,2026-08-24 07:00:00,24,40.7,37.291286
59,28.412821,77.092308,1,1.372,175,AYA NAGAR,5145.1386294139,OpenAQ live network,2026-08-23 07:00:00,2026-08-24 07:00:00,24,40.7,37.291286
60,28.412821,77.107692,1,2.523,175,AYA NAGAR,4234.718637710413,OpenAQ live network,2026-08-23 07:00:00,2026-08-24 07:00:00,24,73.7,70.36404
61,28.412821,77.123077,1,2.757,175,AYA NAGAR,3519.167425173803,OpenAQ live network,2026-08-23 07:00:00,2026-08-24 07:00:00,24,60.2,59.43092
62,28.412821,77.138462,1,1.501,175,AYA NAGAR,2965.6318111863043,OpenAQ live network,2026-08-23 07:00:00,2026-08-24 07:00:00,24,45.4,42.793133
63,28.412821,77.153846,1,1.197,175,AYA NAGAR,1267.9587966321676,OpenAQ live network,2026-08-23 07:00:00,2026-08-24 07:00:00,24,73.1,70.19978
64,28.412821,77.169231,1,2.267,175,AYA NAGAR,0.0,OpenAQ live network,2026-08-23 07:00:00,2026-08-24 07:00:00,24,63.6,54.29356
65,28.412821,77.184615,1,3.657,175,AYA NAGAR,0.0,OpenAQ live network,2026-08-23 07:00:00,2026-08-24 07:00:00,24,76.3,65.72456
66,28.412821,77.2,1,5.112,176,BHATI,0.0,OpenAQ live network,2026-08-23 07:00:00,2026-08-24 07:00:00,24,35.9,31.666515
67,28.412821,77.215385,1,6.59,176,BHATI,0.0,OpenAQ live network,2026-08-23 07:00:00,2026-08-24 07:00:00,24,36.7,31.666515
68,28.412821,77.230769,1,7.753,176,BHATI,219.63059960973663,OpenAQ live network,2026-08-23 07:00:00,2026-08-24 07:00:00,24,92.2,85.401695
69,28.412821,77.246154,1,6.251,176,BHATI,1145.284856404756,OpenAQ live network,2026-08-23 07:00:00,2026-08-24 07:00:00,24,109.6,97.19858
70,28.412821,77.261538,1,4.751,176,BHATI,1950.3476644693665,OpenAQ live network,2026-08-23 07:00:00,2026-08-24 07:00:00,24,39.7,29.176752
71,28.412821,77.276923,1,3.256,176,BHATI,3351.687298026296,OpenAQ live network,2026-08-23 07:00:00,2026-08-24 07:00:00,24,37.4,21.464796
72,28.412821,77.292308,1,1.777,176,BHATI,4865.884833125222,OpenAQ live network,2026-08-23 07:00:00,2026-08-24 07:00:00,24,78.9,77.61945
73,28.412821,77.307692,0,0.493,176,BHATI,6457.587849818359,OpenAQ live network,2026-08-23 07:00:00,2026-08-24 07:00:00,24,59.3,60.840263
74,28.412821,77.323077,0,0.958,176,BHATI,8093.644375525553,OpenAQ live network,2026-08-23 07:00:00,2026-08-24 07:00:00,24,56.9,60.840263
75,28.412821,77.338462,1,2.433,204,MOLARBAND,9365.819359467554,OpenAQ live network,2026-08-23 07:00:00,2026-08-24 07:00:00,24,59.1,59.95947
76,28.412821,77.353846,1,3.93,204,MOLARBAND,9993.4172175872,OpenAQ live network,2026-08-23 07:00:00,2026-08-24 07:00:00,24,64.9,65.290276
77,28.412821,77.369231,1,5.432,204,MOLARBAND,10818.962318997366,OpenAQ live network,2026-08-23 07:00:00,2026-08-24 07:00:00,24,36.9,21.464796
78,28.412821,77.384615,1,6.935,202,MEETHEYPUR,11679.457957432624,OpenAQ live network,2026-08-23 07:00:00,2026-08-24 07:00:00,24,108.5,97.19858
79,28.412821,77.4,1,8.303,202,MEETHEYPUR,12703.585272743285,OpenAQ live network,2026-08-23 07:00:00,2026-08-24 07:00:00,24,108.7,97.19858
80,28.425641,76.8,1,20.716,133,CHHAWLA,13497.286554703209,OpenAQ live network,2026-08-23 07:00:00,2026-08-24 07:00:00,24,85.9,90.01389
81,28.425641,76.815385,1,19.802,133,CHHAWLA,12349.67154242398,OpenAQ live network,2026-08-23 07:00:00,2026-08-24 07:00:00,24,85.9,90.01389
82,28.425641,76.830769,1,18.963,133,CHHAWLA,11345.471726043206,OpenAQ live network,2026-08-23 07:00:00,2026-08-24 07:00:00,24,85.9,90.01389
83,28.425641,76.846154,1,17.824,133,CHHAWLA,10525.667454009756,OpenAQ live network,2026-08-23 07:00:00,2026-08-24 07:00:00,24,85.9,90.01389
84,28.425641,76.861538,1,16.339,133,CHHAWLA,9936.123894773556,OpenAQ live network,2026-08-23 07:00:00,2026-08-24 07:00:00,24,85.9,90.01389
85,28.425641,76.876923,1,14.858,133,CHHAWLA,9619.189597785567,OpenAQ live network,2026-08-23 07:00:00,2026-08-24 07:00:00,24,85.9,90.01389
86,28.425641,76.892308,1,13.382,133,CHHAWLA,9514.894346010971,OpenAQ live network,2026-08-23 07:00:00,2026-08-24 07:00:00,24,85.9,90.01389
87,28.425641,76.907692,1,11.913,133,CHHAWLA,9672.487650750292,OpenAQ live network,2026-08-23 07:00:00,2026-08-24 07:00:00,24,98.4,94.50109
88,28.425641,76.923077,1,10.454,133,CHHAWLA,10121.61887975926,OpenAQ live network,2026-08-23 07:00:00,2026-08-24 07:00:00,24,98.4,94.50109
89,28.425641,76.938462,1,9.01,133,CHHAWLA,9990.903006273198,OpenAQ live network,2026-08-23 07:00:00,2026-08-24 07:00:00,24,98.4,94.50109
90,28.425641,76.953846,1,7.59,133,CHHAWLA,10006.826873671622,OpenAQ live network,2026-08-23 07:00:00,2026-08-24 07:00:00,24,105.5,94.50109
91,28.425641,76.969231,1,6.209,133,CHHAWLA,10181.47914999371,OpenAQ live network,2026-08-23 07:00:00,2026-08-24 07:00:00,24,105.6,94.50109
92,28.425641,76.984615,1,4.902,133,CHHAWLA,10616.388647658368,OpenAQ live network,2026-08-23 07:00:00,2026-08-24 07:00:00,24,125.4,118.319115
93,28.425641,77.0,1,3.745,133,CHHAWLA,11166.883853693991,OpenAQ live network,2026-08-23 07:00:00,2026-08-24 07:00:00,24,37.4,39.118343
94,28.425641,77.015385,1,2.924,133,CHHAWLA,11284.047615555315,OpenAQ live network,2026-08-23 07:00:00,2026-08-24 07:00:00,24,56.7,52.055218
95,28.425641,77.030769,1,2.757,175,AYA NAGAR,10452.360251280485,OpenAQ live network,2026-08-23 07:00:00,2026-08-24 07:00:00,24,60.0,62.04316
96,28.425641,77.046154,1,2.036,175,AYA NAGAR,8789.019962386597,OpenAQ live network,2026-08-23 07:00:00,2026-08-24 07:00:00,24,78.0,77.48579
97,28.425641,77.061538,0,0.601,175,AYA NAGAR,7149.109025332534,OpenAQ live network,2026-08-23 07:00:00,2026-08-24 07:00:00,24,112.7,103.73187
98,28.425641,77.076923,1,1.052,175,AYA NAGAR,5553.116308223638,OpenAQ live network,2026-08-23 07:00:00,2026-08-24 07:00:00,24,76.3,78.87813
99,28.425641,77.092308,1,2.525,175,AYA NAGAR,4053.490367642472,OpenAQ live network,2026-08-23 07:00:00,2026-08-24 07:00:00,24,81.8,86.83773
100,28.425641,77.107692,1,3.42,175,AYA NAGAR,2809.1234549686656,OpenAQ live network,2026-08-23 07:00:00,2026-08-24 07:00:00,24,74.4,71.89984
101,28.425641,77.123077,1,2.3,175,AYA NAGAR,2060.29048691576,OpenAQ live network,2026-08-23 07:00:00,2026-08-24 07:00:00,24,79.6,72.72259
102,28.425641,77.138462,0,0.813,175,AYA NAGAR,1435.9811664656177,OpenAQ live network,2026-08-23 07:00:00,2026-08-24 07:00:00,24,102.4,91.56121
103,28.425641,77.153846,0,0.581,175,AYA NAGAR,784.7053648908775,OpenAQ live network,2026-08-23 07:00:00,2026-08-24 07:00:00,24,110.1,98.6282
104,28.425641,77.169231,1,2.011,175,AYA NAGAR,0.0,OpenAQ live network,2026-08-23 07:00:00,2026-08-24 07:00:00,24,79.2,71.71029
105,28.425641,77.184615,1,3.504,175,AYA NAGAR,0.0,OpenAQ live network,2026-08-23 07:00:00,2026-08-24 07:00:00,24,66.4,61.192383
106,28.425641,77.2,1,5.004,176,BHATI,0.0,OpenAQ live network,2026-08-23 07:00:00,2026-08-24 07:00:00,24,47.2,42.348633
107,28.425641,77.215385,1,6.506,176,BHATI,0.0,OpenAQ live network,2026-08-23 07:00:00,2026-08-24 07:00:00,24,35.8,31.666515
108,28.425641,77.230769,1,7.962,176,BHATI,0.0,OpenAQ live network,2026-08-23 07:00:00,2026-08-24 07:00:00,24,91.4,85.401695
109,28.425641,77.246154,1,6.509,176,BHATI,0.0,OpenAQ live network,2026-08-23 07:00:00,2026-08-24 07:00:00,24,110.3,97.19858
110,28.425641,77.261538,1,5.086,176,BHATI,1079.1691461472828,OpenAQ live network,2026-08-23 07:00:00,2026-08-24 07:00:00,24,37.8,21.464796
111,28.425641,77.276923,1,3.728,176,BHATI,2712.4035517252714,OpenAQ live network,2026-08-23 07:00:00,2026-08-24 07:00:00,24,58.8,60.957916
112,28.425641,77.292308,1,2.54,176,BHATI,4390.22659863753,OpenAQ live network,2026-08-23 07:00:00,2026-08-24 07:00:00,24,57.4,60.840263
113,28.425641,77.307692,1,1.825,176,BHATI,6087.352170177604,OpenAQ live network,2026-08-23 07:00:00,2026-08-24 07:00:00,24,85.8,81.603966
114,28.425641,77.323077,1,1.791,204,MOLARBAND,7405.792089359533,OpenAQ live network,2026-08-23 07:00:00,2026-08-24 07:00:00,24,69.9,56.46097
115,28.425641,77.338462,1,2.424,204,MOLARBAND,7828.249948091849,OpenAQ live network,2026-08-23 07:00:00,2026-08-24 07:00:00,24,81.4,76.40595
116,28.425641,77.353846,1,3.615,204,MOLARBAND,8544.744888954448,OpenAQ live network,2026-08-23 07:00:00,2026-08-24 07:00:00,24,58.2,59.95947
117,28.425641,77.369231,1,4.979,202,MEETHEYPUR,9397.068977149404,OpenAQ live network,2026-08-23 07:00:00,2026-08-24 07:00:00,24,88.7,95.19913
118,28.425641,77.384615,1,6.406,202,MEETHEYPUR,10363.824210084586,OpenAQ live network,2026-08-23 07:00:00,2026-08-24 07:00:00,24,36.9,21.464796
119,28.425641,77.4,1,7.862,202,MEETHEYPUR,11505.659166686592,OpenAQ live network,2026-08-23 07:00:00,2026-08-24 07:00:00,24,111.0,97.19858
120,28.438462,76.8,1,19.63,133,CHHAWLA,12350.355006092408,OpenAQ live network,2026-08-23 07:00:00,2026-08-24 07:00:00,24,85.9,90.01389
121,28.438462,76.815385,1,18.663,133,CHHAWLA,11139.050920005013,OpenAQ live network,2026-08-23 07:00:00,2026-08-24 07:00:00,24,85.9,90.01389
122,28.438462,76.830769,1,17.77,133,CHHAWLA,10014.179790634558,OpenAQ live network,2026-08-23 07:00:00,2026-08-24 07:00:00,24,85.9,90.01389
123,28.438462,76.846154,1,16.964,133,CHHAWLA,9074.896337981389,OpenAQ live network,2026-08-23 07:00:00,2026-08-24 07:00:00,24,85.9,90.01389
124,28.438462,76.861538,1,16.162,133,CHHAWLA,8383.950515419194,OpenAQ live network,2026-08-23 07:00:00,2026-08-24 07:00:00,24,85.9,90.01389
125,28.438462,76.876923,1,14.663,133,CHHAWLA,8005.80268997768,OpenAQ live network,2026-08-23 07:00:00,2026-08-24 07:00:00,24,85.9,90.01389
126,28.438462,76.892308,1,13.165,133,CHHAWLA,7891.9137904814625,OpenAQ live network,2026-08-23 07:00:00,2026-08-24 07:00:00,24,85.9,90.01389
127,28.438462,76.907692,1,11.669,133,CHHAWLA,8081.219351963961,OpenAQ live network,2026-08-23 07:00:00,2026-08-24 07:00:00,24,85.9,90.01389
128,28.438462,76.923077,1,10.176,133,CHHAWLA,8613.40229447788,OpenAQ live network,2026-08-23 07:00:00,2026-08-24 07:00:00,24,98.4,94.50109
129,28.438462,76.938462,1,8.686,133,CHHAWLA,8370.638612366567,OpenAQ live network,2026-08-23 07:00:00,2026-08-24 07:00:00,24,98.4,94.50109
130,28.438462,76.953846,1,7.202,133,CHHAWLA,8384.513958288408,OpenAQ live network,2026-08-23 07:00:00,2026-08-24 07:00:00,24,105.6,94.50109
131,28.438462,76.969231,1,5.729,133,CHHAWLA,8588.32955260792,OpenAQ live network,2026-08-23 07:00:00,2026-08-24 07:00:00,24,105.6,94.50109
132,28.438462,76.984615,1,4.277,133,CHHAWLA,9099.703002877148,OpenAQ live network,2026-08-23 07:00:00,2026-08-24 07:00:00,24,125.4,118.319115
133,28.438462,77.0,1,2.88,133,CHHAWLA,9551.549594299,OpenAQ live network,2026-08-23 07:00:00,2026-08-24 07:00:00,24,38.5,40.910236
134,28.438462,77.015385,1,1.68,133,CHHAWLA,9663.275053505891,OpenAQ live network,2026-08-23 07:00:00,2026-08-24 07:00:00,24,37.1,39.118343
135,28.438462,77.030769,1,1.368,175,AYA NAGAR,9816.652435507223,OpenAQ live network,2026-08-23 07:00:00,2026-08-24 07:00:00,24,79.8,79.54444
136,28.438462,77.046154,1,2.334,175,AYA NAGAR,8295.249698504926,OpenAQ live network,2026-08-23 07:00:00,2026-08-24 07:00:00,24,81.6,86.83773
137,28.438462,77.061538,1,1.824,175,AYA NAGAR,6806.889870724066,OpenAQ live network,2026-08-23 07:00:00,2026-08-24 07:00:00,24,78.0,77.48579
138,28.438462,77.076923,1,2.018,175,AYA NAGAR,5105.006423966,OpenAQ live network,2026-08-23 07:00:00,2026-08-24 07:00:00,24,77.9,77.48579
139,28.438462,77.092308,1,3.056,175,AYA NAGAR,3413.908905733294,OpenAQ live network,2026-08-23 07:00:00,2026-08-24 07:00:00,24,70.5,71.86333
140,28.438462,77.107692,1,3.986,175,AYA NAGAR,1764.9828444859977,OpenAQ live network,2026-08-23 07:00:00,2026-08-24 07:00:00,24,79.8,69.191246
141,28.438462,77.123077,1,2.595,175,AYA NAGAR,629.9760981942491,OpenAQ live network,2026-08-23 07:00:00,2026-08-24 07:00:00,24,78.3,77.8834
142,28.438462,77.138462,1,1.45,175,AYA NAGAR,0.0,OpenAQ live network,2026-08-23 07:00:00,2026-08-24 07:00:00,24,42.5,40.657845
143,28.438462,77.153846,1,1.415,175,AYA NAGAR,0.0,OpenAQ live network,2026-08-23 07:00:00,2026-08-24 07:00:00,24,40.8,40.73069
144,28.438462,77.169231,1,2.535,175,AYA NAGAR,0.0,OpenAQ live network,2026-08-23 07:00:00,2026-08-24 07:00:00,24,78.4,77.8834
145,28.438462,77.184615,1,3.905,176,BHATI,0.0,OpenAQ live network,2026-08-23 07:00:00,2026-08-24 07:00:00,24,76.3,65.72456
146,28.438462,77.2,1,5.292,176,BHATI,0.0,OpenAQ live network,2026-08-23 07:00:00,2026-08-24 07:00:00,24,35.8,31.666515
147,28.438462,77.215385,1,6.289,176,BHATI,0.0,OpenAQ live network,2026-08-23 07:00:00,2026-08-24 07:00:00,24,33.2,24.813847
148,28.438462,77.230769,1,6.782,176,BHATI,0.0,OpenAQ live network,2026-08-23 07:00:00,2026-08-24 07:00:00,24,37.4,31.010227
149,28.438462,77.246154,1,6.929,176,BHATI,0.0,OpenAQ live network,2026-08-23 07:00:00,2026-08-24 07:00:00,24,121.5,104.40604
150,28.438462,77.261538,1,5.764,176,BHATI,1188.4868831306685,OpenAQ live network,2026-08-23 07:00:00,2026-08-24 07:00:00,24,30.8,21.464796
151,28.438462,77.276923,1,4.393,176,BHATI,2783.102041238184,OpenAQ live network,2026-08-23 07:00:00,2026-08-24 07:00:00,24,63.5,65.290276
152,28.438462,77.292308,1,2.896,176,BHATI,4434.233619178447,OpenAQ live network,2026-08-23 07:00:00,2026-08-24 07:00:00,24,62.8,64.62068
153,28.438462,77.307692,1,1.416,204,MOLARBAND,5753.405558097363,OpenAQ live network,2026-08-23 07:00:00,2026-08-24 07:00:00,24,40.4,24.67503
154,28.438462,77.323077,0,0.384,204,MOLARBAND,5802.678152680684,OpenAQ live network,2026-08-23 07:00:00,2026-08-24 07:00:00,24,98.4,87.55183
155,28.438462,77.338462,1,1.678,204,MOLARBAND,6332.8177841403485,OpenAQ live network,2026-08-23 07:00:00,2026-08-24 07:00:00,24,56.1,48.65545
156,28.438462,77.353846,1,3.164,202,MEETHEYPUR,7164.27696193292,OpenAQ live network,2026-08-23 07:00:00,2026-08-24 07:00:00,24,57.0,60.840263
157,28.438462,77.369231,1,4.661,202,MEETHEYPUR,8035.290983515843,OpenAQ live network,2026-08-23 07:00:00,2026-08-24 07:00:00,24,58.2,60.957916
158,28.438462,77.384615,1,6.162,202,MEETHEYPUR,9147.122393736878,OpenAQ live network,2026-08-23 07:00:00,2026-08-24 07:00:00,24,36.4,21.464796
159,28.438462,77.4,1,7.664,202,MEETHEYPUR,10423.108398574124,OpenAQ live network,2026-08-23 07:00:00,2026-08-24 07:00:00,24,111.2,97.19858
160,28.451282,76.8,1,18.59,133,CHHAWLA,11300.977631681786,OpenAQ live network,2026-08-23 07:00:00,2026-08-24 07:00:00,24,85.9,90.01389
161,28.451282,76.815385,1,17.566,133,CHHAWLA,9991.116598457173,OpenAQ live network,2026-08-23 07:00:00,2026-08-24 07:00:00,24,85.9,90.01389
162,28.451282,76.830769,1,16.615,133,CHHAWLA,8781.523769031795,OpenAQ live network,2026-08-23 07:00:00,2026-08-24 07:00:00,24,85.9,90.01389
163,28.451282,76.846154,1,15.75,133,CHHAWLA,7693.185710225954,OpenAQ live network,2026-08-23 07:00:00,2026-08-24 07:00:00,24,85.9,90.01389
164,28.451282,76.861538,1,14.986,133,CHHAWLA,6864.545802302914,OpenAQ live network,2026-08-23 07:00:00,2026-08-24 07:00:00,24,85.9,90.01389
165,28.451282,76.876923,1,14.339,133,CHHAWLA,6397.205603837558,OpenAQ live network,2026-08-23 07:00:00,2026-08-24 07:00:00,24,85.9,90.01389
166,28.451282,76.892308,1,13.101,133,CHHAWLA,6268.867103450781,OpenAQ live network,2026-08-23 07:00:00,2026-08-24 07:00:00,24,85.9,90.01389
167,28.451282,76.907692,1,11.597,133,CHHAWLA,6505.574355803853,OpenAQ live network,2026-08-23 07:00:00,2026-08-24 07:00:00,24,85.9,90.01389
168,28.451282,76.923077,1,10.093,133,CHHAWLA,7047.562773142002,OpenAQ live network,2026-08-23 07:00:00,2026-08-24 07:00:00,24,85.9,90.01389
169,28.451282,76.938462,1,8.589,133,CHHAWLA,6751.612884617814,OpenAQ live network,2026-08-23 07:00:00,2026-08-24 07:00:00,24,99.2,94.50109
170,28.451282,76.953846,1,7.085,133,CHHAWLA,6762.13098885096,OpenAQ live network,2026-08-23 07:00:00,2026-08-24 07:00:00,24,105.6,94.50109
171,28.451282,76.969231,1,5.581,133,CHHAWLA,7008.817489821112,OpenAQ live network,2026-08-23 07:00:00,2026-08-24 07:00:00,24,105.6,94.50109
172,28.451282,76.984615,1,4.078,133,CHHAWLA,7626.841603310977,OpenAQ live network,2026-08-23 07:00:00,2026-08-24 07:00:00,24,106.4,94.50109
173,28.451282,77.0,1,2.575,133,CHHAWLA,7939.268333987407,OpenAQ live network,2026-08-23 07:00:00,2026-08-24 07:00:00,24,125.7,118.319115
174,28.451282,77.015385,1,1.075,133,CHHAWLA,8043.32614163701,OpenAQ live network,2026-08-23 07:00:00,2026-08-24 07:00:00,24,37.0,39.118343
175,28.451282,77.030769,0,0.455,133,CHHAWLA,8336.429991376908,OpenAQ live network,2026-08-23 07:00:00,2026-08-24 07:00:00,24,67.6,62.2395
176,28.451282,77.046154,1,1.945,175,AYA NAGAR,7616.231887637156,OpenAQ live network,2026-08-23 07:00:00,2026-08-24 07:00:00,24,81.3,79.54444
177,28.451282,77.061538,1,3.218,175,AYA NAGAR,6026.529047421516,OpenAQ live network,2026-08-23 07:00:00,2026-08-24 07:00:00,24,59.8,62.04316
178,28.451282,77.076923,1,3.332,175,AYA NAGAR,4525.727793102924,OpenAQ live network,2026-08-23 07:00:00,2026-08-24 07:00:00,24,59.8,62.04316
179,28.451282,77.092308,1,4.046,175,AYA NAGAR,3114.08582314995,OpenAQ live network,2026-08-23 07:00:00,2026-08-24 07:00:00,24,82.4,80.19899
180,28.451282,77.107692,1,3.463,175,AYA NAGAR,1606.4772684142326,OpenAQ live network,2026-08-23 07:00:00,2026-08-24 07:00:00,24,64.5,55.548794
181,28.451282,77.123077,1,2.688,175,AYA NAGAR,0.0,OpenAQ live network,2026-08-23 07:00:00,2026-08-24 07:00:00,24,63.7,58.271717
182,28.451282,77.138462,1,2.642,175,AYA NAGAR,0.0,OpenAQ live network,2026-08-23 07:00:00,2026-08-24 07:00:00,24,65.2,77.8834
183,28.451282,77.153846,1,2.74,175,AYA NAGAR,0.0,OpenAQ live network,2026-08-23 07:00:00,2026-08-24 07:00:00,24,78.2,77.8834
184,28.451282,77.169231,1,3.454,176,BHATI,0.0,OpenAQ live network,2026-08-23 07:00:00,2026-08-24 07:00:00,24,57.5,58.271717
185,28.451282,77.184615,1,4.57,176,BHATI,0.0,OpenAQ live network,2026-08-23 07:00:00,2026-08-24 07:00:00,24,64.3,59.881107
186,28.451282,77.2,1,4.71,176,BHATI,0.0,OpenAQ live network,2026-08-23 07:00:00,2026-08-24 07:00:00,24,59.0,56.72261
187,28.451282,77.215385,1,4.909,176,BHATI,0.0,OpenAQ live network,2026-08-23 07:00:00,2026-08-24 07:00:00,24,79.2,69.67209
188,28.451282,77.230769,1,5.527,176,BHATI,0.0,OpenAQ live network,2026-08-23 07:00:00,2026-08-24 07:00:00,24,31.9,24.813847
189,28.451282,77.246154,1,5.566,176,BHATI,141.9856216165515,OpenAQ live network,2026-08-23 07:00:00,2026-08-24 07:00:00,24,28.5,22.62838
190,28.451282,77.261538,1,5.268,176,BHATI,1458.860773410033,OpenAQ live network,2026-08-23 07:00:00,2026-08-24 07:00:00,24,28.5,22.62838
191,28.451282,77.276923,1,4.506,176,BHATI,3061.6567269479,OpenAQ live network,2026-08-23 07:00:00,2026-08-24 07:00:00,24,63.5,65.290276
192,28.451282,77.292308,1,3.065,176,BHATI,4739.044232264171,OpenAQ live network,2026-08-23 07:00:00,2026-08-24 07:00:00,24,61.4,64.62068
193,28.451282,77.307692,1,1.735,204,MOLARBAND,4146.637309341934,OpenAQ live network,2026-08-23 07:00:00,2026-08-24 07:00:00,24,52.0,43.945957
194,28.451282,77.323077,1,1.074,204,MOLARBAND,4214.7359588565705,OpenAQ live network,2026-08-23 07:00:00,2026-08-24 07:00:00,24,69.5,57.94718
195,28.451282,77.338462,1,1.955,204,MOLARBAND,4876.3467528601295,OpenAQ live network,2026-08-23 07:00:00,2026-08-24 07:00:00,24,69.9,56.46097
196,28.451282,77.353846,1,3.319,202,MEETHEYPUR,5731.959322149047,OpenAQ live network,2026-08-23 07:00:00,2026-08-24 07:00:00,24,57.0,60.840263
197,28.451282,77.369231,1,4.768,202,MEETHEYPUR,6789.285269692207,OpenAQ live network,2026-08-23 07:00:00,2026-08-24 07:00:00,24,61.2,60.957916
198,28.451282,77.384615,1,6.243,202,MEETHEYPUR,8074.548988611763,OpenAQ live network,2026-08-23 07:00:00,2026-08-24 07:00:00,24,36.4,21.464796
199,28.451282,77.4,1,7.729,202,MEETHEYPUR,9495.771794431195,OpenAQ live network,2026-08-23 07:00:00,2026-08-24 07:00:00,24,111.2,97.19858
200,28.464103,76.8,1,17.604,133,CHHAWLA,10393.739776198288,OpenAQ live network,2026-08-23 07:00:00,2026-08-24 07:00:00,24,85.9,90.01389
201,28.464103,76.815385,1,16.519,133,CHHAWLA,8957.548963233752,OpenAQ live network,2026-08-23 07:00:00,2026-08-24 07:00:00,24,85.9,90.01389
202,28.464103,76.830769,1,15.504,133,CHHAWLA,7631.938351384004,OpenAQ live network,2026-08-23 07:00:00,2026-08-24 07:00:00,24,85.9,90.01389
203,28.464103,76.846154,1,14.573,133,CHHAWLA,6425.111958002321,OpenAQ live network,2026-08-23 07:00:00,2026-08-24 07:00:00,24,85.9,90.01389
204,28.464103,76.861538,1,13.744,133,CHHAWLA,5405.455241952723,OpenAQ live network,2026-08-23 07:00:00,2026-08-24 07:00:00,24,85.9,90.01389
205,28.464103,76.876923,1,13.036,133,CHHAWLA,4798.040937571319,OpenAQ live network,2026-08-23 07:00:00,2026-08-24 07:00:00,24,85.9,90.01389
206,28.464103,76.892308,1,12.47,133,CHHAWLA,4645.505095121628,OpenAQ live network,2026-08-23 07:00:00,2026-08-24 07:00:00,24,85.9,90.01389
207,28.464103,76.907692,1,11.699,133,CHHAWLA,4960.29439922333,OpenAQ live network,2026-08-23 07:00:00,2026-08-24 07:00:00,24,85.9,90.01389
208,28.464103,76.923077,1,10.211,133,CHHAWLA,5425.603111163108,OpenAQ live network,2026-08-23 07:00:00,2026-08-24 07:00:00,24,85.9,90.01389
209,28.464103,76.938462,1,8.727,133,CHHAWLA,5134.812052340943,OpenAQ live network,2026-08-23 07:00:00,2026-08-24 07:00:00,24,85.9,90.01389
210,28.464103,76.953846,1,7.252,133,CHHAWLA,5139.510686383935,OpenAQ live network,2026-08-23 07:00:00,2026-08-24 07:00:00,24,105.6,94.50109
211,28.464103,76.969231,1,5.792,133,CHHAWLA,5454.625817580744,OpenAQ live network,2026-08-23 07:00:00,2026-08-24 07:00:00,24,105.6,94.50109
212,28.464103,76.984615,1,4.362,133,CHHAWLA,6210.546859084579,OpenAQ live network,2026-08-23 07:00:00,2026-08-24 07:00:00,24,106.4,94.50109
213,28.464103,77.0,1,3.005,133,CHHAWLA,6332.176211974581,OpenAQ live network,2026-08-23 07:00:00,2026-08-24 07:00:00,24,125.4,118.319115
214,28.464103,77.015385,1,1.886,133,CHHAWLA,6424.624625340431,OpenAQ live network,2026-08-23 07:00:00,2026-08-24 07:00:00,24,124.7,116.00644
215,28.464103,77.030769,1,1.615,133,CHHAWLA,6787.987268470512,OpenAQ live network,2026-08-23 07:00:00,2026-08-24 07:00:00,24,37.1,39.118343
216,28.464103,77.046154,1,2.486,141,BIJWASAN,6289.558350435705,OpenAQ live network,2026-08-23 07:00:00,2026-08-24 07:00:00,24,57.2,52.055218
217,28.464103,77.061538,1,3.779,175,AYA NAGAR,5548.2367692847965,OpenAQ live network,2026-08-23 07:00:00,2026-08-24 07:00:00,24,66.2,62.2395
218,28.464103,77.076923,1,4.711,175,AYA NAGAR,3867.78199604517,OpenAQ live network,2026-08-23 07:00:00,2026-08-24 07:00:00,24,62.5,62.2395
219,28.464103,77.092308,1,4.004,175,AYA NAGAR,2236.713312241074,OpenAQ live network,2026-08-23 07:00:00,2026-08-24 07:00:00,24,74.8,39.118343
220,28.464103,77.107692,1,2.596,175,AYA NAGAR,776.4496874169547,OpenAQ live network,2026-08-23 07:00:00,2026-08-24 07:00:00,24,63.7,33.91729
221,28.464103,77.123077,1,1.404,175,AYA NAGAR,0.0,OpenAQ live network,2026-08-23 07:00:00,2026-08-24 07:00:00,24,42.7,55.548794
222,28.464103,77.138462,1,1.313,175,AYA NAGAR,0.0,OpenAQ live network,2026-08-23 07:00:00,2026-08-24 07:00:00,24,42.7,69.191246
223,28.464103,77.153846,1,2.45,175,AYA NAGAR,0.0,OpenAQ live network,2026-08-23 07:00:00,2026-08-24 07:00:00,24,63.9,69.191246
224,28.464103,77.169231,1,3.847,176,BHATI,0.0,OpenAQ live network,2026-08-23 07:00:00,2026-08-24 07:00:00,24,75.0,60.69001
225,28.464103,77.184615,1,3.659,176,BHATI,0.0,OpenAQ live network,2026-08-23 07:00:00,2026-08-24 07:00:00,24,77.0,72.23864
226,28.464103,77.2,1,3.285,176,BHATI,0.0,OpenAQ live network,2026-08-23 07:00:00,2026-08-24 07:00:00,24,60.9,58.313683
227,28.464103,77.215385,1,3.565,176,BHATI,0.0,OpenAQ live network,2026-08-23 07:00:00,2026-08-24 07:00:00,24,59.5,57.99385
228,28.464103,77.230769,1,4.376,177,SAID UL AJAIB,0.0,OpenAQ live network,2026-08-23 07:00:00,2026-08-24 07:00:00,24,62.1,60.69001
229,28.464103,77.246154,1,4.246,177,SAID UL AJAIB,1431.1073888816472,OpenAQ live network,2026-08-23 07:00:00,2026-08-24 07:00:00,24,78.1,80.23483
230,28.464103,77.261538,1,3.846,176,BHATI,2458.8673522682348,OpenAQ live network,2026-08-23 07:00:00,2026-08-24 07:00:00,24,76.0,74.835785
231,28.464103,77.276923,1,4.01,198,PUL PEHLAD,2938.838614555528,OpenAQ live network,2026-08-23 07:00:00,2026-08-24 07:00:00,24,78.1,80.23483
232,28.464103,77.292308,1,3.803,199,TEKHAND,3353.894949530852,OpenAQ live network,2026-08-23 07:00:00,2026-08-24 07:00:00,24,76.5,75.099
233,28.464103,77.307692,1,2.843,204,MOLARBAND,2560.1890334167774,OpenAQ live network,2026-08-23 07:00:00,2026-08-24 07:00:00,24,112.4,110.25718
234,28.464103,77.323077,1,2.495,204,MOLARBAND,2669.0758914799767,OpenAQ live network,2026-08-23 07:00:00,2026-08-24 07:00:00,24,76.3,75.119675
235,28.464103,77.338462,1,2.982,202,MEETHEYPUR,3503.994253263528,OpenAQ live network,2026-08-23 07:00:00,2026-08-24 07:00:00,24,62.6,64.62068
236,28.464103,77.353846,1,4.01,202,MEETHEYPUR,4432.875071993452,OpenAQ live network,2026-08-23 07:00:00,2026-08-24 07:00:00,24,79.4,77.61945
237,28.464103,77.369231,1,5.272,202,MEETHEYPUR,5734.929660108237,OpenAQ live network,2026-08-23 07:00:00,2026-08-24 07:00:00,24,36.4,21.464796
238,28.464103,77.384615,1,6.636,202,MEETHEYPUR,7210.642488892432,OpenAQ live network,2026-08-23 07:00:00,2026-08-24 07:00:00,24,38.8,29.176752
239,28.464103,77.4,1,8.05,202,MEETHEYPUR,8647.764309351938,OpenAQ live network,2026-08-23 07:00:00,2026-08-24 07:00:00,24,110.9,97.19858
240,28.476923,76.8,1,16.682,133,CHHAWLA,9675.628342400363,OpenAQ live network,2026-08-23 07:00:00,2026-08-24 07:00:00,24,85.9,90.01389
241,28.476923,76.815385,1,15.533,133,CHHAWLA,8113.300235641772,OpenAQ live network,2026-08-23 07:00:00,2026-08-24 07:00:00,24,85.9,90.01389
242,28.476923,76.830769,1,14.449,133,CHHAWLA,6625.788606716572,OpenAQ live network,2026-08-23 07:00:00,2026-08-24 07:00:00,24,85.9,90.01389
243,28.476923,76.846154,1,13.445,133,CHHAWLA,5273.092130241979,OpenAQ live network,2026-08-23 07:00:00,2026-08-24 07:00:00,24,85.9,90.01389
244,28.476923,76.861538,1,12.542,133,CHHAWLA,4072.616715980215,OpenAQ live network,2026-08-23 07:00:00,2026-08-24 07:00:00,24,85.9,90.01389
245,28.476923,76.876923,1,11.762,133,CHHAWLA,3223.112995403289,OpenAQ live network,2026-08-23 07:00:00,2026-08-24 07:00:00,24,85.9,90.01389
246,28.476923,76.892308,1,11.132,133,CHHAWLA,3022.0939220944947,OpenAQ live network,2026-08-23 07:00:00,2026-08-24 07:00:00,24,85.9,90.01389
247,28.476923,76.907692,1,10.677,133,CHHAWLA,3482.5240526840207,OpenAQ live network,2026-08-23 07:00:00,2026-08-24 07:00:00,24,85.9,90.01389
248,28.476923,76.923077,1,10.421,133,CHHAWLA,3804.786408561959,OpenAQ live network,2026-08-23 07:00:00,2026-08-24 07:00:00,24,85.9,90.01389
249,28.476923,76.938462,1,9.089,133,CHHAWLA,3523.997640773779,OpenAQ live network,2026-08-23 07:00:00,2026-08-24 07:00:00,24,85.9,90.01389
250,28.476923,76.953846,1,7.684,133,CHHAWLA,3517.481266096887,OpenAQ live network,2026-08-23 07:00:00,2026-08-24 07:00:00,24,93.1,90.01389
251,28.476923,76.969231,1,6.325,133,CHHAWLA,3956.3370300069,OpenAQ live network,2026-08-23 07:00:00,2026-08-24 07:00:00,24,94.6,90.01389
252,28.476923,76.984615,1,5.049,133,CHHAWLA,4683.2414482696495,OpenAQ live network,2026-08-23 07:00:00,2026-08-24 07:00:00,24,105.7,94.50109
253,28.476923,77.0,1,3.936,133,CHHAWLA,4736.139225049713,OpenAQ live network,2026-08-23 07:00:00,2026-08-24 07:00:00,24,106.4,94.50109
254,28.476923,77.015385,1,3.165,133,CHHAWLA,4809.009467541707,OpenAQ live network,2026-08-23 07:00:00,2026-08-24 07:00:00,24,125.4,118.319115
255,28.476923,77.030769,1,3.012,133,CHHAWLA,5284.651515406938,OpenAQ live network,2026-08-23 07:00:00,2026-08-24 07:00:00,24,125.4,118.319115
256,28.476923,77.046154,1,3.556,141,BIJWASAN,4726.469976739832,OpenAQ live network,2026-08-23 07:00:00,2026-08-24 07:00:00,24,37.4,39.118343
257,28.476923,77.061538,1,4.554,141,BIJWASAN,4467.1077562792525,OpenAQ live network,2026-08-23 07:00:00,2026-08-24 07:00:00,24,37.4,39.118343
258,28.476923,77.076923,1,5.353,175,AYA NAGAR,3833.334752492484,OpenAQ live network,2026-08-23 07:00:00,2026-08-24 07:00:00,24,38.0,39.118343
259,28.476923,77.092308,1,3.852,175,AYA NAGAR,2176.6038217580813,OpenAQ live network,2026-08-23 07:00:00,2026-08-24 07:00:00,24,74.4,39.118343
260,28.476923,77.107692,1,2.356,175,AYA NAGAR,689.7006850355848,OpenAQ live network,2026-08-23 07:00:00,2026-08-24 07:00:00,24,80.3,34.964493
261,28.476923,77.123077,1,0.885,175,AYA NAGAR,0.0,OpenAQ live network,2026-08-23 07:00:00,2026-08-24 07:00:00,24,101.5,33.91729
262,28.476923,77.138462,0,0.733,175,AYA NAGAR,0.0,OpenAQ live network,2026-08-23 07:00:00,2026-08-24 07:00:00,24,102.7,33.91729
263,28.476923,77.153846,1,2.194,175,AYA NAGAR,0.0,OpenAQ live network,2026-08-23 07:00:00,2026-08-24 07:00:00,24,106.2,69.67209
264,28.476923,77.169231,1,3.631,176,BHATI,0.0,OpenAQ live network,2026-08-23 07:00:00,2026-08-24 07:00:00,24,59.5,57.99385
265,28.476923,77.184615,1,2.462,176,BHATI,0.0,OpenAQ live network,2026-08-23 07:00:00,2026-08-24 07:00:00,24,67.7,64.49024
266,28.476923,77.2,1,1.861,176,BHATI,0.0,OpenAQ live network,2026-08-23 07:00:00,2026-08-24 07:00:00,24,64.5,57.087093
267,28.476923,77.215385,1,2.32,177,SAID UL AJAIB,0.0,OpenAQ live network,2026-08-23 07:00:00,2026-08-24 07:00:00,24,66.2,59.124966
268,28.476923,77.230769,1,3.439,177,SAID UL AJAIB,0.0,OpenAQ live network,2026-08-23 07:00:00,2026-08-24 07:00:00,24,60.9,58.313683
269,28.476923,77.246154,1,3.021,177,SAID UL AJAIB,195.05824646705383,OpenAQ live network,2026-08-23 07:00:00,2026-08-24 07:00:00,24,56.6,57.2125
270,28.476923,77.261538,1,2.429,186,SANGAM VIHAR WEST,997.9171952536752,OpenAQ live network,2026-08-23 07:00:00,2026-08-24 07:00:00,24,76.2,70.114876
271,28.476923,77.276923,1,2.681,198,PUL PEHLAD,1379.6586360565807,OpenAQ live network,2026-08-23 07:00:00,2026-08-24 07:00:00,24,69.1,67.714905
272,28.476923,77.292308,1,3.606,199,TEKHAND,1842.637893123186,OpenAQ live network,2026-08-23 07:00:00,2026-08-24 07:00:00,24,59.7,60.748714
273,28.476923,77.307692,1,4.149,204,MOLARBAND,1088.6471463753455,OpenAQ live network,2026-08-23 07:00:00,2026-08-24 07:00:00,24,77.5,77.61945
274,28.476923,77.323077,1,3.919,204,MOLARBAND,1217.527126590035,OpenAQ live network,2026-08-23 07:00:00,2026-08-24 07:00:00,24,76.5,75.099
275,28.476923,77.338462,1,4.246,202,MEETHEYPUR,2084.1080059137885,OpenAQ live network,2026-08-23 07:00:00,2026-08-24 07:00:00,24,78.6,77.61945
276,28.476923,77.353846,1,5.021,202,MEETHEYPUR,3422.8514220326715,OpenAQ live network,2026-08-23 07:00:00,2026-08-24 07:00:00,24,51.5,39.677814
277,28.476923,77.369231,1,6.077,202,MEETHEYPUR,4902.565052991048,OpenAQ live network,2026-08-23 07:00:00,2026-08-24 07:00:00,24,36.4,21.464796
278,28.476923,77.384615,1,7.292,201,JAITPUR,6313.079730852593,OpenAQ live network,2026-08-23 07:00:00,2026-08-24 07:00:00,24,111.2,97.19858
279,28.476923,77.4,1,8.598,201,JAITPUR,7618.143328794792,OpenAQ live network,2026-08-23 07:00:00,2026-08-24 07:00:00,24,73.8,70.30996
280,28.489744,76.8,1,15.769,140,KHERA,9163.103228730908,OpenAQ live network,2026-08-23 07:00:00,2026-08-24 07:00:00,24,68.5,70.28176
281,28.489744,76.815385,1,14.619,133,CHHAWLA,7528.844119565959,OpenAQ live network,2026-08-23 07:00:00,2026-08-24 07:00:00,24,85.9,90.01389
282,28.489744,76.830769,1,13.462,133,CHHAWLA,5895.670252308318,OpenAQ live network,2026-08-23 07:00:00,2026-08-24 07:00:00,24,85.9,90.01389
283,28.489744,76.846154,1,12.379,133,CHHAWLA,4324.244259673882,OpenAQ live network,2026-08-23 07:00:00,2026-08-24 07:00:00,24,85.9,90.01389
284,28.489744,76.861538,1,11.391,133,CHHAWLA,2914.7139973139224,OpenAQ live network,2026-08-23 07:00:00,2026-08-24 07:00:00,24,85.9,90.01389
285,28.489744,76.876923,1,10.527,133,CHHAWLA,1739.5311109624588,OpenAQ live network,2026-08-23 07:00:00,2026-08-24 07:00:00,24,85.9,90.01389
286,28.489744,76.892308,1,9.817,133,CHHAWLA,1398.453869173061,OpenAQ live network,2026-08-23 07:00:00,2026-08-24 07:00:00,24,85.9,90.01389
287,28.489744,76.907692,1,9.299,133,CHHAWLA,2201.138180556866,OpenAQ live network,2026-08-23 07:00:00,2026-08-24 07:00:00,24,85.9,90.01389
288,28.489744,76.923077,1,9.004,133,CHHAWLA,2187.559479059704,OpenAQ live network,2026-08-23 07:00:00,2026-08-24 07:00:00,24,85.9,90.01389
289,28.489744,76.938462,1,8.955,133,CHHAWLA,1934.1179618049584,OpenAQ live network,2026-08-23 07:00:00,2026-08-24 07:00:00,24,85.9,90.01389
290,28.489744,76.953846,1,8.341,133,CHHAWLA,1897.5638073170448,OpenAQ live network,2026-08-23 07:00:00,2026-08-24 07:00:00,24,91.4,90.01389
291,28.489744,76.969231,1,7.109,133,CHHAWLA,2564.209298607232,OpenAQ live network,2026-08-23 07:00:00,2026-08-24 07:00:00,24,93.1,90.01389
292,28.489744,76.984615,1,6.001,133,CHHAWLA,3088.131588691498,OpenAQ live network,2026-08-23 07:00:00,2026-08-24 07:00:00,24,94.6,90.01389
293,28.489744,77.0,1,5.101,133,CHHAWLA,3167.77856002246,OpenAQ live network,2026-08-23 07:00:00,2026-08-24 07:00:00,24,105.7,94.50109
294,28.489744,77.015385,1,4.533,133,CHHAWLA,3201.0143928053594,OpenAQ live network,2026-08-23 07:00:00,2026-08-24 07:00:00,24,105.3,94.50109
295,28.489744,77.030769,1,4.427,141,BIJWASAN,3809.109139156057,OpenAQ live network,2026-08-23 07:00:00,2026-08-24 07:00:00,24,125.4,118.319115
296,28.489744,77.046154,1,4.814,141,BIJWASAN,3192.789830903352,OpenAQ live network,2026-08-23 07:00:00,2026-08-24 07:00:00,24,125.4,118.319115
297,28.489744,77.061538,1,5.592,141,BIJWASAN,2843.4066813070262,OpenAQ live network,2026-08-23 07:00:00,2026-08-24 07:00:00,24,95.8,118.319115
298,28.489744,77.076923,1,5.615,172,KISHANGARH,3000.079590631084,OpenAQ live network,2026-08-23 07:00:00,2026-08-24 07:00:00,24,38.1,118.319115
299,28.489744,77.092308,1,4.209,172,KISHANGARH,1982.0482018242,OpenAQ live network,2026-08-23 07:00:00,2026-08-24 07:00:00,24,76.0,99.363655
300,28.489744,77.107692,1,2.903,175,AYA NAGAR,1195.178429876803,OpenAQ live network,2026-08-23 07:00:00,2026-08-24 07:00:00,24,51.0,41.45987
301,28.489744,77.123077,1,1.913,174,CHHATARPUR,0.0,OpenAQ live network,2026-08-23 07:00:00,2026-08-24 07:00:00,24,79.3,74.028534
302,28.489744,77.138462,1,1.847,174,CHHATARPUR,0.0,OpenAQ live network,2026-08-23 07:00:00,2026-08-24 07:00:00,24,80.1,86.98468
303,28.489744,77.153846,1,2.773,174,CHHATARPUR,0.0,OpenAQ live network,2026-08-23 07:00:00,2026-08-24 07:00:00,24,64.8,86.98468
304,28.489744,77.169231,1,3.15,176,BHATI,0.0,OpenAQ live network,2026-08-23 07:00:00,2026-08-24 07:00:00,24,61.1,58.313683
305,28.489744,77.184615,1,1.673,174,CHHATARPUR,0.0,OpenAQ live network,2026-08-23 07:00:00,2026-08-24 07:00:00,24,56.4,45.499718
306,28.489744,77.2,0,0.446,173,DEOLI,0.0,OpenAQ live network,2026-08-23 07:00:00,2026-08-24 07:00:00,24,88.1,72.63621
307,28.489744,77.215385,1,1.456,173,DEOLI,0.0,OpenAQ live network,2026-08-23 07:00:00,2026-08-24 07:00:00,24,32.8,24.956123
308,28.489744,77.230769,1,2.926,178,SANGAM VIHAR,0.0,OpenAQ live network,2026-08-23 07:00:00,2026-08-24 07:00:00,24,61.1,56.61604
309,28.489744,77.246154,1,2.073,187,SANGAM VIHAR CENTRAL,0.0,OpenAQ live network,2026-08-23 07:00:00,2026-08-24 07:00:00,24,66.8,56.659256
310,28.489744,77.261538,1,1.033,188,SANGAM VIHAR EAST,0.0,OpenAQ live network,2026-08-23 07:00:00,2026-08-24 07:00:00,24,64.3,59.004406
311,28.489744,77.276923,1,1.535,198,PUL PEHLAD,392.4478487044416,OpenAQ live network,2026-08-23 07:00:00,2026-08-24 07:00:00,24,35.9,33.966766
312,28.489744,77.292308,1,2.858,198,PUL PEHLAD,631.6834475399306,OpenAQ live network,2026-08-23 07:00:00,2026-08-24 07:00:00,24,97.4,96.22947
313,28.489744,77.307692,1,4.301,203,BADAR PUR,0.0,OpenAQ live network,2026-08-23 07:00:00,2026-08-24 07:00:00,24,78.1,80.23483
314,28.489744,77.323077,1,5.344,202,MEETHEYPUR,0.0,OpenAQ live network,2026-08-23 07:00:00,2026-08-24 07:00:00,24,30.8,21.464796
315,28.489744,77.338462,1,5.588,202,MEETHEYPUR,1170.809406177082,OpenAQ live network,2026-08-23 07:00:00,2026-08-24 07:00:00,24,30.8,21.464796
316,28.489744,77.353846,1,6.198,202,MEETHEYPUR,2570.0242235795536,OpenAQ live network,2026-08-23 07:00:00,2026-08-24 07:00:00,24,36.4,21.464796
317,28.489744,77.369231,1,7.08,201,JAITPUR,3956.704749276504,OpenAQ live network,2026-08-23 07:00:00,2026-08-24 07:00:00,24,111.0,97.19858
318,28.489744,77.384615,1,8.146,201,JAITPUR,5278.903878971587,OpenAQ live network,2026-08-23 07:00:00,2026-08-24 07:00:00,24,110.9,97.19858
319,28.489744,77.4,1,8.859,201,JAITPUR,6762.698651092015,OpenAQ live network,2026-08-23 07:00:00,2026-08-24 07:00:00,24,104.6,101.098755
320,28.502564,76.8,1,14.752,140,KHERA,7870.780588570802,OpenAQ live network,2026-08-23 07:00:00,2026-08-24 07:00:00,24,68.5,70.28176
321,28.502564,76.815385,1,13.702,140,KHERA,6876.083937617143,OpenAQ live network,2026-08-23 07:00:00,2026-08-24 07:00:00,24,68.5,70.28176
322,28.502564,76.830769,1,12.559,133,CHHAWLA,5557.879304326395,OpenAQ live network,2026-08-23 07:00:00,2026-08-24 07:00:00,24,85.9,90.01389
323,28.502564,76.846154,1,11.391,133,CHHAWLA,3850.997670062778,OpenAQ live network,2026-08-23 07:00:00,2026-08-24 07:00:00,24,85.9,90.01389
324,28.502564,76.861538,1,10.31,133,CHHAWLA,2153.406190494935,OpenAQ live network,2026-08-23 07:00:00,2026-08-24 07:00:00,24,85.9,90.01389
325,28.502564,76.876923,1,9.346,133,CHHAWLA,556.2167517535196,OpenAQ live network,2026-08-23 07:00:00,2026-08-24 07:00:00,24,85.9,90.01389
326,28.502564,76.892308,1,8.539,133,CHHAWLA,0.0,OpenAQ live network,2026-08-23 07:00:00,2026-08-24 07:00:00,24,86.8,92.190956
327,28.502564,76.907692,1,7.937,133,CHHAWLA,987.4546407437234,OpenAQ live network,2026-08-23 07:00:00,2026-08-24 07:00:00,24,117.5,105.88711
328,28.502564,76.923077,1,7.59,133,CHHAWLA,599.1516393333015,OpenAQ live network,2026-08-23 07:00:00,2026-08-24 07:00:00,24,117.7,105.88711
329,28.502564,76.938462,1,7.532,133,CHHAWLA,461.66545739851904,OpenAQ live network,2026-08-23 07:00:00,2026-08-24 07:00:00,24,117.7,105.88711
330,28.502564,76.953846,1,7.77,133,CHHAWLA,292.34764574405165,OpenAQ live network,2026-08-23 07:00:00,2026-08-24 07:00:00,24,117.7,105.88711
331,28.502564,76.969231,1,8.07,133,CHHAWLA,1316.8822923125383,OpenAQ live network,2026-08-23 07:00:00,2026-08-24 07:00:00,24,117.4,105.88711
332,28.502564,76.984615,1,7.114,133,CHHAWLA,1553.4145261302194,OpenAQ live network,2026-08-23 07:00:00,2026-08-24 07:00:00,24,93.1,90.01389
333,28.502564,77.0,1,6.373,133,CHHAWLA,1706.378465598886,OpenAQ live network,2026-08-23 07:00:00,2026-08-24 07:00:00,24,94.6,90.01389
334,28.502564,77.015385,1,5.928,133,CHHAWLA,1624.6517851206593,OpenAQ live network,2026-08-23 07:00:00,2026-08-24 07:00:00,24,105.6,94.50109
335,28.502564,77.030769,1,5.847,141,BIJWASAN,2467.213386805731,OpenAQ live network,2026-08-23 07:00:00,2026-08-24 07:00:00,24,105.6,94.50109
336,28.502564,77.046154,1,6.145,141,BIJWASAN,1710.9710897709544,OpenAQ live network,2026-08-23 07:00:00,2026-08-24 07:00:00,24,72.6,94.50109
337,28.502564,77.061538,1,6.772,141,BIJWASAN,1219.833789891872,OpenAQ live network,2026-08-23 07:00:00,2026-08-24 07:00:00,24,94.9,94.50109
338,28.502564,77.076923,1,6.202,141,BIJWASAN,1612.6438006460714,OpenAQ live network,2026-08-23 07:00:00,2026-08-24 07:00:00,24,38.0,99.363655
339,28.502564,77.092308,1,4.965,172,KISHANGARH,651.734622961393,OpenAQ live network,2026-08-23 07:00:00,2026-08-24 07:00:00,24,84.1,41.45987
340,28.502564,77.107692,1,3.92,172,KISHANGARH,0.0,OpenAQ live network,2026-08-23 07:00:00,2026-08-24 07:00:00,24,74.4,74.028534
341,28.502564,77.123077,1,3.256,172,KISHANGARH,0.0,OpenAQ live network,2026-08-23 07:00:00,2026-08-24 07:00:00,24,65.1,87.33757
342,28.502564,77.138462,1,2.875,172,KISHANGARH,0.0,OpenAQ live network,2026-08-23 07:00:00,2026-08-24 07:00:00,24,46.0,43.467037
343,28.502564,77.153846,1,2.709,172,KISHANGARH,0.0,OpenAQ live network,2026-08-23 07:00:00,2026-08-24 07:00:00,24,73.0,72.19242
344,28.502564,77.169231,1,3.275,174,CHHATARPUR,0.0,OpenAQ live network,2026-08-23 07:00:00,2026-08-24 07:00:00,24,60.9,58.313683
345,28.502564,77.184615,1,1.898,174,CHHATARPUR,0.0,OpenAQ live network,2026-08-23 07:00:00,2026-08-24 07:00:00,24,65.6,57.087093
346,28.502564,77.2,1,1.001,173,DEOLI,0.0,OpenAQ live network,2026-08-23 07:00:00,2026-08-24 07:00:00,24,58.5,50.342545
347,28.502564,77.215385,1,1.709,173,DEOLI,0.0,OpenAQ live network,2026-08-23 07:00:00,2026-08-24 07:00:00,24,47.5,41.05764
348,28.502564,77.230769,1,3.06,179,TIGRI,0.0,OpenAQ live network,2026-08-23 07:00:00,2026-08-24 07:00:00,24,61.1,56.61604
349,28.502564,77.246154,1,1.879,186,SANGAM VIHAR WEST,0.0,OpenAQ live network,2026-08-23 07:00:00,2026-08-24 07:00:00,24,66.8,56.659256
350,28.502564,77.261538,0,0.549,188,SANGAM VIHAR EAST,0.0,OpenAQ live network,2026-08-23 07:00:00,2026-08-24 07:00:00,24,92.7,92.32425
351,28.502564,77.276923,1,1.261,198,PUL PEHLAD,0.0,OpenAQ live network,2026-08-23 07:00:00,2026-08-24 07:00:00,24,56.9,51.53649
352,28.502564,77.292308,1,2.721,197,TUGHLAKABAD,0.0,OpenAQ live network,2026-08-23 07:00:00,2026-08-24 07:00:00,24,69.1,67.714905
353,28.502564,77.307692,1,4.211,203,BADAR PUR,0.0,OpenAQ live network,2026-08-23 07:00:00,2026-08-24 07:00:00,24,78.1,80.23483
354,28.502564,77.323077,1,4.692,202,MEETHEYPUR,0.0,OpenAQ live network,2026-08-23 07:00:00,2026-08-24 07:00:00,24,59.9,63.759167
355,28.502564,77.338462,1,4.925,201,JAITPUR,302.6638200029745,OpenAQ live network,2026-08-23 07:00:00,2026-08-24 07:00:00,24,87.1,77.881584
356,28.502564,77.353846,1,5.57,201,JAITPUR,1603.640934981298,OpenAQ live network,2026-08-23 07:00:00,2026-08-24 07:00:00,24,34.3,40.03267
357,28.502564,77.369231,1,6.504,201,JAITPUR,2972.806890661975,OpenAQ live network,2026-08-23 07:00:00,2026-08-24 07:00:00,24,34.3,40.03267
358,28.502564,77.384615,1,7.468,201,JAITPUR,4564.856595588431,OpenAQ live network,2026-08-23 07:00:00,2026-08-24 07:00:00,24,128.1,119.68883
359,28.502564,77.4,1,7.437,207,MADANPUR KHADAR,6195.584697893336,OpenAQ live network,2026-08-23 07:00:00,2026-08-24 07:00:00,24,128.1,119.68883
360,28.515385,76.8,1,13.807,140,KHERA,6702.034061880952,OpenAQ live network,2026-08-23 07:00:00,2026-08-24 07:00:00,24,68.5,70.28176
361,28.515385,76.815385,1,12.68,140,KHERA,5529.031519642083,OpenAQ live network,2026-08-23 07:00:00,2026-08-24 07:00:00,24,68.5,70.28176
362,28.515385,76.830769,1,11.638,140,KHERA,4662.217487654459,OpenAQ live network,2026-08-23 07:00:00,2026-08-24 07:00:00,24,68.5,70.28176
363,28.515385,76.846154,1,10.505,140,KHERA,3506.125591405842,OpenAQ live network,2026-08-23 07:00:00,2026-08-24 07:00:00,24,85.9,90.01389
364,28.515385,76.861538,1,9.321,133,CHHAWLA,2111.426985752206,OpenAQ live network,2026-08-23 07:00:00,2026-08-24 07:00:00,24,85.9,90.01389
365,28.515385,76.876923,1,8.243,133,CHHAWLA,804.6923866124206,OpenAQ live network,2026-08-23 07:00:00,2026-08-24 07:00:00,24,117.4,105.88711
366,28.515385,76.892308,1,7.315,133,CHHAWLA,0.0,OpenAQ live network,2026-08-23 07:00:00,2026-08-24 07:00:00,24,117.7,105.88711
367,28.515385,76.907692,1,6.603,133,CHHAWLA,0.0,OpenAQ live network,2026-08-23 07:00:00,2026-08-24 07:00:00,24,37.7,40.202415
368,28.515385,76.923077,1,6.181,133,CHHAWLA,0.0,OpenAQ live network,2026-08-23 07:00:00,2026-08-24 07:00:00,24,34.2,39.331467
369,28.515385,76.938462,1,6.109,133,CHHAWLA,0.0,OpenAQ live network,2026-08-23 07:00:00,2026-08-24 07:00:00,24,34.2,39.331467
370,28.515385,76.953846,1,6.4,133,CHHAWLA,0.0,OpenAQ live network,2026-08-23 07:00:00,2026-08-24 07:00:00,24,34.2,39.331467
371,28.515385,76.969231,1,7.008,133,CHHAWLA,0.0,OpenAQ live network,2026-08-23 07:00:00,2026-08-24 07:00:00,24,117.7,105.88711
372,28.515385,76.984615,1,7.861,133,CHHAWLA,106.10118614918068,OpenAQ live network,2026-08-23 07:00:00,2026-08-24 07:00:00,24,117.7,105.88711
373,28.515385,77.0,1,7.699,133,CHHAWLA,303.09864623965905,OpenAQ live network,2026-08-23 07:00:00,2026-08-24 07:00:00,24,93.1,90.01389
374,28.515385,77.015385,1,7.335,133,CHHAWLA,370.74686135536695,OpenAQ live network,2026-08-23 07:00:00,2026-08-24 07:00:00,24,93.1,90.01389
375,28.515385,77.030769,1,7.27,133,CHHAWLA,1692.513978188172,OpenAQ live network,2026-08-23 07:00:00,2026-08-24 07:00:00,24,76.6,84.53094
376,28.515385,77.046154,1,6.679,141,BIJWASAN,151.97839562792265,OpenAQ live network,2026-08-23 07:00:00,2026-08-24 07:00:00,24,74.4,73.03511
377,28.515385,77.061538,1,5.888,141,BIJWASAN,0.0,OpenAQ live network,2026-08-23 07:00:00,2026-08-24 07:00:00,24,96.2,73.03511
378,28.515385,77.076923,1,5.234,143,KAPASHERA,396.7896143606461,OpenAQ live network,2026-08-23 07:00:00,2026-08-24 07:00:00,24,43.7,99.363655
379,28.515385,77.092308,1,4.964,143,KAPASHERA,0.0,OpenAQ live network,2026-08-23 07:00:00,2026-08-24 07:00:00,24,41.3,41.45987
380,28.515385,77.107692,1,4.252,172,KISHANGARH,0.0,OpenAQ live network,2026-08-23 07:00:00,2026-08-24 07:00:00,24,87.8,86.98468
381,28.515385,77.123077,1,2.849,172,KISHANGARH,0.0,OpenAQ live network,2026-08-23 07:00:00,2026-08-24 07:00:00,24,103.6,103.75979
382,28.515385,77.138462,1,1.636,172,KISHANGARH,0.0,OpenAQ live network,2026-08-23 07:00:00,2026-08-24 07:00:00,24,73.0,69.78272
383,28.515385,77.153846,1,1.324,172,KISHANGARH,0.0,OpenAQ live network,2026-08-23 07:00:00,2026-08-24 07:00:00,24,40.2,39.036186
384,28.515385,77.169231,1,2.312,169,LADOSARAI,0.0,OpenAQ live network,2026-08-23 07:00:00,2026-08-24 07:00:00,24,87.4,87.722916
385,28.515385,77.184615,1,1.856,170,MEHRAULI,0.0,OpenAQ live network,2026-08-23 07:00:00,2026-08-24 07:00:00,24,74.4,76.56481
386,28.515385,77.2,1,2.019,173,DEOLI,0.0,OpenAQ live network,2026-08-23 07:00:00,2026-08-24 07:00:00,24,74.4,76.56481
387,28.515385,77.215385,1,2.791,181,KHANPUR,0.0,OpenAQ live network,2026-08-23 07:00:00,2026-08-24 07:00:00,24,67.5,64.49024
388,28.515385,77.230769,1,3.772,181,KHANPUR,0.0,OpenAQ live network,2026-08-23 07:00:00,2026-08-24 07:00:00,24,77.0,72.23864
389,28.515385,77.246154,1,2.613,185,TUGHLAKABAD EXTN,0.0,OpenAQ live network,2026-08-23 07:00:00,2026-08-24 07:00:00,24,69.1,67.714905
390,28.515385,77.261538,1,1.897,197,TUGHLAKABAD,0.0,OpenAQ live network,2026-08-23 07:00:00,2026-08-24 07:00:00,24,66.8,56.659256
391,28.515385,77.276923,1,1.8,197,TUGHLAKABAD,0.0,OpenAQ live network,2026-08-23 07:00:00,2026-08-24 07:00:00,24,71.1,69.01327
392,28.515385,77.292308,1,2.676,199,TEKHAND,0.0,OpenAQ live network,2026-08-23 07:00:00,2026-08-24 07:00:00,24,67.9,73.83968
393,28.515385,77.307692,1,3.598,207,MADANPUR KHADAR,0.0,OpenAQ live network,2026-08-23 07:00:00,2026-08-24 07:00:00,24,65.5,66.92921
394,28.515385,77.323077,1,3.266,201,JAITPUR,0.0,OpenAQ live network,2026-08-23 07:00:00,2026-08-24 07:00:00,24,61.1,66.785416
395,28.515385,77.338462,1,3.594,201,JAITPUR,0.0,OpenAQ live network,2026-08-23 07:00:00,2026-08-24 07:00:00,24,65.5,66.92921
396,28.515385,77.353846,1,4.436,207,MADANPUR KHADAR,813.5489464921009,OpenAQ live network,2026-08-23 07:00:00,2026-08-24 07:00:00,24,68.4,68.0915
397,28.515385,77.369231,1,5.564,207,MADANPUR KHADAR,2472.891000821972,OpenAQ live network,2026-08-23 07:00:00,2026-08-24 07:00:00,24,34.3,40.03267
398,28.515385,77.384615,1,6.055,207,MADANPUR KHADAR,4175.374840283835,OpenAQ live network,2026-08-23 07:00:00,2026-08-24 07:00:00,24,27.2,27.943388
399,28.515385,77.4,1,6.017,207,MADANPUR KHADAR,5881.62925899595,OpenAQ live network,2026-08-23 07:00:00,2026-08-24 07:00:00,24,27.2,27.943388
400,28.528205,76.8,1,12.951,140,KHERA,5758.541025341403,OpenAQ live network,2026-08-23 07:00:00,2026-08-24 07:00:00,24,68.5,70.28176
401,28.528205,76.815385,1,11.742,140,KHERA,4344.097985662078,OpenAQ live network,2026-08-23 07:00:00,2026-08-24 07:00:00,24,68.5,70.28176
402,28.528205,76.830769,1,10.608,140,KHERA,3209.580318763118,OpenAQ live network,2026-08-23 07:00:00,2026-08-24 07:00:00,24,68.5,70.28176
403,28.528205,76.846154,1,9.577,140,KHERA,2570.7676587482947,OpenAQ live network,2026-08-23 07:00:00,2026-08-24 07:00:00,24,68.5,70.28176
404,28.528205,76.861538,1,8.458,140,KHERA,1146.4980532049417,OpenAQ live network,2026-08-23 07:00:00,2026-08-24 07:00:00,24,86.7,92.190956
405,28.528205,76.876923,1,7.253,133,CHHAWLA,0.0,OpenAQ live network,2026-08-23 07:00:00,2026-08-24 07:00:00,24,117.7,105.88711
406,28.528205,76.892308,1,6.178,133,CHHAWLA,0.0,OpenAQ live network,2026-08-23 07:00:00,2026-08-24 07:00:00,24,34.2,39.331467
407,28.528205,76.907692,1,5.316,133,CHHAWLA,0.0,OpenAQ live network,2026-08-23 07:00:00,2026-08-24 07:00:00,24,34.2,39.331467
408,28.528205,76.923077,1,4.782,133,CHHAWLA,0.0,OpenAQ live network,2026-08-23 07:00:00,2026-08-24 07:00:00,24,59.2,63.269737
409,28.528205,76.938462,1,4.689,133,CHHAWLA,0.0,OpenAQ live network,2026-08-23 07:00:00,2026-08-24 07:00:00,24,59.2,63.269737
410,28.528205,76.953846,1,5.062,133,CHHAWLA,0.0,OpenAQ live network,2026-08-23 07:00:00,2026-08-24 07:00:00,24,34.3,39.331467
411,28.528205,76.969231,1,5.812,133,CHHAWLA,0.0,OpenAQ live network,2026-08-23 07:00:00,2026-08-24 07:00:00,24,34.2,39.331467
412,28.528205,76.984615,1,6.815,133,CHHAWLA,0.0,OpenAQ live network,2026-08-23 07:00:00,2026-08-24 07:00:00,24,109.5,105.61623
413,28.528205,77.0,1,7.977,133,CHHAWLA,0.0,OpenAQ live network,2026-08-23 07:00:00,2026-08-24 07:00:00,24,117.4,105.88711
414,28.528205,77.015385,1,7.29,133,CHHAWLA,501.8595533187486,OpenAQ live network,2026-08-23 07:00:00,2026-08-24 07:00:00,24,96.8,84.53094
415,28.528205,77.030769,1,6.23,141,BIJWASAN,398.0606555214552,OpenAQ live network,2026-08-23 07:00:00,2026-08-24 07:00:00,24,98.6,84.53094
416,28.528205,77.046154,1,5.385,141,BIJWASAN,0.0,OpenAQ live network,2026-08-23 07:00:00,2026-08-24 07:00:00,24,96.2,84.53094
417,28.528205,77.061538,1,4.749,143,KAPASHERA,0.0,OpenAQ live network,2026-08-23 07:00:00,2026-08-24 07:00:00,24,43.6,72.11529
418,28.528205,77.076923,1,3.909,143,KAPASHERA,0.0,OpenAQ live network,2026-08-23 07:00:00,2026-08-24 07:00:00,24,45.5,99.363655
419,28.528205,77.092308,1,3.539,143,KAPASHERA,0.0,OpenAQ live network,2026-08-23 07:00:00,2026-08-24 07:00:00,24,61.2,41.45987
420,28.528205,77.107692,1,3.78,172,KISHANGARH,0.0,OpenAQ live network,2026-08-23 07:00:00,2026-08-24 07:00:00,24,77.6,86.98468
421,28.528205,77.123077,1,2.568,144,MAHIPALPUR,0.0,OpenAQ live network,2026-08-23 07:00:00,2026-08-24 07:00:00,24,73.1,72.19242
422,28.528205,77.138462,1,1.074,144,MAHIPALPUR,0.0,OpenAQ live network,2026-08-23 07:00:00,2026-08-24 07:00:00,24,98.1,96.87732
423,28.528205,77.153846,0,0.479,172,KISHANGARH,0.0,OpenAQ live network,2026-08-23 07:00:00,2026-08-24 07:00:00,24,115.9,120.20439
424,28.528205,77.169231,1,1.393,171,VASANTKUNJ,0.0,OpenAQ live network,2026-08-23 07:00:00,2026-08-24 07:00:00,24,32.4,22.786175
425,28.528205,77.184615,0,0.644,169,LADOSARAI,0.0,OpenAQ live network,2026-08-23 07:00:00,2026-08-24 07:00:00,24,111.1,102.28557
426,28.528205,77.2,1,1.023,169,LADOSARAI,0.0,OpenAQ live network,2026-08-23 07:00:00,2026-08-24 07:00:00,24,67.4,69.580925
427,28.528205,77.215385,1,2.471,169,LADOSARAI,0.0,OpenAQ live network,2026-08-23 07:00:00,2026-08-24 07:00:00,24,79.7,87.24087
428,28.528205,77.230769,1,2.707,184,PUSHP VIHAR,0.0,OpenAQ live network,2026-08-23 07:00:00,2026-08-24 07:00:00,24,115.8,118.825455
429,28.528205,77.246154,1,2.442,189,CHIRAG DELHI,0.0,OpenAQ live network,2026-08-23 07:00:00,2026-08-24 07:00:00,24,68.4,73.83968
430,28.528205,77.261538,1,0.992,195,GOVIND PURI,0.0,OpenAQ live network,2026-08-23 07:00:00,2026-08-24 07:00:00,24,69.2,73.07579
431,28.528205,77.276923,0,0.624,199,TEKHAND,0.0,OpenAQ live network,2026-08-23 07:00:00,2026-08-24 07:00:00,24,96.5,95.45266
432,28.528205,77.292308,1,2.077,208,SARITA VIHAR,0.0,OpenAQ live network,2026-08-23 07:00:00,2026-08-24 07:00:00,24,71.1,69.01327
433,28.528205,77.307692,1,2.38,207,MADANPUR KHADAR,0.0,OpenAQ live network,2026-08-23 07:00:00,2026-08-24 07:00:00,24,82.1,79.44841
434,28.528205,77.323077,1,1.841,207,MADANPUR KHADAR,0.0,OpenAQ live network,2026-08-23 07:00:00,2026-08-24 07:00:00,24,73.5,72.99
435,28.528205,77.338462,1,2.373,207,MADANPUR KHADAR,444.4770762365079,OpenAQ live network,2026-08-23 07:00:00,2026-08-24 07:00:00,24,82.1,79.44841
436,28.528205,77.353846,1,3.521,207,MADANPUR KHADAR,1207.6341341717991,OpenAQ live network,2026-08-23 07:00:00,2026-08-24 07:00:00,24,61.1,66.785416
437,28.528205,77.369231,1,4.866,207,MADANPUR KHADAR,2612.02036489661,OpenAQ live network,2026-08-23 07:00:00,2026-08-24 07:00:00,24,59.9,63.759167
438,28.528205,77.384615,1,4.65,207,MADANPUR KHADAR,4248.804833364922,OpenAQ live network,2026-08-23 07:00:00,2026-08-24 07:00:00,24,61.6,65.82031
439,28.528205,77.4,1,4.601,207,MADANPUR KHADAR,5928.6521652539095,OpenAQ live network,2026-08-23 07:00:00,2026-08-24 07:00:00,24,61.6,65.82031
440,28.541026,76.8,1,12.202,140,KHERA,5091.357979225757,OpenAQ live network,2026-08-23 07:00:00,2026-08-24 07:00:00,24,68.5,70.28176
441,28.541026,76.815385,1,10.911,140,KHERA,3519.981850454526,OpenAQ live network,2026-08-23 07:00:00,2026-08-24 07:00:00,24,68.5,70.28176
442,28.541026,76.830769,1,9.68,140,KHERA,1991.8243413854032,OpenAQ live network,2026-08-23 07:00:00,2026-08-24 07:00:00,24,68.5,70.28176
443,28.541026,76.846154,1,8.537,140,KHERA,1040.2188459899046,OpenAQ live network,2026-08-23 07:00:00,2026-08-24 07:00:00,24,71.3,72.78697
444,28.541026,76.861538,1,7.521,140,KHERA,452.116249920686,OpenAQ live network,2026-08-23 07:00:00,2026-08-24 07:00:00,24,92.5,87.437126
445,28.541026,76.876923,1,6.428,140,KHERA,0.0,OpenAQ live network,2026-08-23 07:00:00,2026-08-24 07:00:00,24,34.2,39.331467
446,28.541026,76.892308,1,5.186,133,CHHAWLA,0.0,OpenAQ live network,2026-08-23 07:00:00,2026-08-24 07:00:00,24,34.2,39.331467
447,28.541026,76.907692,1,4.122,133,CHHAWLA,0.0,OpenAQ live network,2026-08-23 07:00:00,2026-08-24 07:00:00,24,76.0,79.23315
448,28.541026,76.923077,1,3.405,133,CHHAWLA,0.0,OpenAQ live network,2026-08-23 07:00:00,2026-08-24 07:00:00,24,59.5,64.6285
449,28.541026,76.938462,1,3.273,133,CHHAWLA,0.0,OpenAQ live network,2026-08-23 07:00:00,2026-08-24 07:00:00,24,59.5,64.6285
450,28.541026,76.953846,1,3.788,133,CHHAWLA,0.0,OpenAQ live network,2026-08-23 07:00:00,2026-08-24 07:00:00,24,76.6,79.21331
451,28.541026,76.969231,1,4.744,133,CHHAWLA,0.0,OpenAQ live network,2026-08-23 07:00:00,2026-08-24 07:00:00,24,59.2,63.269737
452,28.541026,76.984615,1,5.931,133,CHHAWLA,0.0,OpenAQ live network,2026-08-23 07:00:00,2026-08-24 07:00:00,24,34.2,39.331467
453,28.541026,77.0,1,7.236,133,CHHAWLA,0.0,OpenAQ live network,2026-08-23 07:00:00,2026-08-24 07:00:00,24,117.7,105.88711
454,28.541026,77.015385,1,6.45,141,BIJWASAN,0.0,OpenAQ live network,2026-08-23 07:00:00,2026-08-24 07:00:00,24,125.4,111.39659
455,28.541026,77.030769,1,5.222,141,BIJWASAN,0.0,OpenAQ live network,2026-08-23 07:00:00,2026-08-24 07:00:00,24,125.4,111.39659
456,28.541026,77.046154,1,4.178,141,BIJWASAN,0.0,OpenAQ live network,2026-08-23 07:00:00,2026-08-24 07:00:00,24,99.6,111.39659
457,28.541026,77.061538,1,3.486,141,BIJWASAN,0.0,OpenAQ live network,2026-08-23 07:00:00,2026-08-24 07:00:00,24,45.9,111.39659
458,28.541026,77.076923,1,2.69,143,KAPASHERA,0.0,OpenAQ live network,2026-08-23 07:00:00,2026-08-24 07:00:00,24,61.6,99.363655
459,28.541026,77.092308,1,2.116,143,KAPASHERA,0.0,OpenAQ live network,2026-08-23 07:00:00,2026-08-24 07:00:00,24,62.9,41.45987
460,28.541026,77.107692,1,2.498,143,KAPASHERA,0.0,OpenAQ live network,2026-08-23 07:00:00,2026-08-24 07:00:00,24,67.6,78.360855
461,28.541026,77.123077,1,2.469,144,MAHIPALPUR,0.0,OpenAQ live network,2026-08-23 07:00:00,2026-08-24 07:00:00,24,63.7,43.467037
462,28.541026,77.138462,1,1.922,144,MAHIPALPUR,0.0,OpenAQ live network,2026-08-23 07:00:00,2026-08-24 07:00:00,24,96.6,94.2096
463,28.541026,77.153846,1,1.436,CANT_4,DELHI CANTT CHARGE 4,0.0,OpenAQ live network,2026-08-23 07:00:00,2026-08-24 07:00:00,24,32.7,23.474548
464,28.541026,77.169231,0,0.075,171,VASANTKUNJ,0.0,OpenAQ live network,2026-08-23 07:00:00,2026-08-24 07:00:00,24,88.9,80.24576
465,28.541026,77.184615,0,0.706,161,MALVIYA NAGAR,0.0,OpenAQ live network,2026-08-23 07:00:00,2026-08-24 07:00:00,24,105.8,69.580925
466,28.541026,77.2,1,0.831,161,MALVIYA NAGAR,0.0,OpenAQ live network,2026-08-23 07:00:00,2026-08-24 07:00:00,24,105.4,49.09085
467,28.541026,77.215385,1,1.047,191,SHAPUR JAT,0.0,OpenAQ live network,2026-08-23 07:00:00,2026-08-24 07:00:00,24,74.8,81.00625
468,28.541026,77.230769,1,1.565,191,SHAPUR JAT,0.0,OpenAQ live network,2026-08-23 07:00:00,2026-08-24 07:00:00,24,72.1,79.85247
469,28.541026,77.246154,1,1.042,190,CHITRANJAN PARK,0.0,OpenAQ live network,2026-08-23 07:00:00,2026-08-24 07:00:00,24,67.4,73.83968
470,28.541026,77.261538,1,1.482,196,KALKAJI,0.0,OpenAQ live network,2026-08-23 07:00:00,2026-08-24 07:00:00,24,39.7,45.231667
471,28.541026,77.276923,1,1.178,200,HARKESH NAGAR,0.0,OpenAQ live network,2026-08-23 07:00:00,2026-08-24 07:00:00,24,70.6,65.4421
472,28.541026,77.292308,1,2.151,208,SARITA VIHAR,0.0,OpenAQ live network,2026-08-23 07:00:00,2026-08-24 07:00:00,24,110.2,78.25114
473,28.541026,77.307692,1,1.564,208,SARITA VIHAR,0.0,OpenAQ live network,2026-08-23 07:00:00,2026-08-24 07:00:00,24,41.7,46.136982
474,28.541026,77.323077,0,0.415,208,SARITA VIHAR,0.0,OpenAQ live network,2026-08-23 07:00:00,2026-08-24 07:00:00,24,106.0,96.14696
475,28.541026,77.338462,1,1.555,207,MADANPUR KHADAR,1131.249904487663,OpenAQ live network,2026-08-23 07:00:00,2026-08-24 07:00:00,24,41.7,46.136982
476,28.541026,77.353846,1,3.029,207,MADANPUR KHADAR,2551.7882936873657,OpenAQ live network,2026-08-23 07:00:00,2026-08-24 07:00:00,24,66.6,65.38023
477,28.541026,77.369231,1,3.952,207,MADANPUR KHADAR,3554.77785077885,OpenAQ live network,2026-08-23 07:00:00,2026-08-24 07:00:00,24,81.8,77.50065
478,28.541026,77.384615,1,3.263,207,MADANPUR KHADAR,4885.298117185726,OpenAQ live network,2026-08-23 07:00:00,2026-08-24 07:00:00,24,57.3,57.345493
479,28.541026,77.4,1,3.193,207,MADANPUR KHADAR,6400.211846362833,OpenAQ live network,2026-08-23 07:00:00,2026-08-24 07:00:00,24,57.3,57.345493
480,28.553846,76.8,1,11.581,140,KHERA,4697.386795844197,OpenAQ live network,2026-08-23 07:00:00,2026-08-24 07:00:00,24,68.5,70.28176
481,28.553846,76.815385,1,10.211,140,KHERA,2994.063228872162,OpenAQ live network,2026-08-23 07:00:00,2026-08-24 07:00:00,24,68.5,70.28176
482,28.553846,76.830769,1,8.884,140,KHERA,1315.2979443385866,OpenAQ live network,2026-08-23 07:00:00,2026-08-24 07:00:00,24,68.5,70.28176
483,28.553846,76.846154,1,7.623,140,KHERA,0.0,OpenAQ live network,2026-08-23 07:00:00,2026-08-24 07:00:00,24,92.5,87.437126
484,28.553846,76.861538,1,6.466,140,KHERA,0.0,OpenAQ live network,2026-08-23 07:00:00,2026-08-24 07:00:00,24,29.1,29.89486
485,28.553846,76.876923,1,5.478,140,KHERA,0.0,OpenAQ live network,2026-08-23 07:00:00,2026-08-24 07:00:00,24,29.1,29.89486
486,28.553846,76.892308,1,4.437,140,KHERA,0.0,OpenAQ live network,2026-08-23 07:00:00,2026-08-24 07:00:00,24,64.0,67.602066
487,28.553846,76.907692,1,3.127,133,CHHAWLA,0.0,OpenAQ live network,2026-08-23 07:00:00,2026-08-24 07:00:00,24,63.8,68.02254
488,28.553846,76.923077,1,2.094,133,CHHAWLA,0.0,OpenAQ live network,2026-08-23 07:00:00,2026-08-24 07:00:00,24,55.2,62.161716
489,28.553846,76.938462,1,1.873,133,CHHAWLA,0.0,OpenAQ live network,2026-08-23 07:00:00,2026-08-24 07:00:00,24,66.5,70.49071
490,28.553846,76.953846,1,2.673,133,CHHAWLA,0.0,OpenAQ live network,2026-08-23 07:00:00,2026-08-24 07:00:00,24,69.6,72.95262
491,28.553846,76.969231,1,3.911,133,CHHAWLA,0.0,OpenAQ live network,2026-08-23 07:00:00,2026-08-24 07:00:00,24,76.6,79.21331
492,28.553846,76.984615,1,5.288,133,CHHAWLA,0.0,OpenAQ live network,2026-08-23 07:00:00,2026-08-24 07:00:00,24,34.2,39.331467
493,28.553846,77.0,1,6.719,133,CHHAWLA,0.0,OpenAQ live network,2026-08-23 07:00:00,2026-08-24 07:00:00,24,37.7,40.202415
494,28.553846,77.015385,1,5.841,133,CHHAWLA,0.0,OpenAQ live network,2026-08-23 07:00:00,2026-08-24 07:00:00,24,37.5,29.08256
495,28.553846,77.030769,1,4.448,141,BIJWASAN,0.0,OpenAQ live network,2026-08-23 07:00:00,2026-08-24 07:00:00,24,38.1,29.08256
496,28.553846,77.046154,1,3.158,141,BIJWASAN,0.0,OpenAQ live network,2026-08-23 07:00:00,2026-08-24 07:00:00,24,38.6,29.08256
497,28.553846,77.061538,1,2.162,141,BIJWASAN,0.0,OpenAQ live network,2026-08-23 07:00:00,2026-08-24 07:00:00,24,39.9,31.09463
498,28.553846,77.076923,1,1.803,143,KAPASHERA,0.0,OpenAQ live network,2026-08-23 07:00:00,2026-08-24 07:00:00,24,72.9,27.383436
499,28.553846,77.092308,0,0.704,143,KAPASHERA,0.0,OpenAQ live network,2026-08-23 07:00:00,2026-08-24 07:00:00,24,63.9,27.383436
500,28.553846,77.107692,1,1.414,CANT_6,DELHI CANTT CHARGE 6,0.0,OpenAQ live network,2026-08-23 07:00:00,2026-08-24 07:00:00,24,43.6,60.228477
501,28.553846,77.123077,1,1.11,CANT_4,DELHI CANTT CHARGE 4,0.0,OpenAQ live network,2026-08-23 07:00:00,2026-08-24 07:00:00,24,75.2,86.98468
502,28.553846,77.138462,1,2.231,CANT_4,DELHI CANTT CHARGE 4,0.0,OpenAQ live network,2026-08-23 07:00:00,2026-08-24 07:00:00,24,102.1,73.728226
503,28.553846,77.153846,1,1.757,CANT_4,DELHI CANTT CHARGE 4,0.0,OpenAQ live network,2026-08-23 07:00:00,2026-08-24 07:00:00,24,66.7,68.45673
504,28.553846,77.169231,1,1.216,166,MUNIRKA,0.0,OpenAQ live network,2026-08-23 07:00:00,2026-08-24 07:00:00,24,32.0,23.474548
505,28.553846,77.184615,1,1.071,166,MUNIRKA,0.0,OpenAQ live network,2026-08-23 07:00:00,2026-08-24 07:00:00,24,70.4,73.81672
506,28.553846,77.2,1,1.506,163,SAFDARJANG ENCLAVE,0.0,OpenAQ live network,2026-08-23 07:00:00,2026-08-24 07:00:00,24,45.9,65.8662
507,28.553846,77.215385,0,0.384,159,ANDREWSGANJ,0.0,OpenAQ live network,2026-08-23 07:00:00,2026-08-24 07:00:00,24,125.5,132.8714
508,28.553846,77.230769,1,1.278,192,GREATER KAILASH-I,0.0,OpenAQ live network,2026-08-23 07:00:00,2026-08-24 07:00:00,24,39.5,37.160133
509,28.553846,77.246154,0,0.521,192,GREATER KAILASH-I,0.0,OpenAQ live network,2026-08-23 07:00:00,2026-08-24 07:00:00,24,60.7,50.747864
510,28.553846,77.261538,1,1.212,194,EAST OF KAILASH,0.0,OpenAQ live network,2026-08-23 07:00:00,2026-08-24 07:00:00,24,70.6,63.311333
511,28.553846,77.276923,0,0.44,193,SRI NIWASPURI,0.0,OpenAQ live network,2026-08-23 07:00:00,2026-08-24 07:00:00,24,117.7,73.83968
512,28.553846,77.292308,1,1.853,206,OKHLA,0.0,OpenAQ live network,2026-08-23 07:00:00,2026-08-24 07:00:00,24,92.5,66.785416
513,28.553846,77.307692,1,1.815,,,0.0,OpenAQ live network,2026-08-23 07:00:00,2026-08-24 07:00:00,24,73.5,72.99
514,28.553846,77.323077,1,1.01,,,796.5733454314328,OpenAQ live network,2026-08-23 07:00:00,2026-08-24 07:00:00,24,72.4,72.14172
515,28.553846,77.338462,1,1.807,208,SARITA VIHAR,2268.882742534683,OpenAQ live network,2026-08-23 07:00:00,2026-08-24 07:00:00,24,73.5,72.99
516,28.553846,77.353846,1,3.166,207,MADANPUR KHADAR,3489.0111826894668,OpenAQ live network,2026-08-23 07:00:00,2026-08-24 07:00:00,24,61.1,66.785416
517,28.553846,77.369231,1,2.951,207,MADANPUR KHADAR,4849.430395417254,OpenAQ live network,2026-08-23 07:00:00,2026-08-24 07:00:00,24,63.0,60.764904
518,28.553846,77.384615,1,1.934,207,MADANPUR KHADAR,5912.610062069502,OpenAQ live network,2026-08-23 07:00:00,2026-08-24 07:00:00,24,76.1,71.31657
519,28.553846,77.4,1,1.813,207,MADANPUR KHADAR,7214.951956224676,OpenAQ live network,2026-08-23 07:00:00,2026-08-24 07:00:00,24,76.1,71.31657
520,28.566667,76.8,1,11.109,140,KHERA,4400.390053919465,OpenAQ live network,2026-08-23 07:00:00,2026-08-24 07:00:00,24,68.5,70.28176
521,28.566667,76.815385,1,9.672,140,KHERA,2731.530633714432,OpenAQ live network,2026-08-23 07:00:00,2026-08-24 07:00:00,24,68.5,70.28176
522,28.566667,76.830769,1,8.26,140,KHERA,1108.4162997868332,OpenAQ live network,2026-08-23 07:00:00,2026-08-24 07:00:00,24,92.1,87.437126
523,28.566667,76.846154,1,6.885,140,KHERA,0.0,OpenAQ live network,2026-08-23 07:00:00,2026-08-24 07:00:00,24,92.6,87.437126
524,28.566667,76.861538,1,5.577,140,KHERA,0.0,OpenAQ live network,2026-08-23 07:00:00,2026-08-24 07:00:00,24,29.1,29.89486
525,28.566667,76.876923,1,4.394,140,KHERA,0.0,OpenAQ live network,2026-08-23 07:00:00,2026-08-24 07:00:00,24,58.0,54.66941
526,28.566667,76.892308,1,3.469,140,KHERA,0.0,OpenAQ live network,2026-08-23 07:00:00,2026-08-24 07:00:00,24,55.7,56.869137
527,28.566667,76.907692,1,2.576,140,KHERA,0.0,OpenAQ live network,2026-08-23 07:00:00,2026-08-24 07:00:00,24,69.7,72.95262
528,28.566667,76.923077,1,1.114,140,KHERA,0.0,OpenAQ live network,2026-08-23 07:00:00,2026-08-24 07:00:00,24,69.3,70.92546
529,28.566667,76.938462,0,0.602,140,KHERA,0.0,OpenAQ live network,2026-08-23 07:00:00,2026-08-24 07:00:00,24,100.7,96.9968
530,28.566667,76.953846,1,2.0,133,CHHAWLA,0.0,OpenAQ live network,2026-08-23 07:00:00,2026-08-24 07:00:00,24,66.5,70.49071
531,28.566667,76.969231,1,3.486,134,NANGLI SAKRAVATI,0.0,OpenAQ live network,2026-08-23 07:00:00,2026-08-24 07:00:00,24,59.5,64.6285
532,28.566667,76.984615,1,4.981,134,NANGLI SAKRAVATI,0.0,OpenAQ live network,2026-08-23 07:00:00,2026-08-24 07:00:00,24,83.7,86.41579
533,28.566667,77.0,1,5.687,133,CHHAWLA,0.0,OpenAQ live network,2026-08-23 07:00:00,2026-08-24 07:00:00,24,37.5,29.08256
534,28.566667,77.015385,1,5.006,133,CHHAWLA,0.0,OpenAQ live network,2026-08-23 07:00:00,2026-08-24 07:00:00,24,48.9,49.115795
535,28.566667,77.030769,1,4.046,141,BIJWASAN,0.0,OpenAQ live network,2026-08-23 07:00:00,2026-08-24 07:00:00,24,63.0,61.785297
536,28.566667,77.046154,1,2.561,134,NANGLI SAKRAVATI,0.0,OpenAQ live network,2026-08-23 07:00:00,2026-08-24 07:00:00,24,86.9,102.66211
537,28.566667,77.061538,1,1.122,141,BIJWASAN,0.0,OpenAQ live network,2026-08-23 07:00:00,2026-08-24 07:00:00,24,38.4,29.08256
538,28.566667,77.076923,0,0.69,143,KAPASHERA,0.0,OpenAQ live network,2026-08-23 07:00:00,2026-08-24 07:00:00,24,73.6,27.383436
539,28.566667,77.092308,1,0.76,CANT_6,DELHI CANTT CHARGE 6,0.0,OpenAQ live network,2026-08-23 07:00:00,2026-08-24 07:00:00,24,67.7,64.56082
540,28.566667,77.107692,1,1.096,CANT_6,DELHI CANTT CHARGE 6,0.0,OpenAQ live network,2026-08-23 07:00:00,2026-08-24 07:00:00,24,70.5,67.693306
541,28.566667,77.123077,0,0.658,CANT_5,DELHI CANTT CHARGE 5,0.0,OpenAQ live network,2026-08-23 07:00:00,2026-08-24 07:00:00,24,99.5,64.992386
542,28.566667,77.138462,1,2.044,CANT_4,DELHI CANTT CHARGE 4,0.0,OpenAQ live network,2026-08-23 07:00:00,2026-08-24 07:00:00,24,77.0,67.693306
543,28.566667,77.153846,1,1.306,165,VASANT VIHAR,0.0,OpenAQ live network,2026-08-23 07:00:00,2026-08-24 07:00:00,24,60.2,70.59242
544,28.566667,77.169231,0,0.315,168,NANAK PURA,0.0,OpenAQ live network,2026-08-23 07:00:00,2026-08-24 07:00:00,24,73.2,73.11302
545,28.566667,77.184615,0,0.441,167,R. K. PURAM,0.0,OpenAQ live network,2026-08-23 07:00:00,2026-08-24 07:00:00,24,111.9,97.821945
546,28.566667,77.2,1,1.331,NDMC_7,NDMC CHARGE 7,0.0,OpenAQ live network,2026-08-23 07:00:00,2026-08-24 07:00:00,24,43.4,46.011387
547,28.566667,77.215385,0,0.949,159,ANDREWSGANJ,0.0,OpenAQ live network,2026-08-23 07:00:00,2026-08-24 07:00:00,24,55.0,52.349514
548,28.566667,77.230769,1,1.462,159,ANDREWSGANJ,0.0,OpenAQ live network,2026-08-23 07:00:00,2026-08-24 07:00:00,24,40.1,39.10895
549,28.566667,77.246154,0,0.447,155,LAJPAT NAGAR,0.0,OpenAQ live network,2026-08-23 07:00:00,2026-08-24 07:00:00,24,111.1,86.83398
550,28.566667,77.261538,1,1.085,193,SRI NIWASPURI,0.0,OpenAQ live network,2026-08-23 07:00:00,2026-08-24 07:00:00,24,70.5,63.193302
551,28.566667,77.276923,1,1.751,206,OKHLA,0.0,OpenAQ live network,2026-08-23 07:00:00,2026-08-24 07:00:00,24,92.5,72.307755
552,28.566667,77.292308,1,2.511,206,OKHLA,0.0,OpenAQ live network,2026-08-23 07:00:00,2026-08-24 07:00:00,24,67.7,71.629036
553,28.566667,77.307692,1,2.865,,,489.32211564077153,OpenAQ live network,2026-08-23 07:00:00,2026-08-24 07:00:00,24,113.1,104.709564
554,28.566667,77.323077,1,2.436,,,1877.579353790136,OpenAQ live network,2026-08-23 07:00:00,2026-08-24 07:00:00,24,82.1,79.44841
555,28.566667,77.338462,1,2.86,,,3135.971510056472,OpenAQ live network,2026-08-23 07:00:00,2026-08-24 07:00:00,24,113.1,104.709564
556,28.566667,77.353846,1,3.865,208,SARITA VIHAR,4568.619888884116,OpenAQ live network,2026-08-23 07:00:00,2026-08-24 07:00:00,24,80.5,81.01622
557,28.566667,77.369231,1,2.421,215,KONDLI,5720.795243403989,OpenAQ live network,2026-08-23 07:00:00,2026-08-24 07:00:00,24,82.2,78.4071
558,28.566667,77.384615,1,0.946,215,KONDLI,6874.406496836937,OpenAQ live network,2026-08-23 07:00:00,2026-08-24 07:00:00,24,62.9,63.45708
559,28.566667,77.4,0,0.665,215,KONDLI,8169.755118719711,OpenAQ live network,2026-08-23 07:00:00,2026-08-24 07:00:00,24,117.7,112.449104
560,28.579487,76.8,1,10.805,140,KHERA,4344.541809851213,OpenAQ live network,2026-08-23 07:00:00,2026-08-24 07:00:00,24,68.5,70.28176
561,28.579487,76.815385,1,9.323,140,KHERA,2634.775692623992,OpenAQ live network,2026-08-23 07:00:00,2026-08-24 07:00:00,24,68.5,70.28176
562,28.579487,76.830769,1,7.848,140,KHERA,927.4656233271154,OpenAQ live network,2026-08-23 07:00:00,2026-08-24 07:00:00,24,92.5,87.437126
563,28.579487,76.846154,1,6.385,140,KHERA,0.0,OpenAQ live network,2026-08-23 07:00:00,2026-08-24 07:00:00,24,29.1,29.89486
564,28.579487,76.861538,1,4.946,140,KHERA,0.0,OpenAQ live network,2026-08-23 07:00:00,2026-08-24 07:00:00,24,74.4,64.26706
565,28.579487,76.876923,1,3.56,140,KHERA,0.0,OpenAQ live network,2026-08-23 07:00:00,2026-08-24 07:00:00,24,52.5,54.152138
566,28.579487,76.892308,1,2.323,140,KHERA,0.0,OpenAQ live network,2026-08-23 07:00:00,2026-08-24 07:00:00,24,56.6,54.558697
567,28.579487,76.907692,1,1.623,140,KHERA,0.0,OpenAQ live network,2026-08-23 07:00:00,2026-08-24 07:00:00,24,53.4,57.893745
568,28.579487,76.923077,1,1.47,140,KHERA,0.0,OpenAQ live network,2026-08-23 07:00:00,2026-08-24 07:00:00,24,40.1,44.75439
569,28.579487,76.938462,1,1.133,133,CHHAWLA,0.0,OpenAQ live network,2026-08-23 07:00:00,2026-08-24 07:00:00,24,69.3,70.92546
570,28.579487,76.953846,1,2.218,133,CHHAWLA,0.0,OpenAQ live network,2026-08-23 07:00:00,2026-08-24 07:00:00,24,83.7,86.3599
571,28.579487,76.969231,1,3.615,134,NANGLI SAKRAVATI,0.0,OpenAQ live network,2026-08-23 07:00:00,2026-08-24 07:00:00,24,60.2,64.48641
572,28.579487,76.984615,1,5.073,134,NANGLI SAKRAVATI,0.0,OpenAQ live network,2026-08-23 07:00:00,2026-08-24 07:00:00,24,34.3,39.331467
573,28.579487,77.0,1,4.575,134,NANGLI SAKRAVATI,0.0,OpenAQ live network,2026-08-23 07:00:00,2026-08-24 07:00:00,24,68.3,66.11767
574,28.579487,77.015385,1,3.693,134,NANGLI SAKRAVATI,0.0,OpenAQ live network,2026-08-23 07:00:00,2026-08-24 07:00:00,24,80.1,75.21692
575,28.579487,77.030769,1,3.296,134,NANGLI SAKRAVATI,0.0,OpenAQ live network,2026-08-23 07:00:00,2026-08-24 07:00:00,24,63.7,52.911446
576,28.579487,77.046154,1,2.684,136,MATIALA,0.0,OpenAQ live network,2026-08-23 07:00:00,2026-08-24 07:00:00,24,63.9,52.911446
577,28.579487,77.061538,1,1.382,141,BIJWASAN,0.0,OpenAQ live network,2026-08-23 07:00:00,2026-08-24 07:00:00,24,69.1,66.11767
578,28.579487,77.076923,1,1.061,145,PALAM,0.0,OpenAQ live network,2026-08-23 07:00:00,2026-08-24 07:00:00,24,64.1,71.50346
579,28.579487,77.092308,1,2.173,CANT_6,DELHI CANTT CHARGE 6,0.0,OpenAQ live network,2026-08-23 07:00:00,2026-08-24 07:00:00,24,64.6,68.72679
580,28.579487,77.107692,1,2.114,CANT_6,DELHI CANTT CHARGE 6,0.0,OpenAQ live network,2026-08-23 07:00:00,2026-08-24 07:00:00,24,80.4,88.397644
581,28.579487,77.123077,1,1.644,CANT_6,DELHI CANTT CHARGE 6,0.0,OpenAQ live network,2026-08-23 07:00:00,2026-08-24 07:00:00,24,51.7,54.934517
582,28.579487,77.138462,1,2.09,CANT_5,DELHI CANTT CHARGE 5,0.0,OpenAQ live network,2026-08-23 07:00:00,2026-08-24 07:00:00,24,61.1,71.2941
583,28.579487,77.153846,1,2.095,CANT_4,DELHI CANTT CHARGE 4,0.0,OpenAQ live network,2026-08-23 07:00:00,2026-08-24 07:00:00,24,61.3,67.693306
584,28.579487,77.169231,1,1.448,168,NANAK PURA,0.0,OpenAQ live network,2026-08-23 07:00:00,2026-08-24 07:00:00,24,70.5,77.93077
585,28.579487,77.184615,0,0.141,NDMC_9,NDMC CHARGE 9,0.0,OpenAQ live network,2026-08-23 07:00:00,2026-08-24 07:00:00,24,72.8,73.11302
586,28.579487,77.2,1,1.568,NDMC_8,NDMC CHARGE 8,0.0,OpenAQ live network,2026-08-23 07:00:00,2026-08-24 07:00:00,24,86.1,93.04498
587,28.579487,77.215385,1,1.159,158,KOTLA MUBARAKPUR,0.0,OpenAQ live network,2026-08-23 07:00:00,2026-08-24 07:00:00,24,74.7,56.512486
588,28.579487,77.230769,0,0.312,157,KASTURBA NAGAR,0.0,OpenAQ live network,2026-08-23 07:00:00,2026-08-24 07:00:00,24,97.7,84.00612
589,28.579487,77.246154,1,1.207,155,LAJPAT NAGAR,0.0,OpenAQ live network,2026-08-23 07:00:00,2026-08-24 07:00:00,24,67.6,61.92969
590,28.579487,77.261538,1,1.68,156,BHOGAL,0.0,OpenAQ live network,2026-08-23 07:00:00,2026-08-24 07:00:00,24,60.6,52.977386
591,28.579487,77.276923,1,2.883,,,0.0,OpenAQ live network,2026-08-23 07:00:00,2026-08-24 07:00:00,24,60.5,63.32766
592,28.579487,77.292308,1,3.092,,,0.0,OpenAQ live network,2026-08-23 07:00:00,2026-08-24 07:00:00,24,75.0,66.468056
593,28.579487,77.307692,1,1.766,211,TRILOK PURI,755.6871837649566,OpenAQ live network,2026-08-23 07:00:00,2026-08-24 07:00:00,24,71.9,65.855484
594,28.579487,77.323077,1,1.091,212,NEW ASHOK NAGAR,2017.262588265992,OpenAQ live network,2026-08-23 07:00:00,2026-08-24 07:00:00,24,74.1,75.06348
595,28.579487,77.338462,1,1.943,214,KHICHRIPUR,2745.2410113112664,OpenAQ live network,2026-08-23 07:00:00,2026-08-24 07:00:00,24,71.9,65.855484
596,28.579487,77.353846,1,3.297,215,KONDLI,3402.227151509603,OpenAQ live network,2026-08-23 07:00:00,2026-08-24 07:00:00,24,60.6,57.46976
597,28.579487,77.369231,1,2.661,215,KONDLI,4515.411793257242,OpenAQ live network,2026-08-23 07:00:00,2026-08-24 07:00:00,24,75.2,71.51035
598,28.579487,77.384615,1,1.454,215,KONDLI,5831.752774047199,OpenAQ live network,2026-08-23 07:00:00,2026-08-24 07:00:00,24,50.3,46.860126
599,28.579487,77.4,1,1.289,215,KONDLI,7314.14892066741,OpenAQ live network,2026-08-23 07:00:00,2026-08-24 07:00:00,24,44.2,42.96302
600,28.592308,76.8,1,10.685,140,KHERA,4554.281231981889,OpenAQ live network,2026-08-23 07:00:00,2026-08-24 07:00:00,24,68.5,70.28176
601,28.592308,76.815385,1,9.183,140,KHERA,2940.6611311888955,OpenAQ live network,2026-08-23 07:00:00,2026-08-24 07:00:00,24,68.5,70.28176
602,28.592308,76.830769,1,7.682,140,KHERA,1555.6525757079858,OpenAQ live network,2026-08-23 07:00:00,2026-08-24 07:00:00,24,92.5,87.437126
603,28.592308,76.846154,1,6.18,140,KHERA,965.046595100533,OpenAQ live network,2026-08-23 07:00:00,2026-08-24 07:00:00,24,29.1,29.89486
604,28.592308,76.861538,1,4.679,140,KHERA,705.2575411781621,OpenAQ live network,2026-08-23 07:00:00,2026-08-24 07:00:00,24,50.7,50.33709
605,28.592308,76.876923,1,3.179,140,KHERA,0.0,OpenAQ live network,2026-08-23 07:00:00,2026-08-24 07:00:00,24,55.7,56.869137
606,28.592308,76.892308,1,1.682,140,KHERA,0.0,OpenAQ live network,2026-08-23 07:00:00,2026-08-24 07:00:00,24,56.8,60.65528
607,28.592308,76.907692,0,0.253,140,KHERA,0.0,OpenAQ live network,2026-08-23 07:00:00,2026-08-24 07:00:00,24,94.2,93.813446
608,28.592308,76.923077,1,1.346,140,KHERA,0.0,OpenAQ live network,2026-08-23 07:00:00,2026-08-24 07:00:00,24,33.6,40.06122
609,28.592308,76.938462,1,2.504,140,KHERA,0.0,OpenAQ live network,2026-08-23 07:00:00,2026-08-24 07:00:00,24,69.8,72.95262
610,28.592308,76.953846,1,3.147,134,NANGLI SAKRAVATI,0.0,OpenAQ live network,2026-08-23 07:00:00,2026-08-24 07:00:00,24,59.5,64.6285
611,28.592308,76.969231,1,4.249,140,KHERA,0.0,OpenAQ live network,2026-08-23 07:00:00,2026-08-24 07:00:00,24,76.0,79.23315
612,28.592308,76.984615,1,5.037,134,NANGLI SAKRAVATI,0.0,OpenAQ live network,2026-08-23 07:00:00,2026-08-24 07:00:00,24,48.9,49.115795
613,28.592308,77.0,1,3.684,134,NANGLI SAKRAVATI,0.0,OpenAQ live network,2026-08-23 07:00:00,2026-08-24 07:00:00,24,80.1,75.21692
614,28.592308,77.015385,1,2.508,135,KAKRAULA,0.0,OpenAQ live network,2026-08-23 07:00:00,2026-08-24 07:00:00,24,82.5,70.29619
615,28.592308,77.030769,1,1.874,135,KAKRAULA,0.0,OpenAQ live network,2026-08-23 07:00:00,2026-08-24 07:00:00,24,73.6,65.49019
616,28.592308,77.046154,1,2.291,136,MATIALA,0.0,OpenAQ live network,2026-08-23 07:00:00,2026-08-24 07:00:00,24,80.2,67.78733
617,28.592308,77.061538,1,2.574,136,MATIALA,0.0,OpenAQ live network,2026-08-23 07:00:00,2026-08-24 07:00:00,24,64.1,52.911446
618,28.592308,77.076923,1,2.417,145,PALAM,0.0,OpenAQ live network,2026-08-23 07:00:00,2026-08-24 07:00:00,24,54.9,60.228477
619,28.592308,77.092308,1,2.127,146,SADH NAGAR,0.0,OpenAQ live network,2026-08-23 07:00:00,2026-08-24 07:00:00,24,61.3,67.693306
620,28.592308,77.107692,1,1.712,CANT_7,DELHI CANTT CHARGE 7,0.0,OpenAQ live network,2026-08-23 07:00:00,2026-08-24 07:00:00,24,44.7,45.766335
621,28.592308,77.123077,0,0.286,CANT_6,DELHI CANTT CHARGE 6,0.0,OpenAQ live network,2026-08-23 07:00:00,2026-08-24 07:00:00,24,82.7,76.83664
622,28.592308,77.138462,1,1.321,CANT_3,DELHI CANTT CHARGE 3,0.0,OpenAQ live network,2026-08-23 07:00:00,2026-08-24 07:00:00,24,26.5,24.643454
623,28.592308,77.153846,1,2.814,CANT_3,DELHI CANTT CHARGE 3,0.0,OpenAQ live network,2026-08-23 07:00:00,2026-08-24 07:00:00,24,73.5,83.874596
624,28.592308,77.169231,1,2.041,NDMC_9,NDMC CHARGE 9,0.0,OpenAQ live network,2026-08-23 07:00:00,2026-08-24 07:00:00,24,80.6,82.01526
625,28.592308,77.184615,0,0.777,NDMC_9,NDMC CHARGE 9,0.0,OpenAQ live network,2026-08-23 07:00:00,2026-08-24 07:00:00,24,61.2,67.784454
626,28.592308,77.2,1,1.247,NDMC_9,NDMC CHARGE 9,0.0,OpenAQ live network,2026-08-23 07:00:00,2026-08-24 07:00:00,24,62.0,58.121895
627,28.592308,77.215385,0,0.756,NDMC_5,NDMC CHARGE 5,0.0,OpenAQ live network,2026-08-23 07:00:00,2026-08-24 07:00:00,24,71.0,74.280495
628,28.592308,77.230769,0,0.342,NDMC_5,NDMC CHARGE 5,0.0,OpenAQ live network,2026-08-23 07:00:00,2026-08-24 07:00:00,24,110.6,27.436409
629,28.592308,77.246154,1,1.799,154,NIZAMUDDIN,0.0,OpenAQ live network,2026-08-23 07:00:00,2026-08-24 07:00:00,24,66.2,56.512486
630,28.592308,77.261538,1,2.807,,,0.0,OpenAQ live network,2026-08-23 07:00:00,2026-08-24 07:00:00,24,65.5,72.98504
631,28.592308,77.276923,1,2.659,,,0.0,OpenAQ live network,2026-08-23 07:00:00,2026-08-24 07:00:00,24,65.5,72.98504
632,28.592308,77.292308,1,2.915,211,TRILOK PURI,0.0,OpenAQ live network,2026-08-23 07:00:00,2026-08-24 07:00:00,24,67.3,59.544765
633,28.592308,77.307692,1,1.434,212,NEW ASHOK NAGAR,0.0,OpenAQ live network,2026-08-23 07:00:00,2026-08-24 07:00:00,24,41.3,44.30332
634,28.592308,77.323077,0,0.357,214,KHICHRIPUR,660.0365319402396,OpenAQ live network,2026-08-23 07:00:00,2026-08-24 07:00:00,24,109.1,115.70545
635,28.592308,77.338462,1,1.647,215,KONDLI,1211.8774811357894,OpenAQ live network,2026-08-23 07:00:00,2026-08-24 07:00:00,24,56.5,56.67937
636,28.592308,77.353846,1,2.394,215,KONDLI,2160.111832892552,OpenAQ live network,2026-08-23 07:00:00,2026-08-24 07:00:00,24,73.7,68.90737
637,28.592308,77.369231,1,3.383,215,KONDLI,3524.3741780301725,OpenAQ live network,2026-08-23 07:00:00,2026-08-24 07:00:00,24,50.1,50.92393
638,28.592308,77.384615,1,2.72,215,KONDLI,5103.098088581726,OpenAQ live network,2026-08-23 07:00:00,2026-08-24 07:00:00,24,75.2,71.51035
639,28.592308,77.4,1,2.636,215,KONDLI,6747.5213314060375,OpenAQ live network,2026-08-23 07:00:00,2026-08-24 07:00:00,24,75.2,71.51035
640,28.605128,76.8,1,10.754,140,KHERA,5230.48921193238,OpenAQ live network,2026-08-23 07:00:00,2026-08-24 07:00:00,24,68.5,70.28176
641,28.605128,76.815385,1,9.264,140,KHERA,3906.920493770471,OpenAQ live network,2026-08-23 07:00:00,2026-08-24 07:00:00,24,68.5,70.28176
642,28.605128,76.830769,1,7.778,140,KHERA,3006.092944748288,OpenAQ live network,2026-08-23 07:00:00,2026-08-24 07:00:00,24,92.5,87.437126
643,28.605128,76.846154,1,6.299,140,KHERA,2589.1762219769166,OpenAQ live network,2026-08-23 07:00:00,2026-08-24 07:00:00,24,29.1,29.89486
644,28.605128,76.861538,1,4.836,140,KHERA,1161.0332631309698,OpenAQ live network,2026-08-23 07:00:00,2026-08-24 07:00:00,24,50.7,50.33709
645,28.605128,76.876923,1,3.405,140,KHERA,0.0,OpenAQ live network,2026-08-23 07:00:00,2026-08-24 07:00:00,24,55.7,56.869137
646,28.605128,76.892308,1,2.079,140,KHERA,0.0,OpenAQ live network,2026-08-23 07:00:00,2026-08-24 07:00:00,24,60.9,63.588696
647,28.605128,76.907692,1,1.248,140,KHERA,0.0,OpenAQ live network,2026-08-23 07:00:00,2026-08-24 07:00:00,24,54.7,63.971455
648,28.605128,76.923077,1,1.818,140,KHERA,0.0,OpenAQ live network,2026-08-23 07:00:00,2026-08-24 07:00:00,24,66.6,66.10383
649,28.605128,76.938462,1,3.093,140,KHERA,0.0,OpenAQ live network,2026-08-23 07:00:00,2026-08-24 07:00:00,24,55.9,57.49545
650,28.605128,76.953846,1,4.353,140,KHERA,0.0,OpenAQ live network,2026-08-23 07:00:00,2026-08-24 07:00:00,24,64.0,67.602066
651,28.605128,76.969231,1,5.206,140,KHERA,0.0,OpenAQ live network,2026-08-23 07:00:00,2026-08-24 07:00:00,24,34.2,39.331467
652,28.605128,76.984615,1,4.699,137,ROSHANPURA,0.0,OpenAQ live network,2026-08-23 07:00:00,2026-08-24 07:00:00,24,63.0,61.785297
653,28.605128,77.0,1,3.207,137,ROSHANPURA,0.0,OpenAQ live network,2026-08-23 07:00:00,2026-08-24 07:00:00,24,63.7,52.911446
654,28.605128,77.015385,1,1.732,135,KAKRAULA,0.0,OpenAQ live network,2026-08-23 07:00:00,2026-08-24 07:00:00,24,59.4,54.523014
655,28.605128,77.030769,0,0.473,135,KAKRAULA,0.0,OpenAQ live network,2026-08-23 07:00:00,2026-08-24 07:00:00,24,114.0,124.24138
656,28.605128,77.046154,1,1.4,136,MATIALA,0.0,OpenAQ live network,2026-08-23 07:00:00,2026-08-24 07:00:00,24,42.5,42.943684
657,28.605128,77.061538,1,2.865,148,MADHU VIHAR,0.0,OpenAQ live network,2026-08-23 07:00:00,2026-08-24 07:00:00,24,116.8,98.17743
658,28.605128,77.076923,1,2.296,130,MANGLAPURI,0.0,OpenAQ live network,2026-08-23 07:00:00,2026-08-24 07:00:00,24,69.1,66.11767
659,28.605128,77.092308,0,0.923,129,DABRI,0.0,OpenAQ live network,2026-08-23 07:00:00,2026-08-24 07:00:00,24,61.3,67.693306
660,28.605128,77.107692,1,0.97,129,DABRI,0.0,OpenAQ live network,2026-08-23 07:00:00,2026-08-24 07:00:00,24,60.4,71.2941
661,28.605128,77.123077,1,1.234,CANT_8,DELHI CANTT CHARGE 8,0.0,OpenAQ live network,2026-08-23 07:00:00,2026-08-24 07:00:00,24,68.7,78.16743
662,28.605128,77.138462,1,1.785,CANT_2,DELHI CANTT CHARGE 2,0.0,OpenAQ live network,2026-08-23 07:00:00,2026-08-24 07:00:00,24,67.2,75.38799
663,28.605128,77.153846,1,3.06,CANT_2,DELHI CANTT CHARGE 2,0.0,OpenAQ live network,2026-08-23 07:00:00,2026-08-24 07:00:00,24,57.4,64.992386
664,28.605128,77.169231,1,2.088,150,PUSA,0.0,OpenAQ live network,2026-08-23 07:00:00,2026-08-24 07:00:00,24,59.8,58.748207
665,28.605128,77.184615,1,0.895,NDMC_3,NDMC CHARGE 3,0.0,OpenAQ live network,2026-08-23 07:00:00,2026-08-24 07:00:00,24,62.5,61.293556
666,28.605128,77.2,1,1.323,NDMC_5,NDMC CHARGE 5,0.0,OpenAQ live network,2026-08-23 07:00:00,2026-08-24 07:00:00,24,64.5,63.69632
667,28.605128,77.215385,1,1.882,NDMC_5,NDMC CHARGE 5,0.0,OpenAQ live network,2026-08-23 07:00:00,2026-08-24 07:00:00,24,75.6,70.53116
668,28.605128,77.230769,0,0.965,NDMC_5,NDMC CHARGE 5,0.0,OpenAQ live network,2026-08-23 07:00:00,2026-08-24 07:00:00,24,72.2,71.51666
669,28.605128,77.246154,1,1.069,154,NIZAMUDDIN,0.0,OpenAQ live network,2026-08-23 07:00:00,2026-08-24 07:00:00,24,72.2,71.51666
670,28.605128,77.261538,1,1.567,,,0.0,OpenAQ live network,2026-08-23 07:00:00,2026-08-24 07:00:00,24,39.3,42.486828
671,28.605128,77.276923,1,1.283,211,TRILOK PURI,0.0,OpenAQ live network,2026-08-23 07:00:00,2026-08-24 07:00:00,24,35.3,40.555393
672,28.605128,77.292308,1,2.13,220,PATPARGANJ,0.0,OpenAQ live network,2026-08-23 07:00:00,2026-08-24 07:00:00,24,63.8,72.55161
673,28.605128,77.307692,1,2.249,210,DALLOPURA,0.0,OpenAQ live network,2026-08-23 07:00:00,2026-08-24 07:00:00,24,92.8,89.23013
674,28.605128,77.323077,1,1.769,214,KHICHRIPUR,0.0,OpenAQ live network,2026-08-23 07:00:00,2026-08-24 07:00:00,24,71.9,65.855484
675,28.605128,77.338462,0,0.76,215,KONDLI,0.0,OpenAQ live network,2026-08-23 07:00:00,2026-08-24 07:00:00,24,103.6,88.20019
676,28.605128,77.353846,1,1.333,216,GHAROLI,1378.7867102266173,OpenAQ live network,2026-08-23 07:00:00,2026-08-24 07:00:00,24,37.4,32.259277
677,28.605128,77.369231,1,2.435,216,GHAROLI,3063.3609193606258,OpenAQ live network,2026-08-23 07:00:00,2026-08-24 07:00:00,24,91.1,87.30109
678,28.605128,77.384615,1,3.4,216,GHAROLI,4765.862486063799,OpenAQ live network,2026-08-23 07:00:00,2026-08-24 07:00:00,24,63.3,60.84602
679,28.605128,77.4,1,4.037,216,GHAROLI,6473.772369085362,OpenAQ live network,2026-08-23 07:00:00,2026-08-24 07:00:00,24,82.6,81.33777
680,28.617949,76.8,1,11.009,140,KHERA,6265.899896726538,OpenAQ live network,2026-08-23 07:00:00,2026-08-24 07:00:00,24,68.5,70.28176
681,28.617949,76.815385,1,9.558,140,KHERA,5212.246335727075,OpenAQ live network,2026-08-23 07:00:00,2026-08-24 07:00:00,24,68.5,70.28176
682,28.617949,76.830769,1,8.127,140,KHERA,4539.561102796694,OpenAQ live network,2026-08-23 07:00:00,2026-08-24 07:00:00,24,92.1,87.437126
683,28.617949,76.846154,1,6.726,140,KHERA,3430.09515300312,OpenAQ live network,2026-08-23 07:00:00,2026-08-24 07:00:00,24,34.2,35.204117
684,28.617949,76.861538,1,5.38,140,KHERA,2116.515507335378,OpenAQ live network,2026-08-23 07:00:00,2026-08-24 07:00:00,24,29.1,29.89486
685,28.617949,76.876923,1,4.142,140,KHERA,503.351867327096,OpenAQ live network,2026-08-23 07:00:00,2026-08-24 07:00:00,24,70.5,65.69292
686,28.617949,76.892308,1,3.143,140,KHERA,0.0,OpenAQ live network,2026-08-23 07:00:00,2026-08-24 07:00:00,24,55.7,56.869137
687,28.617949,76.907692,1,2.668,140,KHERA,0.0,OpenAQ live network,2026-08-23 07:00:00,2026-08-24 07:00:00,24,51.4,53.312927
688,28.617949,76.923077,1,2.978,140,KHERA,0.0,OpenAQ live network,2026-08-23 07:00:00,2026-08-24 07:00:00,24,46.9,46.536137
689,28.617949,76.938462,1,3.889,140,KHERA,0.0,OpenAQ live network,2026-08-23 07:00:00,2026-08-24 07:00:00,24,69.8,65.038376
690,28.617949,76.953846,1,5.089,139,DICHAON KALAN,0.0,OpenAQ live network,2026-08-23 07:00:00,2026-08-24 07:00:00,24,29.2,29.89486
691,28.617949,76.969231,1,6.258,139,DICHAON KALAN,0.0,OpenAQ live network,2026-08-23 07:00:00,2026-08-24 07:00:00,24,37.5,29.08256
692,28.617949,76.984615,1,4.781,138,NAJAFGARH,0.0,OpenAQ live network,2026-08-23 07:00:00,2026-08-24 07:00:00,24,63.0,61.785297
693,28.617949,77.0,1,3.326,137,ROSHANPURA,0.0,OpenAQ live network,2026-08-23 07:00:00,2026-08-24 07:00:00,24,63.7,52.911446
694,28.617949,77.015385,1,1.943,137,ROSHANPURA,0.0,OpenAQ live network,2026-08-23 07:00:00,2026-08-24 07:00:00,24,73.6,65.49019
695,28.617949,77.030769,1,1.0,135,KAKRAULA,0.0,OpenAQ live network,2026-08-23 07:00:00,2026-08-24 07:00:00,24,76.7,73.21857
696,28.617949,77.046154,1,1.654,127,UTTAM NAGAR,0.0,OpenAQ live network,2026-08-23 07:00:00,2026-08-24 07:00:00,24,60.1,56.559757
697,28.617949,77.061538,1,2.997,128,BINDAPUR,0.0,OpenAQ live network,2026-08-23 07:00:00,2026-08-24 07:00:00,24,69.5,54.611027
698,28.617949,77.076923,1,2.38,119,MILAP NAGAR,0.0,OpenAQ live network,2026-08-23 07:00:00,2026-08-24 07:00:00,24,69.1,66.11767
699,28.617949,77.092308,1,1.115,118,JANAK PURI SOUTH,0.0,OpenAQ live network,2026-08-23 07:00:00,2026-08-24 07:00:00,24,75.9,76.162636
700,28.617949,77.107692,1,1.154,110,NANGAL RAYA,0.0,OpenAQ live network,2026-08-23 07:00:00,2026-08-24 07:00:00,24,60.6,67.693306
701,28.617949,77.123077,1,2.436,CANT_2,DELHI CANTT CHARGE 2,0.0,OpenAQ live network,2026-08-23 07:00:00,2026-08-24 07:00:00,24,74.1,83.874596
702,28.617949,77.138462,1,2.53,152,NARAINA,0.0,OpenAQ live network,2026-08-23 07:00:00,2026-08-24 07:00:00,24,74.5,79.091515
703,28.617949,77.153846,1,2.523,CANT_2,DELHI CANTT CHARGE 2,0.0,OpenAQ live network,2026-08-23 07:00:00,2026-08-24 07:00:00,24,60.8,59.346745
704,28.617949,77.169231,1,2.5,150,PUSA,0.0,OpenAQ live network,2026-08-23 07:00:00,2026-08-24 07:00:00,24,52.3,53.251766
705,28.617949,77.184615,1,1.053,NDMC_3,NDMC CHARGE 3,0.0,OpenAQ live network,2026-08-23 07:00:00,2026-08-24 07:00:00,24,66.8,67.55937
706,28.617949,77.2,0,0.69,NDMC_4,NDMC CHARGE 4,0.0,OpenAQ live network,2026-08-23 07:00:00,2026-08-24 07:00:00,24,89.4,86.21991
707,28.617949,77.215385,1,1.919,NDMC_4,NDMC CHARGE 4,0.0,OpenAQ live network,2026-08-23 07:00:00,2026-08-24 07:00:00,24,98.5,94.12031
708,28.617949,77.230769,0,0.658,NDMC_1,NDMC CHARGE 1,0.0,OpenAQ live network,2026-08-23 07:00:00,2026-08-24 07:00:00,24,116.1,112.008965
709,28.617949,77.246154,0,0.694,154,NIZAMUDDIN,0.0,OpenAQ live network,2026-08-23 07:00:00,2026-08-24 07:00:00,24,74.2,71.51666
710,28.617949,77.261538,1,1.047,,,0.0,OpenAQ live network,2026-08-23 07:00:00,2026-08-24 07:00:00,24,70.1,72.07441
711,28.617949,77.276923,0,0.536,224,PANDAV NAGAR,0.0,OpenAQ live network,2026-08-23 07:00:00,2026-08-24 07:00:00,24,99.5,105.216
712,28.617949,77.292308,0,0.815,220,PATPARGANJ,0.0,OpenAQ live network,2026-08-23 07:00:00,2026-08-24 07:00:00,24,92.8,86.88039
713,28.617949,77.307692,1,2.101,219,MAYUR VIHAR PHASE II,0.0,OpenAQ live network,2026-08-23 07:00:00,2026-08-24 07:00:00,24,52.6,61.14961
714,28.617949,77.323077,1,2.0,214,KHICHRIPUR,0.0,OpenAQ live network,2026-08-23 07:00:00,2026-08-24 07:00:00,24,64.4,63.94577
715,28.617949,77.338462,1,0.83,216,GHAROLI,0.0,OpenAQ live network,2026-08-23 07:00:00,2026-08-24 07:00:00,24,94.7,88.20019
716,28.617949,77.353846,1,0.825,216,GHAROLI,1331.3912805564655,OpenAQ live network,2026-08-23 07:00:00,2026-08-24 07:00:00,24,125.5,124.08937
717,28.617949,77.369231,1,1.343,216,GHAROLI,3041.1475257415173,OpenAQ live network,2026-08-23 07:00:00,2026-08-24 07:00:00,24,48.2,49.645287
718,28.617949,77.384615,1,2.727,216,GHAROLI,4751.626431711141,OpenAQ live network,2026-08-23 07:00:00,2026-08-24 07:00:00,24,63.8,61.798435
719,28.617949,77.4,1,4.192,216,GHAROLI,6463.299250166189,OpenAQ live network,2026-08-23 07:00:00,2026-08-24 07:00:00,24,78.5,76.72871
720,28.630769,76.8,1,11.437,140,KHERA,7513.455220422215,OpenAQ live network,2026-08-23 07:00:00,2026-08-24 07:00:00,24,68.5,70.28176
721,28.630769,76.815385,1,10.049,140,KHERA,6660.181656516023,OpenAQ live network,2026-08-23 07:00:00,2026-08-24 07:00:00,24,68.5,70.28176
722,28.630769,76.830769,1,8.698,140,KHERA,5770.86514542467,OpenAQ live network,2026-08-23 07:00:00,2026-08-24 07:00:00,24,68.5,70.28176
723,28.630769,76.846154,1,7.406,140,KHERA,4248.239680340264,OpenAQ live network,2026-08-23 07:00:00,2026-08-24 07:00:00,24,92.6,87.437126
724,28.630769,76.861538,1,6.21,140,KHERA,2595.104916975264,OpenAQ live network,2026-08-23 07:00:00,2026-08-24 07:00:00,24,29.1,29.89486
725,28.630769,76.876923,1,5.175,140,KHERA,968.955339007216,OpenAQ live network,2026-08-23 07:00:00,2026-08-24 07:00:00,24,29.1,29.89486
726,28.630769,76.892308,1,4.416,140,KHERA,0.0,OpenAQ live network,2026-08-23 07:00:00,2026-08-24 07:00:00,24,58.0,54.66941
727,28.630769,76.907692,1,4.092,140,KHERA,393.4416218504357,OpenAQ live network,2026-08-23 07:00:00,2026-08-24 07:00:00,24,70.5,65.69292
728,28.630769,76.923077,1,4.3,140,KHERA,173.71535087028312,OpenAQ live network,2026-08-23 07:00:00,2026-08-24 07:00:00,24,70.5,65.69292
729,28.630769,76.938462,1,4.555,139,DICHAON KALAN,537.5400292499945,OpenAQ live network,2026-08-23 07:00:00,2026-08-24 07:00:00,24,64.3,66.62938
730,28.630769,76.953846,1,5.18,139,DICHAON KALAN,0.0,OpenAQ live network,2026-08-23 07:00:00,2026-08-24 07:00:00,24,36.8,33.182674
731,28.630769,76.969231,1,6.117,139,DICHAON KALAN,0.0,OpenAQ live network,2026-08-23 07:00:00,2026-08-24 07:00:00,24,36.8,33.182674
732,28.630769,76.984615,1,5.263,139,DICHAON KALAN,0.0,OpenAQ live network,2026-08-23 07:00:00,2026-08-24 07:00:00,24,37.5,29.08256
733,28.630769,77.0,1,3.987,137,ROSHANPURA,0.0,OpenAQ live network,2026-08-23 07:00:00,2026-08-24 07:00:00,24,79.6,79.394295
734,28.630769,77.015385,1,2.935,122,HASTSAL,0.0,OpenAQ live network,2026-08-23 07:00:00,2026-08-24 07:00:00,24,69.5,54.611027
735,28.630769,77.030769,1,2.417,122,HASTSAL,0.0,OpenAQ live network,2026-08-23 07:00:00,2026-08-24 07:00:00,24,87.1,75.22073
736,28.630769,77.046154,1,2.753,121,KUNWAR SINGH NAGAR,0.0,OpenAQ live network,2026-08-23 07:00:00,2026-08-24 07:00:00,24,82.3,70.29619
737,28.630769,77.061538,1,3.718,123,VIKAS PURI,0.0,OpenAQ live network,2026-08-23 07:00:00,2026-08-24 07:00:00,24,80.1,75.21692
738,28.630769,77.076923,1,3.181,113,MAHAVIR NAGAR,0.0,OpenAQ live network,2026-08-23 07:00:00,2026-08-24 07:00:00,24,86.5,102.66211
739,28.630769,77.092308,1,2.387,109,JANAK PURI NORTH,0.0,OpenAQ live network,2026-08-23 07:00:00,2026-08-24 07:00:00,24,30.6,27.383436
740,28.630769,77.107692,1,2.406,109,JANAK PURI NORTH,0.0,OpenAQ live network,2026-08-23 07:00:00,2026-08-24 07:00:00,24,80.0,78.2942
741,28.630769,77.123077,1,2.469,111,HARI NAGAR,0.0,OpenAQ live network,2026-08-23 07:00:00,2026-08-24 07:00:00,24,74.5,79.091515
742,28.630769,77.138462,1,1.246,152,NARAINA,0.0,OpenAQ live network,2026-08-23 07:00:00,2026-08-24 07:00:00,24,55.3,58.157772
743,28.630769,77.153846,1,1.234,150,PUSA,0.0,OpenAQ live network,2026-08-23 07:00:00,2026-08-24 07:00:00,24,72.8,70.61191
744,28.630769,77.169231,1,2.449,150,PUSA,0.0,OpenAQ live network,2026-08-23 07:00:00,2026-08-24 07:00:00,24,79.4,71.66606
745,28.630769,77.184615,1,1.384,149,RAJENDER NAGAR,0.0,OpenAQ live network,2026-08-23 07:00:00,2026-08-24 07:00:00,24,33.9,34.15699
746,28.630769,77.2,0,0.374,NDMC_3,NDMC CHARGE 3,0.0,OpenAQ live network,2026-08-23 07:00:00,2026-08-24 07:00:00,24,111.2,100.44206
747,28.630769,77.215385,1,1.044,NDMC_4,NDMC CHARGE 4,0.0,OpenAQ live network,2026-08-23 07:00:00,2026-08-24 07:00:00,24,75.1,98.03954
748,28.630769,77.230769,0,0.83,NDMC_1,NDMC CHARGE 1,0.0,OpenAQ live network,2026-08-23 07:00:00,2026-08-24 07:00:00,24,88.4,97.17954
749,28.630769,77.246154,0,0.551,153,DARYAGANJ,0.0,OpenAQ live network,2026-08-23 07:00:00,2026-08-24 07:00:00,24,119.8,41.8601
750,28.630769,77.261538,1,1.434,,,0.0,OpenAQ live network,2026-08-23 07:00:00,2026-08-24 07:00:00,24,61.9,67.067825
751,28.630769,77.276923,1,1.271,221,KISHAN KUNJ,0.0,OpenAQ live network,2026-08-23 07:00:00,2026-08-24 07:00:00,24,59.0,61.159176
752,28.630769,77.292308,1,0.926,218,MANDAWALI,0.0,OpenAQ live network,2026-08-23 07:00:00,2026-08-24 07:00:00,24,49.6,52.047283
753,28.630769,77.307692,1,1.963,227,I.P EXTENTION,0.0,OpenAQ live network,2026-08-23 07:00:00,2026-08-24 07:00:00,24,67.8,85.521126
754,28.630769,77.323077,1,1.914,227,I.P EXTENTION,0.0,OpenAQ live network,2026-08-23 07:00:00,2026-08-24 07:00:00,24,67.8,94.581276
755,28.630769,77.338462,1,2.002,214,KHICHRIPUR,570.811414395913,OpenAQ live network,2026-08-23 07:00:00,2026-08-24 07:00:00,24,80.1,78.87712
756,28.630769,77.353846,0,0.788,216,GHAROLI,1742.355907057653,OpenAQ live network,2026-08-23 07:00:00,2026-08-24 07:00:00,24,129.7,124.08937
757,28.630769,77.369231,1,1.32,216,GHAROLI,3328.976552705762,OpenAQ live network,2026-08-23 07:00:00,2026-08-24 07:00:00,24,48.2,49.645287
758,28.630769,77.384615,1,2.716,216,GHAROLI,4953.343941564543,OpenAQ live network,2026-08-23 07:00:00,2026-08-24 07:00:00,24,63.8,61.798435
759,28.630769,77.4,1,3.745,216,GHAROLI,6617.669919402579,OpenAQ live network,2026-08-23 07:00:00,2026-08-24 07:00:00,24,78.3,76.72871
760,28.64359,76.8,1,12.02,140,KHERA,8884.489921989303,OpenAQ live network,2026-08-23 07:00:00,2026-08-24 07:00:00,24,68.5,70.28176
761,28.64359,76.815385,1,10.708,140,KHERA,7979.772738008469,OpenAQ live network,2026-08-23 07:00:00,2026-08-24 07:00:00,24,68.5,70.28176
762,28.64359,76.830769,1,9.452,140,KHERA,6353.446526346839,OpenAQ live network,2026-08-23 07:00:00,2026-08-24 07:00:00,24,68.5,70.28176
763,28.64359,76.846154,1,8.275,140,KHERA,4757.237142750671,OpenAQ live network,2026-08-23 07:00:00,2026-08-24 07:00:00,24,126.8,117.51596
764,28.64359,76.861538,1,6.893,140,KHERA,3243.156055523201,OpenAQ live network,2026-08-23 07:00:00,2026-08-24 07:00:00,24,127.1,117.51596
765,28.64359,76.876923,1,5.573,140,KHERA,1948.695235139424,OpenAQ live network,2026-08-23 07:00:00,2026-08-24 07:00:00,24,36.8,33.182674
766,28.64359,76.892308,1,4.372,140,KHERA,1497.8727333006048,OpenAQ live network,2026-08-23 07:00:00,2026-08-24 07:00:00,24,64.3,66.62938
767,28.64359,76.907692,1,3.417,140,KHERA,1615.9709076940103,OpenAQ live network,2026-08-23 07:00:00,2026-08-24 07:00:00,24,58.3,60.5297
768,28.64359,76.923077,1,2.956,139,DICHAON KALAN,677.1263449140847,OpenAQ live network,2026-08-23 07:00:00,2026-08-24 07:00:00,24,64.6,62.60476
769,28.64359,76.938462,1,3.212,139,DICHAON KALAN,0.0,OpenAQ live network,2026-08-23 07:00:00,2026-08-24 07:00:00,24,58.3,60.5297
770,28.64359,76.953846,1,4.049,139,DICHAON KALAN,0.0,OpenAQ live network,2026-08-23 07:00:00,2026-08-24 07:00:00,24,76.7,78.34938
771,28.64359,76.969231,1,5.194,139,DICHAON KALAN,0.0,OpenAQ live network,2026-08-23 07:00:00,2026-08-24 07:00:00,24,36.8,33.182674
772,28.64359,76.984615,1,6.05,139,DICHAON KALAN,0.0,OpenAQ live network,2026-08-23 07:00:00,2026-08-24 07:00:00,24,37.5,29.08256
773,28.64359,77.0,1,4.98,139,DICHAON KALAN,0.0,OpenAQ live network,2026-08-23 07:00:00,2026-08-24 07:00:00,24,86.6,102.66211
774,28.64359,77.015385,1,4.186,122,HASTSAL,0.0,OpenAQ live network,2026-08-23 07:00:00,2026-08-24 07:00:00,24,79.6,79.394295
775,28.64359,77.030769,1,3.84,122,HASTSAL,0.0,OpenAQ live network,2026-08-23 07:00:00,2026-08-24 07:00:00,24,80.1,75.21692
776,28.64359,77.046154,1,4.06,122,HASTSAL,0.0,OpenAQ live network,2026-08-23 07:00:00,2026-08-24 07:00:00,24,79.6,79.394295
777,28.64359,77.061538,1,4.767,44,QUAMMRUDDIN NAGAR,0.0,OpenAQ live network,2026-08-23 07:00:00,2026-08-24 07:00:00,24,63.0,61.785297
778,28.64359,77.076923,1,4.317,116,VIKASPURI EAST,0.0,OpenAQ live network,2026-08-23 07:00:00,2026-08-24 07:00:00,24,69.3,67.46303
779,28.64359,77.092308,1,3.771,116,VIKASPURI EAST,0.0,OpenAQ live network,2026-08-23 07:00:00,2026-08-24 07:00:00,24,60.8,61.460514
780,28.64359,77.107692,1,3.783,105,RAJOURI GARDEN,0.0,OpenAQ live network,2026-08-23 07:00:00,2026-08-24 07:00:00,24,79.2,78.2942
781,28.64359,77.123077,1,2.305,105,RAJOURI GARDEN,0.0,OpenAQ live network,2026-08-23 07:00:00,2026-08-24 07:00:00,24,76.5,73.84554
782,28.64359,77.138462,0,0.879,98,MANSAROWER GARDEN,0.0,OpenAQ live network,2026-08-23 07:00:00,2026-08-24 07:00:00,24,85.2,75.27186
783,28.64359,77.153846,0,0.86,150,PUSA,0.0,OpenAQ live network,2026-08-23 07:00:00,2026-08-24 07:00:00,24,103.4,88.81172
784,28.64359,77.169231,1,1.854,150,PUSA,0.0,OpenAQ live network,2026-08-23 07:00:00,2026-08-24 07:00:00,24,92.9,58.423714
785,28.64359,77.184615,1,1.792,149,RAJENDER NAGAR,0.0,OpenAQ live network,2026-08-23 07:00:00,2026-08-24 07:00:00,24,77.6,70.84099
786,28.64359,77.2,0,0.803,NDMC_3,NDMC CHARGE 3,0.0,OpenAQ live network,2026-08-23 07:00:00,2026-08-24 07:00:00,24,113.4,100.44206
787,28.64359,77.215385,1,1.241,89,PAHAR GANJ,0.0,OpenAQ live network,2026-08-23 07:00:00,2026-08-24 07:00:00,24,80.3,98.03954
788,28.64359,77.230769,1,1.067,83,BAZAR SITARAM,0.0,OpenAQ live network,2026-08-23 07:00:00,2026-08-24 07:00:00,24,76.0,98.03954
789,28.64359,77.246154,1,1.737,153,DARYAGANJ,0.0,OpenAQ live network,2026-08-23 07:00:00,2026-08-24 07:00:00,24,61.3,82.75087
790,28.64359,77.261538,1,2.529,,,0.0,OpenAQ live network,2026-08-23 07:00:00,2026-08-24 07:00:00,24,82.9,59.18378
791,28.64359,77.276923,1,2.228,230,GEETA COLONY,0.0,OpenAQ live network,2026-08-23 07:00:00,2026-08-24 07:00:00,24,77.1,81.09448
792,28.64359,77.292308,1,1.396,228,PREET VIHAR,0.0,OpenAQ live network,2026-08-23 07:00:00,2026-08-24 07:00:00,24,80.1,85.521126
793,28.64359,77.307692,1,0.89,227,I.P EXTENTION,0.0,OpenAQ live network,2026-08-23 07:00:00,2026-08-24 07:00:00,24,114.7,63.478004
794,28.64359,77.323077,0,0.776,227,I.P EXTENTION,625.3077767706125,OpenAQ live network,2026-08-23 07:00:00,2026-08-24 07:00:00,24,117.0,64.05234
795,28.64359,77.338462,1,1.936,227,I.P EXTENTION,1716.0483335299457,OpenAQ live network,2026-08-23 07:00:00,2026-08-24 07:00:00,24,73.6,66.8397
796,28.64359,77.353846,0,0.507,216,GHAROLI,2900.661769699084,OpenAQ live network,2026-08-23 07:00:00,2026-08-24 07:00:00,24,113.5,119.2792
797,28.64359,77.369231,1,1.128,216,GHAROLI,4080.320732921669,OpenAQ live network,2026-08-23 07:00:00,2026-08-24 07:00:00,24,76.7,73.420525
798,28.64359,77.384615,1,1.767,216,GHAROLI,5528.159339197829,OpenAQ live network,2026-08-23 07:00:00,2026-08-24 07:00:00,24,76.7,72.764915
799,28.64359,77.4,1,2.701,216,GHAROLI,7095.007417973298,OpenAQ live network,2026-08-23 07:00:00,2026-08-24 07:00:00,24,80.0,77.191124
800,28.65641,76.8,1,12.329,140,KHERA,10128.765875237712,OpenAQ live network,2026-08-23 07:00:00,2026-08-24 07:00:00,24,93.2,91.00437
801,28.65641,76.815385,1,10.841,140,KHERA,8548.498624592146,OpenAQ live network,2026-08-23 07:00:00,2026-08-24 07:00:00,24,93.2,91.00437
802,28.65641,76.830769,1,9.358,140,KHERA,7026.8152052503465,OpenAQ live network,2026-08-23 07:00:00,2026-08-24 07:00:00,24,93.2,91.00437
803,28.65641,76.846154,1,7.88,140,KHERA,5569.317344180514,OpenAQ live network,2026-08-23 07:00:00,2026-08-24 07:00:00,24,126.8,117.51596
804,28.65641,76.861538,1,6.414,140,KHERA,4302.199225768829,OpenAQ live network,2026-08-23 07:00:00,2026-08-24 07:00:00,24,36.8,33.182674
805,28.65641,76.876923,1,4.969,140,KHERA,3351.432853618122,OpenAQ live network,2026-08-23 07:00:00,2026-08-24 07:00:00,24,81.0,89.20842
806,28.65641,76.892308,1,3.57,140,KHERA,3113.088707822481,OpenAQ live network,2026-08-23 07:00:00,2026-08-24 07:00:00,24,60.9,59.086002
807,28.65641,76.907692,1,2.303,139,DICHAON KALAN,2099.4311205490853,OpenAQ live network,2026-08-23 07:00:00,2026-08-24 07:00:00,24,74.8,75.5175
808,28.65641,76.923077,1,1.539,139,DICHAON KALAN,589.9816769251511,OpenAQ live network,2026-08-23 07:00:00,2026-08-24 07:00:00,24,41.0,46.00339
809,28.65641,76.938462,1,1.985,139,DICHAON KALAN,0.0,OpenAQ live network,2026-08-23 07:00:00,2026-08-24 07:00:00,24,66.9,69.53194
810,28.65641,76.953846,1,3.165,139,DICHAON KALAN,0.0,OpenAQ live network,2026-08-23 07:00:00,2026-08-24 07:00:00,24,58.3,60.5297
811,28.65641,76.969231,1,4.539,139,DICHAON KALAN,0.0,OpenAQ live network,2026-08-23 07:00:00,2026-08-24 07:00:00,24,64.3,66.62938
812,28.65641,76.984615,1,5.975,30,MUNDAKA,0.0,OpenAQ live network,2026-08-23 07:00:00,2026-08-24 07:00:00,24,36.8,33.182674
813,28.65641,77.0,1,6.146,30,MUNDAKA,0.0,OpenAQ live network,2026-08-23 07:00:00,2026-08-24 07:00:00,24,37.5,29.08256
814,28.65641,77.015385,1,5.522,122,HASTSAL,0.0,OpenAQ live network,2026-08-23 07:00:00,2026-08-24 07:00:00,24,37.5,29.08256
815,28.65641,77.030769,1,5.265,121,KUNWAR SINGH NAGAR,0.0,OpenAQ live network,2026-08-23 07:00:00,2026-08-24 07:00:00,24,37.5,29.08256
816,28.65641,77.046154,1,4.323,121,KUNWAR SINGH NAGAR,0.0,OpenAQ live network,2026-08-23 07:00:00,2026-08-24 07:00:00,24,81.2,80.68676
817,28.65641,77.061538,1,3.469,32,NILOTHI,0.0,OpenAQ live network,2026-08-23 07:00:00,2026-08-24 07:00:00,24,63.0,62.940357
818,28.65641,77.076923,1,3.143,44,QUAMMRUDDIN NAGAR,0.0,OpenAQ live network,2026-08-23 07:00:00,2026-08-24 07:00:00,24,63.0,62.940357
819,28.65641,77.092308,1,3.498,57,PASCHIM VIHAR SOUTH,0.0,OpenAQ live network,2026-08-23 07:00:00,2026-08-24 07:00:00,24,63.0,62.940357
820,28.65641,77.107692,1,3.004,108,KHYALA,0.0,OpenAQ live network,2026-08-23 07:00:00,2026-08-24 07:00:00,24,69.6,54.37843
821,28.65641,77.123077,1,2.109,101,RAJA GARDEN,0.0,OpenAQ live network,2026-08-23 07:00:00,2026-08-24 07:00:00,24,64.4,55.18371
822,28.65641,77.138462,0,1.023,97,KIRTI NAGAR,0.0,OpenAQ live network,2026-08-23 07:00:00,2026-08-24 07:00:00,24,78.3,77.54029
823,28.65641,77.153846,0,0.471,94,WEST PATEL NAGAR,0.0,OpenAQ live network,2026-08-23 07:00:00,2026-08-24 07:00:00,24,125.3,98.62748
824,28.65641,77.169231,1,1.048,95,EAST PATEL NAGAR,0.0,OpenAQ live network,2026-08-23 07:00:00,2026-08-24 07:00:00,24,72.7,91.55657
825,28.65641,77.184615,1,2.546,92,DEV NAGAR,0.0,OpenAQ live network,2026-08-23 07:00:00,2026-08-24 07:00:00,24,73.5,74.944435
826,28.65641,77.2,1,2.224,90,MODEL BASTI,0.0,OpenAQ live network,2026-08-23 07:00:00,2026-08-24 07:00:00,24,88.7,89.92074
827,28.65641,77.215385,1,1.157,85,IDGAH ROAD,0.0,OpenAQ live network,2026-08-23 07:00:00,2026-08-24 07:00:00,24,70.7,70.157196
828,28.65641,77.230769,0,0.347,80,CHANDNI CHOWK,0.0,OpenAQ live network,2026-08-23 07:00:00,2026-08-24 07:00:00,24,112.0,94.04385
829,28.65641,77.246154,1,1.847,80,CHANDNI CHOWK,0.0,OpenAQ live network,2026-08-23 07:00:00,2026-08-24 07:00:00,24,69.8,72.06269
830,28.65641,77.261538,1,3.256,234,GANDHI NAGAR,0.0,OpenAQ live network,2026-08-23 07:00:00,2026-08-24 07:00:00,24,57.0,85.36492
831,28.65641,77.276923,1,1.755,229,KRISHNA  NAGAR,0.0,OpenAQ live network,2026-08-23 07:00:00,2026-08-24 07:00:00,24,78.3,76.37344
832,28.65641,77.292308,0,0.259,226,VISHWASH NAGAR,0.0,OpenAQ live network,2026-08-23 07:00:00,2026-08-24 07:00:00,24,67.7,106.23372
833,28.65641,77.307692,1,1.249,225,ANAND VIHAR,0.0,OpenAQ live network,2026-08-23 07:00:00,2026-08-24 07:00:00,24,39.2,65.53737
834,28.65641,77.323077,0,1.207,225,ANAND VIHAR,329.43860165353874,OpenAQ live network,2026-08-23 07:00:00,2026-08-24 07:00:00,24,56.9,65.53737
835,28.65641,77.338462,1,1.885,225,ANAND VIHAR,2007.0576754849133,OpenAQ live network,2026-08-23 07:00:00,2026-08-24 07:00:00,24,76.9,87.48386
836,28.65641,77.353846,0,0.549,225,ANAND VIHAR,3691.084357988917,OpenAQ live network,2026-08-23 07:00:00,2026-08-24 07:00:00,24,112.2,73.420525
837,28.65641,77.369231,1,0.889,240,DILSHAD COLONY,5133.984228749139,OpenAQ live network,2026-08-23 07:00:00,2026-08-24 07:00:00,24,61.2,99.21267
838,28.65641,77.384615,0,0.677,216,GHAROLI,6435.589108556156,OpenAQ live network,2026-08-23 07:00:00,2026-08-24 07:00:00,24,73.3,72.764915
839,28.65641,77.4,1,2.153,216,GHAROLI,7822.748350528896,OpenAQ live network,2026-08-23 07:00:00,2026-08-24 07:00:00,24,78.5,77.191124
840,28.669231,76.8,1,12.235,140,KHERA,10812.021571542437,OpenAQ live network,2026-08-23 07:00:00,2026-08-24 07:00:00,24,93.2,91.00437
841,28.669231,76.815385,1,10.734,140,KHERA,9322.86456008643,OpenAQ live network,2026-08-23 07:00:00,2026-08-24 07:00:00,24,93.2,91.00437
842,28.669231,76.830769,1,9.233,140,KHERA,7916.810272106527,OpenAQ live network,2026-08-23 07:00:00,2026-08-24 07:00:00,24,93.2,91.00437
843,28.669231,76.846154,1,7.732,140,KHERA,6655.865263475631,OpenAQ live network,2026-08-23 07:00:00,2026-08-24 07:00:00,24,127.0,117.51596
844,28.669231,76.861538,1,6.231,140,KHERA,5591.349701256082,OpenAQ live network,2026-08-23 07:00:00,2026-08-24 07:00:00,24,36.8,33.182674
845,28.669231,76.876923,1,4.731,140,KHERA,4894.800258452998,OpenAQ live network,2026-08-23 07:00:00,2026-08-24 07:00:00,24,58.1,62.297024
846,28.669231,76.892308,1,3.23,139,DICHAON KALAN,4363.909589253472,OpenAQ live network,2026-08-23 07:00:00,2026-08-24 07:00:00,24,58.3,60.5297
847,28.669231,76.907692,1,1.73,139,DICHAON KALAN,2877.068855555289,OpenAQ live network,2026-08-23 07:00:00,2026-08-24 07:00:00,24,52.2,54.541603
848,28.669231,76.923077,0,0.246,139,DICHAON KALAN,1241.0204915229378,OpenAQ live network,2026-08-23 07:00:00,2026-08-24 07:00:00,24,107.0,114.15429
849,28.669231,76.938462,1,1.278,139,DICHAON KALAN,165.43170474104036,OpenAQ live network,2026-08-23 07:00:00,2026-08-24 07:00:00,24,39.4,42.307735
850,28.669231,76.953846,1,2.777,30,MUNDAKA,26.16926523623866,OpenAQ live network,2026-08-23 07:00:00,2026-08-24 07:00:00,24,75.7,76.02163
851,28.669231,76.969231,1,4.277,30,MUNDAKA,0.0,OpenAQ live network,2026-08-23 07:00:00,2026-08-24 07:00:00,24,76.7,78.34938
852,28.669231,76.984615,1,5.778,30,MUNDAKA,0.0,OpenAQ live network,2026-08-23 07:00:00,2026-08-24 07:00:00,24,36.8,33.182674
853,28.669231,77.0,1,7.279,30,MUNDAKA,0.0,OpenAQ live network,2026-08-23 07:00:00,2026-08-24 07:00:00,24,127.1,117.51596
854,28.669231,77.015385,1,6.212,30,MUNDAKA,0.0,OpenAQ live network,2026-08-23 07:00:00,2026-08-24 07:00:00,24,36.5,35.80479
855,28.669231,77.030769,1,4.787,30,MUNDAKA,0.0,OpenAQ live network,2026-08-23 07:00:00,2026-08-24 07:00:00,24,60.8,61.460514
856,28.669231,77.046154,1,3.429,32,NILOTHI,0.0,OpenAQ live network,2026-08-23 07:00:00,2026-08-24 07:00:00,24,63.0,62.940357
857,28.669231,77.061538,1,2.259,43,NANGLOI EAST,0.0,OpenAQ live network,2026-08-23 07:00:00,2026-08-24 07:00:00,24,95.4,97.75326
858,28.669231,77.076923,1,1.718,44,QUAMMRUDDIN NAGAR,0.0,OpenAQ live network,2026-08-23 07:00:00,2026-08-24 07:00:00,24,57.1,56.448475
859,28.669231,77.092308,1,2.304,41,GURU HARKISHAN NAGAR,0.0,OpenAQ live network,2026-08-23 07:00:00,2026-08-24 07:00:00,24,79.0,79.76733
860,28.669231,77.107692,1,2.338,57,PASCHIM VIHAR SOUTH,0.0,OpenAQ live network,2026-08-23 07:00:00,2026-08-24 07:00:00,24,83.1,65.90675
861,28.669231,77.123077,1,0.942,103,PUNJABI BAGH,0.0,OpenAQ live network,2026-08-23 07:00:00,2026-08-24 07:00:00,24,56.0,55.987583
862,28.669231,77.138462,0,0.902,99,MOTI NAGAR,0.0,OpenAQ live network,2026-08-23 07:00:00,2026-08-24 07:00:00,24,112.3,113.099686
863,28.669231,77.153846,1,1.395,99,MOTI NAGAR,0.0,OpenAQ live network,2026-08-23 07:00:00,2026-08-24 07:00:00,24,43.2,71.162476
864,28.669231,77.169231,1,1.68,74,INDER LOK COLONY,0.0,OpenAQ live network,2026-08-23 07:00:00,2026-08-24 07:00:00,24,75.3,66.36988
865,28.669231,77.184615,1,2.865,74,INDER LOK COLONY,0.0,OpenAQ live network,2026-08-23 07:00:00,2026-08-24 07:00:00,24,96.2,53.647106
866,28.669231,77.2,1,2.764,75,KISHAN GANJ,0.0,OpenAQ live network,2026-08-23 07:00:00,2026-08-24 07:00:00,24,58.4,57.398926
867,28.669231,77.215385,1,1.491,78,MAJNU KA TILA,0.0,OpenAQ live network,2026-08-23 07:00:00,2026-08-24 07:00:00,24,68.3,85.82766
868,28.669231,77.230769,1,1.143,77,KASHMERE GATE,0.0,OpenAQ live network,2026-08-23 07:00:00,2026-08-24 07:00:00,24,42.4,85.82766
869,28.669231,77.246154,1,2.213,,,0.0,OpenAQ live network,2026-08-23 07:00:00,2026-08-24 07:00:00,24,70.4,85.36492
870,28.669231,77.261538,1,3.575,233,DHARAMPURA,0.0,OpenAQ live network,2026-08-23 07:00:00,2026-08-24 07:00:00,24,57.7,77.560524
871,28.669231,77.276923,1,2.294,236,RAGHUBAR PURA,0.0,OpenAQ live network,2026-08-23 07:00:00,2026-08-24 07:00:00,24,72.8,72.89589
872,28.669231,77.292308,1,1.5,238,JHILMIL,0.0,OpenAQ live network,2026-08-23 07:00:00,2026-08-24 07:00:00,24,59.1,60.90357
873,28.669231,77.307692,0,0.815,238,JHILMIL,0.0,OpenAQ live network,2026-08-23 07:00:00,2026-08-24 07:00:00,24,94.0,82.803375
874,28.669231,77.323077,1,0.837,239,VIVEK VIHAR,0.0,OpenAQ live network,2026-08-23 07:00:00,2026-08-24 07:00:00,24,94.3,82.803375
875,28.669231,77.338462,1,2.084,240,DILSHAD COLONY,1480.3695011227198,OpenAQ live network,2026-08-23 07:00:00,2026-08-24 07:00:00,24,71.6,70.85821
876,28.669231,77.353846,1,1.044,240,DILSHAD COLONY,2791.7641100912915,OpenAQ live network,2026-08-23 07:00:00,2026-08-24 07:00:00,24,69.9,72.764915
877,28.669231,77.369231,1,1.481,240,DILSHAD COLONY,4315.271924379621,OpenAQ live network,2026-08-23 07:00:00,2026-08-24 07:00:00,24,47.2,72.764915
878,28.669231,77.384615,1,1.364,240,DILSHAD COLONY,5942.580546183546,OpenAQ live network,2026-08-23 07:00:00,2026-08-24 07:00:00,24,91.5,76.42673
879,28.669231,77.4,1,2.457,240,DILSHAD COLONY,7607.50894069519,OpenAQ live network,2026-08-23 07:00:00,2026-08-24 07:00:00,24,77.8,60.12409
880,28.682051,76.8,1,12.306,140,KHERA,11644.696505463116,OpenAQ live network,2026-08-23 07:00:00,2026-08-24 07:00:00,24,93.2,91.00437
881,28.682051,76.815385,1,10.815,140,KHERA,10270.896281502615,OpenAQ live network,2026-08-23 07:00:00,2026-08-24 07:00:00,24,93.2,91.00437
882,28.682051,76.830769,1,9.327,140,KHERA,9013.955386188693,OpenAQ live network,2026-08-23 07:00:00,2026-08-24 07:00:00,24,93.2,91.00437
883,28.682051,76.846154,1,7.844,140,KHERA,7902.645890344887,OpenAQ live network,2026-08-23 07:00:00,2026-08-24 07:00:00,24,127.0,117.51596
884,28.682051,76.861538,1,6.37,140,KHERA,7020.142042939084,OpenAQ live network,2026-08-23 07:00:00,2026-08-24 07:00:00,24,36.8,33.182674
885,28.682051,76.876923,1,4.912,140,KHERA,6479.064160158934,OpenAQ live network,2026-08-23 07:00:00,2026-08-24 07:00:00,24,81.0,89.20842
886,28.682051,76.892308,1,3.491,139,DICHAON KALAN,5032.684422875884,OpenAQ live network,2026-08-23 07:00:00,2026-08-24 07:00:00,24,58.3,60.5297
887,28.682051,76.907692,1,2.18,139,DICHAON KALAN,3552.834961522452,OpenAQ live network,2026-08-23 07:00:00,2026-08-24 07:00:00,24,90.5,88.855354
888,28.682051,76.923077,1,1.348,139,DICHAON KALAN,2281.432053268099,OpenAQ live network,2026-08-23 07:00:00,2026-08-24 07:00:00,24,39.1,42.307735
889,28.682051,76.938462,1,1.841,139,DICHAON KALAN,1768.415241112067,OpenAQ live network,2026-08-23 07:00:00,2026-08-24 07:00:00,24,66.9,69.53194
890,28.682051,76.953846,1,3.077,30,MUNDAKA,345.16216411534657,OpenAQ live network,2026-08-23 07:00:00,2026-08-24 07:00:00,24,64.6,62.60476
891,28.682051,76.969231,1,4.478,30,MUNDAKA,0.0,OpenAQ live network,2026-08-23 07:00:00,2026-08-24 07:00:00,24,64.3,66.62938
892,28.682051,76.984615,1,5.928,30,MUNDAKA,0.0,OpenAQ live network,2026-08-23 07:00:00,2026-08-24 07:00:00,24,36.8,33.182674
893,28.682051,77.0,1,7.398,30,MUNDAKA,0.0,OpenAQ live network,2026-08-23 07:00:00,2026-08-24 07:00:00,24,127.1,117.51596
894,28.682051,77.015385,1,5.976,30,MUNDAKA,0.0,OpenAQ live network,2026-08-23 07:00:00,2026-08-24 07:00:00,24,36.5,35.80479
895,28.682051,77.030769,1,4.478,30,MUNDAKA,0.0,OpenAQ live network,2026-08-23 07:00:00,2026-08-24 07:00:00,24,69.3,67.46303
896,28.682051,77.046154,1,2.982,31,NANGLOI JAT WEST,0.0,OpenAQ live network,2026-08-23 07:00:00,2026-08-24 07:00:00,24,63.6,68.46829
897,28.682051,77.061538,1,1.496,32,NILOTHI,0.0,OpenAQ live network,2026-08-23 07:00:00,2026-08-24 07:00:00,24,40.3,41.49652
898,28.682051,77.076923,0,0.294,42,PERAGHARHI,0.0,OpenAQ live network,2026-08-23 07:00:00,2026-08-24 07:00:00,24,102.4,104.669044
899,28.682051,77.092308,1,1.562,42,PERAGHARHI,0.0,OpenAQ live network,2026-08-23 07:00:00,2026-08-24 07:00:00,24,40.3,41.49652
900,28.682051,77.107692,1,2.444,58,PASCHIM VIHAR NORTH,0.0,OpenAQ live network,2026-08-23 07:00:00,2026-08-24 07:00:00,24,91.5,73.340164
901,28.682051,77.123077,1,1.18,59,RANI BAGH,0.0,OpenAQ live network,2026-08-23 07:00:00,2026-08-24 07:00:00,24,77.0,66.929565
902,28.682051,77.138462,1,1.149,62,RAMPURA,0.0,OpenAQ live network,2026-08-23 07:00:00,2026-08-24 07:00:00,24,76.6,66.929565
903,28.682051,77.153846,1,2.275,62,RAMPURA,0.0,OpenAQ live network,2026-08-23 07:00:00,2026-08-24 07:00:00,24,78.7,75.519424
904,28.682051,77.169231,1,1.915,65,NIMRI COLONY,0.0,OpenAQ live network,2026-08-23 07:00:00,2026-08-24 07:00:00,24,68.5,63.801224
905,28.682051,77.184615,1,1.51,66,SAWAN PARK,0.0,OpenAQ live network,2026-08-23 07:00:00,2026-08-24 07:00:00,24,39.8,40.49728
906,28.682051,77.2,1,2.323,69,KAMLA NAGAR,0.0,OpenAQ live network,2026-08-23 07:00:00,2026-08-24 07:00:00,24,72.5,64.90002
907,28.682051,77.215385,1,1.119,10,TIMAR PUR,0.0,OpenAQ live network,2026-08-23 07:00:00,2026-08-24 07:00:00,24,58.9,58.258022
908,28.682051,77.230769,0,0.581,,,0.0,OpenAQ live network,2026-08-23 07:00:00,2026-08-24 07:00:00,24,71.1,69.90268
909,28.682051,77.246154,1,1.982,,,0.0,OpenAQ live network,2026-08-23 07:00:00,2026-08-24 07:00:00,24,55.8,52.948975
910,28.682051,77.261538,1,3.376,251,NEW USMANPUR,0.0,OpenAQ live network,2026-08-23 07:00:00,2026-08-24 07:00:00,24,55.3,52.948975
911,28.682051,77.276923,1,2.499,259,JANTA COLONY,0.0,OpenAQ live network,2026-08-23 07:00:00,2026-08-24 07:00:00,24,72.5,72.89589
912,28.682051,77.292308,0,1.001,260,BABAR PUR,0.0,OpenAQ live network,2026-08-23 07:00:00,2026-08-24 07:00:00,24,76.6,75.149124
913,28.682051,77.307692,0,0.263,241,DILSHAD GARDEN,0.0,OpenAQ live network,2026-08-23 07:00:00,2026-08-24 07:00:00,24,117.7,106.94137
914,28.682051,77.323077,1,1.322,240,DILSHAD COLONY,0.0,OpenAQ live network,2026-08-23 07:00:00,2026-08-24 07:00:00,24,39.9,35.604836
915,28.682051,77.338462,1,2.508,240,DILSHAD COLONY,594.4140060980412,OpenAQ live network,2026-08-23 07:00:00,2026-08-24 07:00:00,24,74.8,73.79808
916,28.682051,77.353846,1,2.438,240,DILSHAD COLONY,2305.3152838502906,OpenAQ live network,2026-08-23 07:00:00,2026-08-24 07:00:00,24,84.6,78.63717
917,28.682051,77.369231,1,2.683,240,DILSHAD COLONY,4017.723670550144,OpenAQ live network,2026-08-23 07:00:00,2026-08-24 07:00:00,24,72.4,77.191124
918,28.682051,77.384615,1,2.707,240,DILSHAD COLONY,5730.165378018251,OpenAQ live network,2026-08-23 07:00:00,2026-08-24 07:00:00,24,62.9,60.12409
919,28.682051,77.4,1,3.391,240,DILSHAD COLONY,7442.763196173661,OpenAQ live network,2026-08-23 07:00:00,2026-08-24 07:00:00,24,57.8,36.519646
920,28.694872,76.8,1,12.539,140,KHERA,12628.205181322935,OpenAQ live network,2026-08-23 07:00:00,2026-08-24 07:00:00,24,93.2,91.00437
921,28.694872,76.815385,1,11.08,140,KHERA,11373.82608547497,OpenAQ live network,2026-08-23 07:00:00,2026-08-24 07:00:00,24,93.2,91.00437
922,28.694872,76.830769,1,9.634,140,KHERA,10237.403561269024,OpenAQ live network,2026-08-23 07:00:00,2026-08-24 07:00:00,24,93.2,91.00437
923,28.694872,76.846154,1,8.207,140,KHERA,9261.10176840738,OpenAQ live network,2026-08-23 07:00:00,2026-08-24 07:00:00,24,126.7,117.51596
924,28.694872,76.861538,1,6.812,140,KHERA,8520.480514598592,OpenAQ live network,2026-08-23 07:00:00,2026-08-24 07:00:00,24,120.3,115.203285
925,28.694872,76.876923,1,5.473,139,DICHAON KALAN,7312.478084940057,OpenAQ live network,2026-08-23 07:00:00,2026-08-24 07:00:00,24,36.8,33.182674
926,28.694872,76.892308,1,4.244,139,DICHAON KALAN,5887.228214000969,OpenAQ live network,2026-08-23 07:00:00,2026-08-24 07:00:00,24,76.7,78.34938
927,28.694872,76.907692,1,3.251,139,DICHAON KALAN,4621.245671792117,OpenAQ live network,2026-08-23 07:00:00,2026-08-24 07:00:00,24,58.3,60.5297
928,28.694872,76.923077,1,2.764,30,MUNDAKA,3594.69353528828,OpenAQ live network,2026-08-23 07:00:00,2026-08-24 07:00:00,24,75.7,76.02163
929,28.694872,76.938462,1,3.035,30,MUNDAKA,2393.8745440954312,OpenAQ live network,2026-08-23 07:00:00,2026-08-24 07:00:00,24,64.6,62.60476
930,28.694872,76.953846,1,3.91,30,MUNDAKA,1059.286205671534,OpenAQ live network,2026-08-23 07:00:00,2026-08-24 07:00:00,24,76.7,77.584984
931,28.694872,76.969231,1,5.086,30,MUNDAKA,0.0,OpenAQ live network,2026-08-23 07:00:00,2026-08-24 07:00:00,24,36.9,33.182674
932,28.694872,76.984615,1,6.4,30,MUNDAKA,0.0,OpenAQ live network,2026-08-23 07:00:00,2026-08-24 07:00:00,24,36.8,33.182674
933,28.694872,77.0,1,7.555,30,MUNDAKA,0.0,OpenAQ live network,2026-08-23 07:00:00,2026-08-24 07:00:00,24,122.0,115.72927
934,28.694872,77.015385,1,6.075,30,MUNDAKA,0.0,OpenAQ live network,2026-08-23 07:00:00,2026-08-24 07:00:00,24,36.5,35.80479
935,28.694872,77.030769,1,4.61,30,MUNDAKA,0.0,OpenAQ live network,2026-08-23 07:00:00,2026-08-24 07:00:00,24,60.8,61.460514
936,28.694872,77.046154,1,3.176,36,PRATAP VIHAR,0.0,OpenAQ live network,2026-08-23 07:00:00,2026-08-24 07:00:00,24,63.0,62.940357
937,28.694872,77.061538,1,1.854,35,KIRARI SULEMAN NAGAR,0.0,OpenAQ live network,2026-08-23 07:00:00,2026-08-24 07:00:00,24,77.5,73.780136
938,28.694872,77.076923,1,1.134,37,SULTANPURI  EAST,0.0,OpenAQ live network,2026-08-23 07:00:00,2026-08-24 07:00:00,24,66.8,63.530567
939,28.694872,77.092308,1,1.908,46,MANGOLPURI  EAST,0.0,OpenAQ live network,2026-08-23 07:00:00,2026-08-24 07:00:00,24,77.5,73.780136
940,28.694872,77.107692,1,3.24,60,SARASWATI VIHAR,0.0,OpenAQ live network,2026-08-23 07:00:00,2026-08-24 07:00:00,24,63.0,62.940357
941,28.694872,77.123077,1,2.442,60,SARASWATI VIHAR,0.0,OpenAQ live network,2026-08-23 07:00:00,2026-08-24 07:00:00,24,92.3,73.340164
942,28.694872,77.138462,1,2.427,63,KOHAT ENCLAVE,0.0,OpenAQ live network,2026-08-23 07:00:00,2026-08-24 07:00:00,24,92.3,73.340164
943,28.694872,77.153846,1,1.257,53,PITAMPURA SOUTH,0.0,OpenAQ live network,2026-08-23 07:00:00,2026-08-24 07:00:00,24,56.6,58.738735
944,28.694872,77.169231,0,0.66,68,ASHOK VIHAR,0.0,OpenAQ live network,2026-08-23 07:00:00,2026-08-24 07:00:00,24,119.1,116.74283
945,28.694872,77.184615,0,0.293,71,SANGAM PARK,0.0,OpenAQ live network,2026-08-23 07:00:00,2026-08-24 07:00:00,24,110.6,105.502945
946,28.694872,77.2,1,1.789,72,MODEL TOWN,0.0,OpenAQ live network,2026-08-23 07:00:00,2026-08-24 07:00:00,24,68.5,63.801224
947,28.694872,77.215385,1,2.085,10,TIMAR PUR,0.0,OpenAQ live network,2026-08-23 07:00:00,2026-08-24 07:00:00,24,59.5,57.398926
948,28.694872,77.230769,1,1.853,,,0.0,OpenAQ live network,2026-08-23 07:00:00,2026-08-24 07:00:00,24,70.2,75.47103
949,28.694872,77.246154,1,1.769,,,0.0,OpenAQ live network,2026-08-23 07:00:00,2026-08-24 07:00:00,24,67.8,62.82482
950,28.694872,77.261538,1,2.099,253,BHAJANPURA,0.0,OpenAQ live network,2026-08-23 07:00:00,2026-08-24 07:00:00,24,52.8,55.079365
951,28.694872,77.276923,1,2.925,258,KARDAM PURI,0.0,OpenAQ live network,2026-08-23 07:00:00,2026-08-24 07:00:00,24,58.7,61.861763
952,28.694872,77.292308,1,1.82,246,ASHOK NAGAR,0.0,OpenAQ live network,2026-08-23 07:00:00,2026-08-24 07:00:00,24,68.1,67.04756
953,28.694872,77.307692,1,1.444,244,SUNDER NAGARI,0.0,OpenAQ live network,2026-08-23 07:00:00,2026-08-24 07:00:00,24,57.3,58.142033
954,28.694872,77.323077,1,2.264,244,SUNDER NAGARI,0.0,OpenAQ live network,2026-08-23 07:00:00,2026-08-24 07:00:00,24,72.8,72.89589
955,28.694872,77.338462,1,3.376,242,NEW SEEMA PURI,1110.4744082810244,OpenAQ live network,2026-08-23 07:00:00,2026-08-24 07:00:00,24,61.4,64.05234
956,28.694872,77.353846,1,3.855,242,NEW SEEMA PURI,2705.7632089077856,OpenAQ live network,2026-08-23 07:00:00,2026-08-24 07:00:00,24,77.9,64.74052
957,28.694872,77.369231,1,4.014,242,NEW SEEMA PURI,4323.943031165239,OpenAQ live network,2026-08-23 07:00:00,2026-08-24 07:00:00,24,74.7,36.519646
958,28.694872,77.384615,1,4.106,240,DILSHAD COLONY,5970.612147379304,OpenAQ live network,2026-08-23 07:00:00,2026-08-24 07:00:00,24,57.8,36.519646
959,28.694872,77.4,1,4.586,240,DILSHAD COLONY,7629.425807314167,OpenAQ live network,2026-08-23 07:00:00,2026-08-24 07:00:00,24,36.4,37.726448
960,28.707692,76.8,1,12.927,140,KHERA,13734.609583466205,OpenAQ live network,2026-08-23 07:00:00,2026-08-24 07:00:00,24,93.2,91.00437
961,28.707692,76.815385,1,11.517,140,KHERA,12582.4037734987,OpenAQ live network,2026-08-23 07:00:00,2026-08-24 07:00:00,24,93.2,91.00437
962,28.707692,76.830769,1,10.133,140,KHERA,11550.58118602743,OpenAQ live network,2026-08-23 07:00:00,2026-08-24 07:00:00,24,93.2,91.00437
963,28.707692,76.846154,1,8.788,140,KHERA,10694.835203196237,OpenAQ live network,2026-08-23 07:00:00,2026-08-24 07:00:00,24,93.2,91.00437
964,28.707692,76.861538,1,7.502,139,DICHAON KALAN,9632.101869780969,OpenAQ live network,2026-08-23 07:00:00,2026-08-24 07:00:00,24,127.1,117.51596
965,28.707692,76.876923,1,6.311,30,MUNDAKA,7955.611167724224,OpenAQ live network,2026-08-23 07:00:00,2026-08-24 07:00:00,24,36.8,33.182674
966,28.707692,76.892308,1,5.281,30,MUNDAKA,6249.961489882172,OpenAQ live network,2026-08-23 07:00:00,2026-08-24 07:00:00,24,36.8,33.182674
967,28.707692,76.907692,1,4.523,30,MUNDAKA,4549.685011152735,OpenAQ live network,2026-08-23 07:00:00,2026-08-24 07:00:00,24,64.3,66.62938
968,28.707692,76.923077,1,4.186,30,MUNDAKA,2863.949558493384,OpenAQ live network,2026-08-23 07:00:00,2026-08-24 07:00:00,24,76.7,78.34938
969,28.707692,76.938462,1,4.37,30,MUNDAKA,1253.4444534223796,OpenAQ live network,2026-08-23 07:00:00,2026-08-24 07:00:00,24,64.3,66.62938
970,28.707692,76.953846,1,5.017,30,MUNDAKA,77.37925468195694,OpenAQ live network,2026-08-23 07:00:00,2026-08-24 07:00:00,24,48.8,49.087868
971,28.707692,76.969231,1,5.979,30,MUNDAKA,0.0,OpenAQ live network,2026-08-23 07:00:00,2026-08-24 07:00:00,24,36.8,33.182674
972,28.707692,76.984615,1,7.13,30,MUNDAKA,0.0,OpenAQ live network,2026-08-23 07:00:00,2026-08-24 07:00:00,24,127.1,117.51596
973,28.707692,77.0,1,7.895,30,MUNDAKA,0.0,OpenAQ live network,2026-08-23 07:00:00,2026-08-24 07:00:00,24,121.8,115.72927
974,28.707692,77.015385,1,6.494,30,MUNDAKA,0.0,OpenAQ live network,2026-08-23 07:00:00,2026-08-24 07:00:00,24,36.5,35.80479
975,28.707692,77.030769,1,5.149,34,NITHARI,0.0,OpenAQ live network,2026-08-23 07:00:00,2026-08-24 07:00:00,24,36.5,35.80479
976,28.707692,77.046154,1,3.918,34,NITHARI,0.0,OpenAQ live network,2026-08-23 07:00:00,2026-08-24 07:00:00,24,81.2,80.66692
977,28.707692,77.061538,1,2.949,25,POOTH KALAN,0.0,OpenAQ live network,2026-08-23 07:00:00,2026-08-24 07:00:00,24,63.6,68.46829
978,28.707692,77.076923,1,2.559,25,POOTH KALAN,0.0,OpenAQ live network,2026-08-23 07:00:00,2026-08-24 07:00:00,24,78.3,85.01045
979,28.707692,77.092308,1,2.984,24,VIJAY VIHAR,0.0,OpenAQ live network,2026-08-23 07:00:00,2026-08-24 07:00:00,24,63.6,68.46829
980,28.707692,77.107692,1,3.008,45,ROHINI SOUTH,0.0,OpenAQ live network,2026-08-23 07:00:00,2026-08-24 07:00:00,24,55.0,51.464172
981,28.707692,77.123077,1,2.779,51,ROHINI EAST,0.0,OpenAQ live network,2026-08-23 07:00:00,2026-08-24 07:00:00,24,63.5,63.92981
982,28.707692,77.138462,1,2.775,54,PITAMPUR NORTH,0.0,OpenAQ live network,2026-08-23 07:00:00,2026-08-24 07:00:00,24,78.0,75.80667
983,28.707692,77.153846,1,1.433,56,SHALIMAR BAGH SOUTH,0.0,OpenAQ live network,2026-08-23 07:00:00,2026-08-24 07:00:00,24,40.7,42.166748
984,28.707692,77.169231,1,0.952,56,SHALIMAR BAGH SOUTH,0.0,OpenAQ live network,2026-08-23 07:00:00,2026-08-24 07:00:00,24,56.6,59.290882
985,28.707692,77.184615,1,1.399,72,MODEL TOWN,0.0,OpenAQ live network,2026-08-23 07:00:00,2026-08-24 07:00:00,24,38.8,38.073967
986,28.707692,77.2,1,2.0,13,DHIR PUR,0.0,OpenAQ live network,2026-08-23 07:00:00,2026-08-24 07:00:00,24,79.0,75.86005
987,28.707692,77.215385,1,2.432,11,MUKHERJEE NAGAR,0.0,OpenAQ live network,2026-08-23 07:00:00,2026-08-24 07:00:00,24,80.6,52.948975
988,28.707692,77.230769,1,1.852,,,0.0,OpenAQ live network,2026-08-23 07:00:00,2026-08-24 07:00:00,24,67.8,62.82482
989,28.707692,77.246154,0,0.451,272,SONIA VIHAR,0.0,OpenAQ live network,2026-08-23 07:00:00,2026-08-24 07:00:00,24,101.2,92.75553
990,28.707692,77.261538,1,1.216,269,KHAJOORI KHAS,0.0,OpenAQ live network,2026-08-23 07:00:00,2026-08-24 07:00:00,24,66.3,67.72027
991,28.707692,77.276923,1,2.694,261,JIWANPUR,0.0,OpenAQ live network,2026-08-23 07:00:00,2026-08-24 07:00:00,24,70.1,75.47103
992,28.707692,77.292308,1,3.103,262,GOKALPUR,186.1729297014976,OpenAQ live network,2026-08-23 07:00:00,2026-08-24 07:00:00,24,63.9,65.84752
993,28.707692,77.307692,1,2.858,263,SABOLI,0.0,OpenAQ live network,2026-08-23 07:00:00,2026-08-24 07:00:00,24,58.9,61.861763
994,28.707692,77.323077,1,3.348,264,HARSH VIHAR,0.0,OpenAQ live network,2026-08-23 07:00:00,2026-08-24 07:00:00,24,58.9,62.286404
995,28.707692,77.338462,1,4.33,264,HARSH VIHAR,1077.334274199197,OpenAQ live network,2026-08-23 07:00:00,2026-08-24 07:00:00,24,66.9,64.74052
996,28.707692,77.353846,1,5.276,264,HARSH VIHAR,2650.664099556091,OpenAQ live network,2026-08-23 07:00:00,2026-08-24 07:00:00,24,35.7,37.363728
997,28.707692,77.369231,1,5.394,264,HARSH VIHAR,4331.041948920209,OpenAQ live network,2026-08-23 07:00:00,2026-08-24 07:00:00,24,35.7,37.82584
998,28.707692,77.384615,1,5.518,264,HARSH VIHAR,6029.497210618033,OpenAQ live network,2026-08-23 07:00:00,2026-08-24 07:00:00,24,39.0,112.075035
999,28.707692,77.4,1,5.885,264,HARSH VIHAR,7734.277251780907,OpenAQ live network,2026-08-23 07:00:00,2026-08-24 07:00:00,24,40.0,112.075035
1000,28.720513,76.8,1,13.455,140,KHERA,14933.145028275543,OpenAQ live network,2026-08-23 07:00:00,2026-08-24 07:00:00,24,93.2,91.00437
1001,28.720513,76.815385,1,12.107,140,KHERA,13864.70666563318,OpenAQ live network,2026-08-23 07:00:00,2026-08-24 07:00:00,24,93.2,91.00437
1002,28.720513,76.830769,1,10.799,140,KHERA,12935.5762121256,OpenAQ live network,2026-08-23 07:00:00,2026-08-24 07:00:00,24,93.2,91.00437
1003,28.720513,76.846154,1,9.548,30,MUNDAKA,11398.382429162932,OpenAQ live network,2026-08-23 07:00:00,2026-08-24 07:00:00,24,93.2,91.00437
1004,28.720513,76.861538,1,8.38,30,MUNDAKA,9693.463499148496,OpenAQ live network,2026-08-23 07:00:00,2026-08-24 07:00:00,24,126.4,117.51596
1005,28.720513,76.876923,1,7.334,30,MUNDAKA,7991.69328934504,OpenAQ live network,2026-08-23 07:00:00,2026-08-24 07:00:00,24,127.1,117.51596
1006,28.720513,76.892308,1,6.469,30,MUNDAKA,6295.826490934635,OpenAQ live network,2026-08-23 07:00:00,2026-08-24 07:00:00,24,36.8,33.182674
1007,28.720513,76.907692,1,5.866,30,MUNDAKA,4612.488079079663,OpenAQ live network,2026-08-23 07:00:00,2026-08-24 07:00:00,24,36.8,33.182674
1008,28.720513,76.923077,1,5.61,30,MUNDAKA,2962.704786599332,OpenAQ live network,2026-08-23 07:00:00,2026-08-24 07:00:00,24,36.8,33.182674
1009,28.720513,76.938462,1,5.749,30,MUNDAKA,1412.2801299499658,OpenAQ live network,2026-08-23 07:00:00,2026-08-24 07:00:00,24,36.8,33.182674
1010,28.720513,76.953846,1,6.255,30,MUNDAKA,0.0,OpenAQ live network,2026-08-23 07:00:00,2026-08-24 07:00:00,24,36.8,33.182674
1011,28.720513,76.969231,1,7.05,30,MUNDAKA,0.0,OpenAQ live network,2026-08-23 07:00:00,2026-08-24 07:00:00,24,127.1,117.51596
1012,28.720513,76.984615,1,8.049,29,KARALA,0.0,OpenAQ live network,2026-08-23 07:00:00,2026-08-24 07:00:00,24,126.7,117.51596
1013,28.720513,77.0,1,7.946,29,KARALA,0.0,OpenAQ live network,2026-08-23 07:00:00,2026-08-24 07:00:00,24,113.3,106.50771
1014,28.720513,77.015385,1,7.103,30,MUNDAKA,0.0,OpenAQ live network,2026-08-23 07:00:00,2026-08-24 07:00:00,24,122.2,106.50771
1015,28.720513,77.030769,1,5.986,34,NITHARI,0.0,OpenAQ live network,2026-08-23 07:00:00,2026-08-24 07:00:00,24,36.5,35.80479
1016,28.720513,77.046154,1,4.968,29,KARALA,0.0,OpenAQ live network,2026-08-23 07:00:00,2026-08-24 07:00:00,24,86.2,84.490944
1017,28.720513,77.061538,1,4.246,25,POOTH KALAN,0.0,OpenAQ live network,2026-08-23 07:00:00,2026-08-24 07:00:00,24,81.2,80.68676
1018,28.720513,77.076923,1,3.985,25,POOTH KALAN,0.0,OpenAQ live network,2026-08-23 07:00:00,2026-08-24 07:00:00,24,81.2,80.68676
1019,28.720513,77.092308,1,3.006,23,BUDH VIHAR,0.0,OpenAQ live network,2026-08-23 07:00:00,2026-08-24 07:00:00,24,55.0,51.464172
1020,28.720513,77.107692,1,1.791,21,ROHINI,0.0,OpenAQ live network,2026-08-23 07:00:00,2026-08-24 07:00:00,24,64.4,60.843887
1021,28.720513,77.123077,1,1.371,50,ROHINI CENTRAL,0.0,OpenAQ live network,2026-08-23 07:00:00,2026-08-24 07:00:00,24,33.5,28.787045
1022,28.720513,77.138462,1,2.248,49,ROHINI NORTH,0.0,OpenAQ live network,2026-08-23 07:00:00,2026-08-24 07:00:00,24,78.8,73.97008
1023,28.720513,77.153846,1,2.134,55,SHALIMAR BAGH NORTH,0.0,OpenAQ live network,2026-08-23 07:00:00,2026-08-24 07:00:00,24,87.4,80.426674
1024,28.720513,77.169231,1,1.375,15,SARAI PIPAL THALA,0.0,OpenAQ live network,2026-08-23 07:00:00,2026-08-24 07:00:00,24,36.3,33.071968
1025,28.720513,77.184615,1,1.711,13,DHIR PUR,0.0,OpenAQ live network,2026-08-23 07:00:00,2026-08-24 07:00:00,24,58.2,69.17781
1026,28.720513,77.2,0,0.582,13,DHIR PUR,0.0,OpenAQ live network,2026-08-23 07:00:00,2026-08-24 07:00:00,24,115.6,52.08809
1027,28.720513,77.215385,1,1.5,13,DHIR PUR,0.0,OpenAQ live network,2026-08-23 07:00:00,2026-08-24 07:00:00,24,45.1,52.948975
1028,28.720513,77.230769,1,2.138,8,JHARODA,0.0,OpenAQ live network,2026-08-23 07:00:00,2026-08-24 07:00:00,24,82.9,89.64146
1029,28.720513,77.246154,1,1.159,272,SONIA VIHAR,0.0,OpenAQ live network,2026-08-23 07:00:00,2026-08-24 07:00:00,24,66.3,67.72027
1030,28.720513,77.261538,1,1.618,271,KARAWAL NAGAR WEST,0.0,OpenAQ live network,2026-08-23 07:00:00,2026-08-24 07:00:00,24,54.9,53.228527
1031,28.720513,77.276923,1,2.097,266,KARAWAL NAGAR EAST,0.0,OpenAQ live network,2026-08-23 07:00:00,2026-08-24 07:00:00,24,59.2,58.40579
1032,28.720513,77.292308,1,2.757,261,JIWANPUR,216.12684956914785,OpenAQ live network,2026-08-23 07:00:00,2026-08-24 07:00:00,24,74.6,72.76173
1033,28.720513,77.307692,1,3.912,263,SABOLI,834.9921603854574,OpenAQ live network,2026-08-23 07:00:00,2026-08-24 07:00:00,24,80.0,74.21719
1034,28.720513,77.323077,1,4.621,264,HARSH VIHAR,865.5736601160812,OpenAQ live network,2026-08-23 07:00:00,2026-08-24 07:00:00,24,57.7,60.056774
1035,28.720513,77.338462,1,5.375,264,HARSH VIHAR,1296.4304431574146,OpenAQ live network,2026-08-23 07:00:00,2026-08-24 07:00:00,24,32.8,38.564335
1036,28.720513,77.353846,1,6.399,264,HARSH VIHAR,2747.0170957343025,OpenAQ live network,2026-08-23 07:00:00,2026-08-24 07:00:00,24,36.2,37.363728
1037,28.720513,77.369231,1,6.793,264,HARSH VIHAR,4390.672741037252,OpenAQ live network,2026-08-23 07:00:00,2026-08-24 07:00:00,24,40.4,110.19349
1038,28.720513,77.384615,1,6.936,264,HARSH VIHAR,6072.47226164366,OpenAQ live network,2026-08-23 07:00:00,2026-08-24 07:00:00,24,118.4,92.43843
1039,28.720513,77.4,1,7.231,264,HARSH VIHAR,7767.826424618192,OpenAQ live network,2026-08-23 07:00:00,2026-08-24 07:00:00,24,115.9,95.382195
1040,28.733333,76.8,1,14.108,140,KHERA,16192.911988681186,OpenAQ live network,2026-08-23 07:00:00,2026-08-24 07:00:00,24,93.2,91.00437
1041,28.733333,76.815385,1,12.829,29,KARALA,14599.224189137982,OpenAQ live network,2026-08-23 07:00:00,2026-08-24 07:00:00,24,93.2,91.00437
1042,28.733333,76.830769,1,11.603,29,KARALA,12917.713649851528,OpenAQ live network,2026-08-23 07:00:00,2026-08-24 07:00:00,24,93.2,91.00437
1043,28.733333,76.846154,1,10.449,29,KARALA,11245.463493456597,OpenAQ live network,2026-08-23 07:00:00,2026-08-24 07:00:00,24,93.2,91.00437
1044,28.733333,76.861538,1,9.393,29,KARALA,9587.594558422365,OpenAQ live network,2026-08-23 07:00:00,2026-08-24 07:00:00,24,93.2,91.00437
1045,28.733333,76.876923,1,8.473,29,KARALA,7952.823175430965,OpenAQ live network,2026-08-23 07:00:00,2026-08-24 07:00:00,24,96.2,92.98182
1046,28.733333,76.892308,1,7.737,29,KARALA,6359.17966832244,OpenAQ live network,2026-08-23 07:00:00,2026-08-24 07:00:00,24,127.0,117.51596
1047,28.733333,76.907692,1,7.24,29,KARALA,4847.493038247128,OpenAQ live network,2026-08-23 07:00:00,2026-08-24 07:00:00,24,127.1,117.51596
1048,28.733333,76.923077,1,7.035,29,KARALA,3524.5229677339858,OpenAQ live network,2026-08-23 07:00:00,2026-08-24 07:00:00,24,127.1,117.51596
1049,28.733333,76.938462,1,7.146,29,KARALA,2048.6925258132374,OpenAQ live network,2026-08-23 07:00:00,2026-08-24 07:00:00,24,127.1,117.51596
1050,28.733333,76.953846,1,7.559,29,KARALA,559.3982287054498,OpenAQ live network,2026-08-23 07:00:00,2026-08-24 07:00:00,24,127.0,117.51596
1051,28.733333,76.969231,1,8.229,29,KARALA,0.0,OpenAQ live network,2026-08-23 07:00:00,2026-08-24 07:00:00,24,126.8,117.51596
1052,28.733333,76.984615,1,8.043,29,KARALA,0.0,OpenAQ live network,2026-08-23 07:00:00,2026-08-24 07:00:00,24,113.5,106.50771
1053,28.733333,77.0,1,6.893,29,KARALA,0.0,OpenAQ live network,2026-08-23 07:00:00,2026-08-24 07:00:00,24,113.6,106.50771
1054,28.733333,77.015385,1,5.901,29,KARALA,0.0,OpenAQ live network,2026-08-23 07:00:00,2026-08-24 07:00:00,24,71.7,21.425121
1055,28.733333,77.030769,1,5.161,29,KARALA,0.0,OpenAQ live network,2026-08-23 07:00:00,2026-08-24 07:00:00,24,71.3,21.425121
1056,28.733333,77.046154,1,4.791,29,KARALA,0.0,OpenAQ live network,2026-08-23 07:00:00,2026-08-24 07:00:00,24,46.5,60.89892
1057,28.733333,77.061538,1,4.875,27,BEGUMPUR,0.0,OpenAQ live network,2026-08-23 07:00:00,2026-08-24 07:00:00,24,46.8,60.89892
1058,28.733333,77.076923,1,3.829,26,SAHIBABAD DAULAT PUR,0.0,OpenAQ live network,2026-08-23 07:00:00,2026-08-24 07:00:00,24,77.2,75.622856
1059,28.733333,77.092308,1,2.621,25,POOTH KALAN,0.0,OpenAQ live network,2026-08-23 07:00:00,2026-08-24 07:00:00,24,72.9,70.921486
1060,28.733333,77.107692,1,1.196,21,ROHINI,0.0,OpenAQ live network,2026-08-23 07:00:00,2026-08-24 07:00:00,24,68.7,70.43138
1061,28.733333,77.123077,0,0.321,21,ROHINI,0.0,OpenAQ live network,2026-08-23 07:00:00,2026-08-24 07:00:00,24,114.4,106.760284
1062,28.733333,77.138462,1,1.81,17,SAMAYPUR BADLI,0.0,OpenAQ live network,2026-08-23 07:00:00,2026-08-24 07:00:00,24,64.4,60.843887
1063,28.733333,77.153846,1,1.638,15,SARAI PIPAL THALA,0.0,OpenAQ live network,2026-08-23 07:00:00,2026-08-24 07:00:00,24,56.7,56.181664
1064,28.733333,77.169231,0,0.148,5,BHALASWA JAHAGIR PUR,0.0,OpenAQ live network,2026-08-23 07:00:00,2026-08-24 07:00:00,24,102.4,99.0449
1065,28.733333,77.184615,1,1.364,6,MUKUND PUR,0.0,OpenAQ live network,2026-08-23 07:00:00,2026-08-24 07:00:00,24,36.3,33.071968
1066,28.733333,77.2,1,0.862,8,JHARODA,0.0,OpenAQ live network,2026-08-23 07:00:00,2026-08-24 07:00:00,24,108.0,104.33338
1067,28.733333,77.215385,1,1.629,8,JHARODA,0.0,OpenAQ live network,2026-08-23 07:00:00,2026-08-24 07:00:00,24,67.9,70.55722
1068,28.733333,77.230769,1,3.011,8,JHARODA,0.0,OpenAQ live network,2026-08-23 07:00:00,2026-08-24 07:00:00,24,51.9,66.371185
1069,28.733333,77.246154,1,2.559,,,0.0,OpenAQ live network,2026-08-23 07:00:00,2026-08-24 07:00:00,24,70.2,75.47103
1070,28.733333,77.261538,1,1.348,271,KARAWAL NAGAR WEST,0.0,OpenAQ live network,2026-08-23 07:00:00,2026-08-24 07:00:00,24,37.4,37.319958
1071,28.733333,77.276923,0,0.721,265,SHIV VIHAR,0.0,OpenAQ live network,2026-08-23 07:00:00,2026-08-24 07:00:00,24,96.7,86.34385
1072,28.733333,77.292308,1,1.929,265,SHIV VIHAR,1055.3372449944052,OpenAQ live network,2026-08-23 07:00:00,2026-08-24 07:00:00,24,69.5,65.52883
1073,28.733333,77.307692,1,3.38,261,JIWANPUR,2308.304094258588,OpenAQ live network,2026-08-23 07:00:00,2026-08-24 07:00:00,24,60.9,58.98521
1074,28.733333,77.323077,1,4.861,263,SABOLI,2479.0727532285423,OpenAQ live network,2026-08-23 07:00:00,2026-08-24 07:00:00,24,62.6,58.77962
1075,28.733333,77.338462,1,6.351,264,HARSH VIHAR,2738.192289395003,OpenAQ live network,2026-08-23 07:00:00,2026-08-24 07:00:00,24,32.3,37.157925
1076,28.733333,77.353846,1,7.426,264,HARSH VIHAR,3655.553042155652,OpenAQ live network,2026-08-23 07:00:00,2026-08-24 07:00:00,24,124.8,111.87604
1077,28.733333,77.369231,1,8.201,264,HARSH VIHAR,5009.488221230238,OpenAQ live network,2026-08-23 07:00:00,2026-08-24 07:00:00,24,118.0,94.97105
1078,28.733333,77.384615,1,8.357,264,HARSH VIHAR,6533.902699626662,OpenAQ live network,2026-08-23 07:00:00,2026-08-24 07:00:00,24,94.2,92.43843
1079,28.733333,77.4,1,8.603,264,HARSH VIHAR,8133.639559431777,OpenAQ live network,2026-08-23 07:00:00,2026-08-24 07:00:00,24,89.4,95.382195
1080,28.746154,76.8,1,14.869,29,KARALA,16107.6045341057,OpenAQ live network,2026-08-23 07:00:00,2026-08-24 07:00:00,24,93.2,91.00437
1081,28.746154,76.815385,1,13.662,29,KARALA,14398.46322599146,OpenAQ live network,2026-08-23 07:00:00,2026-08-24 07:00:00,24,93.2,91.00437
1082,28.746154,76.830769,1,12.518,29,KARALA,12690.37912298436,OpenAQ live network,2026-08-23 07:00:00,2026-08-24 07:00:00,24,93.2,91.00437
1083,28.746154,76.846154,1,11.456,29,KARALA,10983.571619841234,OpenAQ live network,2026-08-23 07:00:00,2026-08-24 07:00:00,24,93.2,91.00437
1084,28.746154,76.861538,1,10.503,29,KARALA,9279.028276829791,OpenAQ live network,2026-08-23 07:00:00,2026-08-24 07:00:00,24,93.2,91.00437
1085,28.746154,76.876923,1,9.689,29,KARALA,7577.980786805192,OpenAQ live network,2026-08-23 07:00:00,2026-08-24 07:00:00,24,93.2,91.00437
1086,28.746154,76.892308,1,9.052,29,KARALA,5883.669127298226,OpenAQ live network,2026-08-23 07:00:00,2026-08-24 07:00:00,24,93.2,91.00437
1087,28.746154,76.907692,1,8.631,29,KARALA,4204.353113306631,OpenAQ live network,2026-08-23 07:00:00,2026-08-24 07:00:00,24,93.2,91.00437
1088,28.746154,76.923077,1,8.46,29,KARALA,2569.17467206906,OpenAQ live network,2026-08-23 07:00:00,2026-08-24 07:00:00,24,96.2,92.98182
1089,28.746154,76.938462,1,8.552,29,KARALA,1179.2439497581502,OpenAQ live network,2026-08-23 07:00:00,2026-08-24 07:00:00,24,96.3,92.98182
1090,28.746154,76.953846,1,8.9,29,KARALA,120.22655779714536,OpenAQ live network,2026-08-23 07:00:00,2026-08-24 07:00:00,24,93.2,91.00437
1091,28.746154,76.969231,1,8.649,29,KARALA,0.0,OpenAQ live network,2026-08-23 07:00:00,2026-08-24 07:00:00,24,90.8,88.25675
1092,28.746154,76.984615,1,7.289,29,KARALA,0.0,OpenAQ live network,2026-08-23 07:00:00,2026-08-24 07:00:00,24,113.8,106.50771
1093,28.746154,77.0,1,5.996,29,KARALA,0.0,OpenAQ live network,2026-08-23 07:00:00,2026-08-24 07:00:00,24,62.6,21.425121
1094,28.746154,77.015385,1,4.823,29,KARALA,0.0,OpenAQ live network,2026-08-23 07:00:00,2026-08-24 07:00:00,24,74.1,60.89892
1095,28.746154,77.030769,1,3.883,29,KARALA,0.0,OpenAQ live network,2026-08-23 07:00:00,2026-08-24 07:00:00,24,96.9,74.0326
1096,28.746154,77.046154,1,3.375,27,BEGUMPUR,0.0,OpenAQ live network,2026-08-23 07:00:00,2026-08-24 07:00:00,24,46.4,53.841885
1097,28.746154,77.061538,1,3.493,27,BEGUMPUR,0.0,OpenAQ live network,2026-08-23 07:00:00,2026-08-24 07:00:00,24,53.4,53.841885
1098,28.746154,77.076923,1,3.376,26,SAHIBABAD DAULAT PUR,0.0,OpenAQ live network,2026-08-23 07:00:00,2026-08-24 07:00:00,24,57.8,59.27044
1099,28.746154,77.092308,1,1.898,26,SAHIBABAD DAULAT PUR,0.0,OpenAQ live network,2026-08-23 07:00:00,2026-08-24 07:00:00,24,71.2,68.54714
1100,28.746154,77.107692,0,0.556,26,SAHIBABAD DAULAT PUR,0.0,OpenAQ live network,2026-08-23 07:00:00,2026-08-24 07:00:00,24,114.1,108.4547
1101,28.746154,77.123077,0,0.384,26,SAHIBABAD DAULAT PUR,0.0,OpenAQ live network,2026-08-23 07:00:00,2026-08-24 07:00:00,24,77.9,72.930016
1102,28.746154,77.138462,1,1.816,17,SAMAYPUR BADLI,0.0,OpenAQ live network,2026-08-23 07:00:00,2026-08-24 07:00:00,24,75.1,70.82653
1103,28.746154,77.153846,1,2.208,19,BHALSWA,0.0,OpenAQ live network,2026-08-23 07:00:00,2026-08-24 07:00:00,24,87.4,80.426674
1104,28.746154,77.169231,1,1.489,5,BHALASWA JAHAGIR PUR,0.0,OpenAQ live network,2026-08-23 07:00:00,2026-08-24 07:00:00,24,38.3,36.41426
1105,28.746154,77.184615,1,2.014,6,MUKUND PUR,0.0,OpenAQ live network,2026-08-23 07:00:00,2026-08-24 07:00:00,24,70.9,69.17781
1106,28.746154,77.2,1,2.283,6,MUKUND PUR,0.0,OpenAQ live network,2026-08-23 07:00:00,2026-08-24 07:00:00,24,70.5,52.08809
1107,28.746154,77.215385,1,2.669,8,JHARODA,0.0,OpenAQ live network,2026-08-23 07:00:00,2026-08-24 07:00:00,24,63.2,61.544693
1108,28.746154,77.230769,1,3.679,8,JHARODA,0.0,OpenAQ live network,2026-08-23 07:00:00,2026-08-24 07:00:00,24,75.9,74.87174
1109,28.746154,77.246154,1,2.793,272,SONIA VIHAR,0.0,OpenAQ live network,2026-08-23 07:00:00,2026-08-24 07:00:00,24,74.6,72.76173
1110,28.746154,77.261538,1,1.416,272,SONIA VIHAR,405.3191702770334,OpenAQ live network,2026-08-23 07:00:00,2026-08-24 07:00:00,24,37.1,37.45111
1111,28.746154,77.276923,1,0.841,271,KARAWAL NAGAR WEST,1274.1235667134358,OpenAQ live network,2026-08-23 07:00:00,2026-08-24 07:00:00,24,95.5,86.34385
1112,28.746154,77.292308,1,1.808,265,SHIV VIHAR,2119.705445135304,OpenAQ live network,2026-08-23 07:00:00,2026-08-24 07:00:00,24,75.0,76.526375
1113,28.746154,77.307692,1,3.078,265,SHIV VIHAR,3417.3771430155366,OpenAQ live network,2026-08-23 07:00:00,2026-08-24 07:00:00,24,65.0,63.7768
1114,28.746154,77.323077,1,4.491,263,SABOLI,4039.605770595922,OpenAQ live network,2026-08-23 07:00:00,2026-08-24 07:00:00,24,68.0,71.40705
1115,28.746154,77.338462,1,5.947,264,HARSH VIHAR,4314.441051974432,OpenAQ live network,2026-08-23 07:00:00,2026-08-24 07:00:00,24,35.7,29.12591
1116,28.746154,77.353846,1,7.421,264,HARSH VIHAR,4947.703772587182,OpenAQ live network,2026-08-23 07:00:00,2026-08-24 07:00:00,24,131.0,121.90651
1117,28.746154,77.369231,1,8.903,264,HARSH VIHAR,6017.613880592912,OpenAQ live network,2026-08-23 07:00:00,2026-08-24 07:00:00,24,106.8,94.93693
1118,28.746154,77.384615,1,9.779,264,HARSH VIHAR,7335.433802131171,OpenAQ live network,2026-08-23 07:00:00,2026-08-24 07:00:00,24,95.4,94.93693
1119,28.746154,77.4,1,9.99,264,HARSH VIHAR,8790.494699390561,OpenAQ live network,2026-08-23 07:00:00,2026-08-24 07:00:00,24,89.7,92.43843
1120,28.758974,76.8,1,15.723,29,KARALA,16091.380270548194,OpenAQ live network,2026-08-23 07:00:00,2026-08-24 07:00:00,24,93.2,91.00437
1121,28.758974,76.815385,1,14.587,29,KARALA,14380.31079130328,OpenAQ live network,2026-08-23 07:00:00,2026-08-24 07:00:00,24,93.2,91.00437
1122,28.758974,76.830769,1,13.521,29,KARALA,12669.779693006602,OpenAQ live network,2026-08-23 07:00:00,2026-08-24 07:00:00,24,93.2,91.00437
1123,28.758974,76.846154,1,12.545,29,KARALA,10959.764628514016,OpenAQ live network,2026-08-23 07:00:00,2026-08-24 07:00:00,24,93.2,91.00437
1124,28.758974,76.861538,1,11.681,29,KARALA,9250.83568908518,OpenAQ live network,2026-08-23 07:00:00,2026-08-24 07:00:00,24,93.2,91.00437
1125,28.758974,76.876923,1,10.955,29,KARALA,7543.433435076751,OpenAQ live network,2026-08-23 07:00:00,2026-08-24 07:00:00,24,93.2,91.00437
1126,28.758974,76.892308,1,10.396,29,KARALA,5839.105889069617,OpenAQ live network,2026-08-23 07:00:00,2026-08-24 07:00:00,24,93.2,91.00437
1127,28.758974,76.907692,1,10.032,29,KARALA,4141.760529728434,OpenAQ live network,2026-08-23 07:00:00,2026-08-24 07:00:00,24,93.2,91.00437
1128,28.758974,76.923077,1,9.885,29,KARALA,2465.411462585173,OpenAQ live network,2026-08-23 07:00:00,2026-08-24 07:00:00,24,93.2,91.00437
1129,28.758974,76.938462,1,9.964,29,KARALA,830.7358369289515,OpenAQ live network,2026-08-23 07:00:00,2026-08-24 07:00:00,24,93.2,91.00437
1130,28.758974,76.953846,1,9.669,29,KARALA,0.0,OpenAQ live network,2026-08-23 07:00:00,2026-08-24 07:00:00,24,91.1,88.25675
1131,28.758974,76.969231,1,8.204,29,KARALA,0.0,OpenAQ live network,2026-08-23 07:00:00,2026-08-24 07:00:00,24,113.5,106.50771
1132,28.758974,76.984615,1,6.755,29,KARALA,0.0,OpenAQ live network,2026-08-23 07:00:00,2026-08-24 07:00:00,24,61.0,25.027344
1133,28.758974,77.0,1,5.334,27,BEGUMPUR,0.0,OpenAQ live network,2026-08-23 07:00:00,2026-08-24 07:00:00,24,61.6,21.425121
1134,28.758974,77.015385,1,3.971,27,BEGUMPUR,0.0,OpenAQ live network,2026-08-23 07:00:00,2026-08-24 07:00:00,24,84.3,77.86972
1135,28.758974,77.030769,1,2.754,27,BEGUMPUR,0.0,OpenAQ live network,2026-08-23 07:00:00,2026-08-24 07:00:00,24,90.0,62.854374
1136,28.758974,77.046154,1,1.975,27,BEGUMPUR,0.0,OpenAQ live network,2026-08-23 07:00:00,2026-08-24 07:00:00,24,55.0,61.547997
1137,28.758974,77.061538,1,2.17,27,BEGUMPUR,0.0,OpenAQ live network,2026-08-23 07:00:00,2026-08-24 07:00:00,24,78.5,75.973755
1138,28.758974,77.076923,1,3.165,26,SAHIBABAD DAULAT PUR,0.0,OpenAQ live network,2026-08-23 07:00:00,2026-08-24 07:00:00,24,54.0,53.841885
1139,28.758974,77.092308,1,2.097,3,ALIPUR,0.0,OpenAQ live network,2026-08-23 07:00:00,2026-08-24 07:00:00,24,58.6,59.365917
1140,28.758974,77.107692,1,1.052,26,SAHIBABAD DAULAT PUR,0.0,OpenAQ live network,2026-08-23 07:00:00,2026-08-24 07:00:00,24,74.6,72.930016
1141,28.758974,77.123077,1,1.52,3,ALIPUR,0.0,OpenAQ live network,2026-08-23 07:00:00,2026-08-24 07:00:00,24,44.1,42.935074
1142,28.758974,77.138462,1,2.452,18,LIBAS PUR,0.0,OpenAQ live network,2026-08-23 07:00:00,2026-08-24 07:00:00,24,73.1,70.921486
1143,28.758974,77.153846,1,3.337,18,LIBAS PUR,0.0,OpenAQ live network,2026-08-23 07:00:00,2026-08-24 07:00:00,24,55.6,52.08809
1144,28.758974,77.169231,1,2.911,18,LIBAS PUR,0.0,OpenAQ live network,2026-08-23 07:00:00,2026-08-24 07:00:00,24,58.4,53.38125
1145,28.758974,77.184615,1,3.212,6,MUKUND PUR,0.0,OpenAQ live network,2026-08-23 07:00:00,2026-08-24 07:00:00,24,55.6,52.08809
1146,28.758974,77.2,1,3.707,7,BURARI,0.0,OpenAQ live network,2026-08-23 07:00:00,2026-08-24 07:00:00,24,75.9,80.643974
1147,28.758974,77.215385,1,3.957,7,BURARI,0.0,OpenAQ live network,2026-08-23 07:00:00,2026-08-24 07:00:00,24,75.6,21.74642
1148,28.758974,77.230769,1,4.685,8,JHARODA,0.0,OpenAQ live network,2026-08-23 07:00:00,2026-08-24 07:00:00,24,61.9,67.07473
1149,28.758974,77.246154,1,3.187,272,SONIA VIHAR,294.892642673768,OpenAQ live network,2026-08-23 07:00:00,2026-08-24 07:00:00,24,60.4,57.67597
1150,28.758974,77.261538,1,1.692,272,SONIA VIHAR,612.52799963502,OpenAQ live network,2026-08-23 07:00:00,2026-08-24 07:00:00,24,63.2,63.70933
1151,28.758974,77.276923,0,0.261,272,SONIA VIHAR,2182.8114408628308,OpenAQ live network,2026-08-23 07:00:00,2026-08-24 07:00:00,24,122.7,133.99911
1152,28.758974,77.292308,1,1.331,265,SHIV VIHAR,3450.7624819309863,OpenAQ live network,2026-08-23 07:00:00,2026-08-24 07:00:00,24,42.9,48.549133
1153,28.758974,77.307692,1,2.823,265,SHIV VIHAR,4471.490127938892,OpenAQ live network,2026-08-23 07:00:00,2026-08-24 07:00:00,24,78.3,80.82787
1154,28.758974,77.323077,1,4.321,263,SABOLI,5638.345703522856,OpenAQ live network,2026-08-23 07:00:00,2026-08-24 07:00:00,24,83.6,85.95649
1155,28.758974,77.338462,1,5.82,264,HARSH VIHAR,5916.222695092609,OpenAQ live network,2026-08-23 07:00:00,2026-08-24 07:00:00,24,35.7,29.12591
1156,28.758974,77.353846,1,7.319,264,HARSH VIHAR,6395.0319672406185,OpenAQ live network,2026-08-23 07:00:00,2026-08-24 07:00:00,24,131.0,121.90651
1157,28.758974,77.369231,1,8.818,264,HARSH VIHAR,7254.539134683917,OpenAQ live network,2026-08-23 07:00:00,2026-08-24 07:00:00,24,106.8,94.93693
1158,28.758974,77.384615,1,10.317,264,HARSH VIHAR,8380.050734106839,OpenAQ live network,2026-08-23 07:00:00,2026-08-24 07:00:00,24,106.8,94.93693
1159,28.758974,77.4,1,11.387,264,HARSH VIHAR,9679.331500716851,OpenAQ live network,2026-08-23 07:00:00,2026-08-24 07:00:00,24,95.4,94.93693
1160,28.771795,76.8,1,16.655,28,BAWANA,16170.4035808703,OpenAQ live network,2026-08-23 07:00:00,2026-08-24 07:00:00,24,93.2,91.00437
1161,28.771795,76.815385,1,15.587,28,BAWANA,14499.662071444252,OpenAQ live network,2026-08-23 07:00:00,2026-08-24 07:00:00,24,93.2,91.00437
1162,28.771795,76.830769,1,14.595,28,BAWANA,12840.0759205031,OpenAQ live network,2026-08-23 07:00:00,2026-08-24 07:00:00,24,93.2,91.00437
1163,28.771795,76.846154,1,13.696,29,KARALA,11175.647872372734,OpenAQ live network,2026-08-23 07:00:00,2026-08-24 07:00:00,24,93.2,91.00437
1164,28.771795,76.861538,1,12.909,29,KARALA,9505.610217197753,OpenAQ live network,2026-08-23 07:00:00,2026-08-24 07:00:00,24,93.2,91.00437
1165,28.771795,76.876923,1,12.256,29,KARALA,7853.494590499925,OpenAQ live network,2026-08-23 07:00:00,2026-08-24 07:00:00,24,93.2,91.00437
1166,28.771795,76.892308,1,11.759,29,KARALA,6214.793812020929,OpenAQ live network,2026-08-23 07:00:00,2026-08-24 07:00:00,24,93.2,91.00437
1167,28.771795,76.907692,1,11.439,29,KARALA,4623.248609613516,OpenAQ live network,2026-08-23 07:00:00,2026-08-24 07:00:00,24,93.2,91.00437
1168,28.771795,76.923077,1,11.31,27,BEGUMPUR,2986.062374610944,OpenAQ live network,2026-08-23 07:00:00,2026-08-24 07:00:00,24,93.2,91.00437
1169,28.771795,76.938462,1,10.987,27,BEGUMPUR,1362.1994818691203,OpenAQ live network,2026-08-23 07:00:00,2026-08-24 07:00:00,24,91.1,88.25675
1170,28.771795,76.953846,1,9.489,27,BEGUMPUR,0.0,OpenAQ live network,2026-08-23 07:00:00,2026-08-24 07:00:00,24,91.1,88.25675
1171,28.771795,76.969231,1,7.992,27,BEGUMPUR,0.0,OpenAQ live network,2026-08-23 07:00:00,2026-08-24 07:00:00,24,113.5,106.50771
1172,28.771795,76.984615,1,6.496,27,BEGUMPUR,0.0,OpenAQ live network,2026-08-23 07:00:00,2026-08-24 07:00:00,24,61.2,21.425121
1173,28.771795,77.0,1,5.002,27,BEGUMPUR,0.0,OpenAQ live network,2026-08-23 07:00:00,2026-08-24 07:00:00,24,67.4,42.465588
1174,28.771795,77.015385,1,3.513,27,BEGUMPUR,0.0,OpenAQ live network,2026-08-23 07:00:00,2026-08-24 07:00:00,24,70.4,53.841885
1175,28.771795,77.030769,1,2.039,27,BEGUMPUR,0.0,OpenAQ live network,2026-08-23 07:00:00,2026-08-24 07:00:00,24,89.3,61.547997
1176,28.771795,77.046154,0,0.685,27,BEGUMPUR,0.0,OpenAQ live network,2026-08-23 07:00:00,2026-08-24 07:00:00,24,82.8,115.183464
1177,28.771795,77.061538,1,1.131,27,BEGUMPUR,0.0,OpenAQ live network,2026-08-23 07:00:00,2026-08-24 07:00:00,24,57.6,75.143265
1178,28.771795,77.076923,1,2.567,3,ALIPUR,0.0,OpenAQ live network,2026-08-23 07:00:00,2026-08-24 07:00:00,24,73.1,62.854374
1179,28.771795,77.092308,1,3.043,3,ALIPUR,0.0,OpenAQ live network,2026-08-23 07:00:00,2026-08-24 07:00:00,24,60.3,57.86526
1180,28.771795,77.107692,1,2.443,3,ALIPUR,0.0,OpenAQ live network,2026-08-23 07:00:00,2026-08-24 07:00:00,24,78.4,75.56364
1181,28.771795,77.123077,1,2.678,3,ALIPUR,0.0,OpenAQ live network,2026-08-23 07:00:00,2026-08-24 07:00:00,24,72.9,70.921486
1182,28.771795,77.138462,1,3.576,5,BHALASWA JAHAGIR PUR,0.0,OpenAQ live network,2026-08-23 07:00:00,2026-08-24 07:00:00,24,60.9,60.415394
1183,28.771795,77.153846,1,4.521,5,BHALASWA JAHAGIR PUR,0.0,OpenAQ live network,2026-08-23 07:00:00,2026-08-24 07:00:00,24,58.3,61.544693
1184,28.771795,77.169231,1,4.336,5,BHALASWA JAHAGIR PUR,0.0,OpenAQ live network,2026-08-23 07:00:00,2026-08-24 07:00:00,24,64.3,67.54723
1185,28.771795,77.184615,1,4.543,7,BURARI,0.0,OpenAQ live network,2026-08-23 07:00:00,2026-08-24 07:00:00,24,64.3,67.54723
1186,28.771795,77.2,1,5.132,7,BURARI,0.0,OpenAQ live network,2026-08-23 07:00:00,2026-08-24 07:00:00,24,37.2,21.74642
1187,28.771795,77.215385,1,5.315,7,BURARI,0.0,OpenAQ live network,2026-08-23 07:00:00,2026-08-24 07:00:00,24,37.1,21.74642
1188,28.771795,77.230769,1,4.951,8,JHARODA,420.0266087537199,OpenAQ live network,2026-08-23 07:00:00,2026-08-24 07:00:00,24,94.7,102.76122
1189,28.771795,77.246154,1,3.567,,,1752.542294984418,OpenAQ live network,2026-08-23 07:00:00,2026-08-24 07:00:00,24,61.6,60.11826
1190,28.771795,77.261538,1,2.33,272,SONIA VIHAR,2040.574324940687,OpenAQ live network,2026-08-23 07:00:00,2026-08-24 07:00:00,24,79.7,81.34721
1191,28.771795,77.276923,1,1.623,272,SONIA VIHAR,2969.8946347238275,OpenAQ live network,2026-08-23 07:00:00,2026-08-24 07:00:00,24,59.6,61.759567
1192,28.771795,77.292308,1,2.082,272,SONIA VIHAR,4398.061761554486,OpenAQ live network,2026-08-23 07:00:00,2026-08-24 07:00:00,24,58.7,58.33959
1193,28.771795,77.307692,1,3.246,271,KARAWAL NAGAR WEST,5752.249181996998,OpenAQ live network,2026-08-23 07:00:00,2026-08-24 07:00:00,24,60.4,57.67597
1194,28.771795,77.323077,1,4.608,265,SHIV VIHAR,6831.158383178327,OpenAQ live network,2026-08-23 07:00:00,2026-08-24 07:00:00,24,61.9,67.07473
1195,28.771795,77.338462,1,6.036,264,HARSH VIHAR,7515.008012494009,OpenAQ live network,2026-08-23 07:00:00,2026-08-24 07:00:00,24,35.7,29.12591
1196,28.771795,77.353846,1,7.491,264,HARSH VIHAR,7913.126206315382,OpenAQ live network,2026-08-23 07:00:00,2026-08-24 07:00:00,24,131.0,121.90651
1197,28.771795,77.369231,1,8.962,264,HARSH VIHAR,8622.613904826443,OpenAQ live network,2026-08-23 07:00:00,2026-08-24 07:00:00,24,106.8,94.93693
1198,28.771795,77.384615,1,10.44,264,HARSH VIHAR,9588.867649584616,OpenAQ live network,2026-08-23 07:00:00,2026-08-24 07:00:00,24,106.8,94.93693
1199,28.771795,77.4,1,11.924,264,HARSH VIHAR,10742.932132142294,OpenAQ live network,2026-08-23 07:00:00,2026-08-24 07:00:00,24,106.8,94.93693
1200,28.784615,76.8,1,17.654,28,BAWANA,15911.334108797888,OpenAQ live network,2026-08-23 07:00:00,2026-08-24 07:00:00,24,93.2,91.00437
1201,28.784615,76.815385,1,16.65,28,BAWANA,14210.165422670176,OpenAQ live network,2026-08-23 07:00:00,2026-08-24 07:00:00,24,93.2,91.00437
1202,28.784615,76.830769,1,15.725,28,BAWANA,12512.240039171864,OpenAQ live network,2026-08-23 07:00:00,2026-08-24 07:00:00,24,93.2,91.00437
1203,28.784615,76.846154,1,14.895,28,BAWANA,10818.812449420138,OpenAQ live network,2026-08-23 07:00:00,2026-08-24 07:00:00,24,93.2,91.00437
1204,28.784615,76.861538,1,14.175,28,BAWANA,9132.666286091366,OpenAQ live network,2026-08-23 07:00:00,2026-08-24 07:00:00,24,93.2,91.00437
1205,28.784615,76.876923,1,13.583,28,BAWANA,7458.448183828905,OpenAQ live network,2026-08-23 07:00:00,2026-08-24 07:00:00,24,93.2,91.00437
1206,28.784615,76.892308,1,13.136,28,BAWANA,5806.689907336403,OpenAQ live network,2026-08-23 07:00:00,2026-08-24 07:00:00,24,93.2,91.00437
1207,28.784615,76.907692,1,12.85,28,BAWANA,4204.050526000835,OpenAQ live network,2026-08-23 07:00:00,2026-08-24 07:00:00,24,93.2,91.00437
1208,28.784615,76.923077,1,12.51,28,BAWANA,2737.798932384733,OpenAQ live network,2026-08-23 07:00:00,2026-08-24 07:00:00,24,91.1,88.25675
1209,28.784615,76.938462,1,11.015,27,BEGUMPUR,1304.9242750934188,OpenAQ live network,2026-08-23 07:00:00,2026-08-24 07:00:00,24,91.1,88.25675
1210,28.784615,76.953846,1,9.522,27,BEGUMPUR,0.0,OpenAQ live network,2026-08-23 07:00:00,2026-08-24 07:00:00,24,91.1,88.25675
1211,28.784615,76.969231,1,8.031,27,BEGUMPUR,0.0,OpenAQ live network,2026-08-23 07:00:00,2026-08-24 07:00:00,24,113.5,106.50771
1212,28.784615,76.984615,1,6.544,27,BEGUMPUR,0.0,OpenAQ live network,2026-08-23 07:00:00,2026-08-24 07:00:00,24,63.7,21.425121
1213,28.784615,77.0,1,5.065,28,BAWANA,0.0,OpenAQ live network,2026-08-23 07:00:00,2026-08-24 07:00:00,24,63.7,21.425121
1214,28.784615,77.015385,1,3.602,28,BAWANA,0.0,OpenAQ live network,2026-08-23 07:00:00,2026-08-24 07:00:00,24,77.2,50.854195
1215,28.784615,77.030769,1,2.189,28,BAWANA,0.0,OpenAQ live network,2026-08-23 07:00:00,2026-08-24 07:00:00,24,103.7,75.973755
1216,28.784615,77.046154,1,1.051,28,BAWANA,0.0,OpenAQ live network,2026-08-23 07:00:00,2026-08-24 07:00:00,24,98.9,75.143265
1217,28.784615,77.061538,1,1.384,27,BEGUMPUR,0.0,OpenAQ live network,2026-08-23 07:00:00,2026-08-24 07:00:00,24,37.2,36.06446
1218,28.784615,77.076923,1,2.687,3,ALIPUR,0.0,OpenAQ live network,2026-08-23 07:00:00,2026-08-24 07:00:00,24,73.7,62.854374
1219,28.784615,77.092308,1,4.126,3,ALIPUR,0.0,OpenAQ live network,2026-08-23 07:00:00,2026-08-24 07:00:00,24,78.0,77.86972
1220,28.784615,77.107692,1,3.859,3,ALIPUR,0.0,OpenAQ live network,2026-08-23 07:00:00,2026-08-24 07:00:00,24,77.2,75.622856
1221,28.784615,77.123077,1,4.012,3,ALIPUR,0.0,OpenAQ live network,2026-08-23 07:00:00,2026-08-24 07:00:00,24,77.9,76.277405
1222,28.784615,77.138462,1,3.698,3,ALIPUR,0.0,OpenAQ live network,2026-08-23 07:00:00,2026-08-24 07:00:00,24,79.4,78.890686
1223,28.784615,77.153846,1,3.416,5,BHALASWA JAHAGIR PUR,0.0,OpenAQ live network,2026-08-23 07:00:00,2026-08-24 07:00:00,24,58.6,51.55934
1224,28.784615,77.169231,1,3.763,5,BHALASWA JAHAGIR PUR,0.0,OpenAQ live network,2026-08-23 07:00:00,2026-08-24 07:00:00,24,79.6,78.890686
1225,28.784615,77.184615,1,4.599,4,BAKHTAWAR PUR,0.0,OpenAQ live network,2026-08-23 07:00:00,2026-08-24 07:00:00,24,60.4,65.22217
1226,28.784615,77.2,1,5.712,7,BURARI,0.0,OpenAQ live network,2026-08-23 07:00:00,2026-08-24 07:00:00,24,30.0,25.975605
1227,28.784615,77.215385,1,6.702,7,BURARI,0.0,OpenAQ live network,2026-08-23 07:00:00,2026-08-24 07:00:00,24,37.5,121.90651
1228,28.784615,77.230769,1,5.58,7,BURARI,0.0,OpenAQ live network,2026-08-23 07:00:00,2026-08-24 07:00:00,24,35.7,29.12591
1229,28.784615,77.246154,1,4.399,7,BURARI,1513.5324394714503,OpenAQ live network,2026-08-23 07:00:00,2026-08-24 07:00:00,24,68.0,71.40705
1230,28.784615,77.261538,1,3.472,7,BURARI,3226.0696992161484,OpenAQ live network,2026-08-23 07:00:00,2026-08-24 07:00:00,24,60.4,57.67597
1231,28.784615,77.276923,1,3.043,272,SONIA VIHAR,4232.169732431213,OpenAQ live network,2026-08-23 07:00:00,2026-08-24 07:00:00,24,65.0,63.7768
1232,28.784615,77.292308,1,3.311,272,SONIA VIHAR,5332.34786573356,OpenAQ live network,2026-08-23 07:00:00,2026-08-24 07:00:00,24,60.4,57.67597
1233,28.784615,77.307692,1,4.143,272,SONIA VIHAR,6694.900561714026,OpenAQ live network,2026-08-23 07:00:00,2026-08-24 07:00:00,24,83.6,85.95649
1234,28.784615,77.323077,1,5.278,265,SHIV VIHAR,8081.593959687954,OpenAQ live network,2026-08-23 07:00:00,2026-08-24 07:00:00,24,35.7,29.12591
1235,28.784615,77.338462,1,6.562,264,HARSH VIHAR,9124.25486750766,OpenAQ live network,2026-08-23 07:00:00,2026-08-24 07:00:00,24,36.7,30.729136
1236,28.784615,77.353846,1,7.921,264,HARSH VIHAR,9467.932032185026,OpenAQ live network,2026-08-23 07:00:00,2026-08-24 07:00:00,24,130.8,121.90651
1237,28.784615,77.369231,1,9.324,264,HARSH VIHAR,10068.447802948893,OpenAQ live network,2026-08-23 07:00:00,2026-08-24 07:00:00,24,106.8,94.93693
1238,28.784615,77.384615,1,10.752,264,HARSH VIHAR,10907.36234890225,OpenAQ live network,2026-08-23 07:00:00,2026-08-24 07:00:00,24,106.8,94.93693
1239,28.784615,77.4,1,12.198,264,HARSH VIHAR,11934.603529435546,OpenAQ live network,2026-08-23 07:00:00,2026-08-24 07:00:00,24,106.8,94.93693
1240,28.797436,76.8,1,18.708,28,BAWANA,15816.487120720443,OpenAQ live network,2026-08-23 07:00:00,2026-08-24 07:00:00,24,93.2,91.00437
1241,28.797436,76.815385,1,17.764,28,BAWANA,14103.882907120706,OpenAQ live network,2026-08-23 07:00:00,2026-08-24 07:00:00,24,93.2,91.00437
1242,28.797436,76.830769,1,16.9,28,BAWANA,12391.40276627211,OpenAQ live network,2026-08-23 07:00:00,2026-08-24 07:00:00,24,93.2,91.00437
1243,28.797436,76.846154,1,16.13,28,BAWANA,10678.83020437392,OpenAQ live network,2026-08-23 07:00:00,2026-08-24 07:00:00,24,93.2,91.00437
1244,28.797436,76.861538,1,15.468,28,BAWANA,8966.398675679684,OpenAQ live network,2026-08-23 07:00:00,2026-08-24 07:00:00,24,93.2,91.00437
1245,28.797436,76.876923,1,14.927,28,BAWANA,7253.906604649749,OpenAQ live network,2026-08-23 07:00:00,2026-08-24 07:00:00,24,93.2,91.00437
1246,28.797436,76.892308,1,14.522,28,BAWANA,5541.51237462148,OpenAQ live network,2026-08-23 07:00:00,2026-08-24 07:00:00,24,93.2,91.00437
1247,28.797436,76.907692,1,14.171,28,BAWANA,3829.45851828799,OpenAQ live network,2026-08-23 07:00:00,2026-08-24 07:00:00,24,91.1,88.25675
1248,28.797436,76.923077,1,12.695,28,BAWANA,2118.078070394842,OpenAQ live network,2026-08-23 07:00:00,2026-08-24 07:00:00,24,91.1,88.25675
1249,28.797436,76.938462,1,11.226,28,BAWANA,417.2522409986464,OpenAQ live network,2026-08-23 07:00:00,2026-08-24 07:00:00,24,91.1,88.25675
1250,28.797436,76.953846,1,9.765,28,BAWANA,0.0,OpenAQ live network,2026-08-23 07:00:00,2026-08-24 07:00:00,24,91.1,88.25675
1251,28.797436,76.969231,1,8.318,28,BAWANA,0.0,OpenAQ live network,2026-08-23 07:00:00,2026-08-24 07:00:00,24,116.5,106.50771
1252,28.797436,76.984615,1,6.894,28,BAWANA,0.0,OpenAQ live network,2026-08-23 07:00:00,2026-08-24 07:00:00,24,117.4,106.50771
1253,28.797436,77.0,1,5.509,28,BAWANA,0.0,OpenAQ live network,2026-08-23 07:00:00,2026-08-24 07:00:00,24,63.7,21.425121
1254,28.797436,77.015385,1,4.204,28,BAWANA,0.0,OpenAQ live network,2026-08-23 07:00:00,2026-08-24 07:00:00,24,86.0,77.86972
1255,28.797436,77.030769,1,3.081,28,BAWANA,0.0,OpenAQ live network,2026-08-23 07:00:00,2026-08-24 07:00:00,24,87.9,49.689255
1256,28.797436,77.046154,1,2.41,28,BAWANA,0.0,OpenAQ live network,2026-08-23 07:00:00,2026-08-24 07:00:00,24,62.3,69.75114
1257,28.797436,77.061538,1,2.572,28,BAWANA,0.0,OpenAQ live network,2026-08-23 07:00:00,2026-08-24 07:00:00,24,62.0,62.854374
1258,28.797436,77.076923,1,3.453,3,ALIPUR,0.0,OpenAQ live network,2026-08-23 07:00:00,2026-08-24 07:00:00,24,64.9,53.841885
1259,28.797436,77.092308,1,2.977,3,ALIPUR,0.0,OpenAQ live network,2026-08-23 07:00:00,2026-08-24 07:00:00,24,58.8,59.5749
1260,28.797436,77.107692,1,2.879,3,ALIPUR,0.0,OpenAQ live network,2026-08-23 07:00:00,2026-08-24 07:00:00,24,59.9,59.5749
1261,28.797436,77.123077,1,3.493,3,ALIPUR,0.0,OpenAQ live network,2026-08-23 07:00:00,2026-08-24 07:00:00,24,57.7,60.127438
1262,28.797436,77.138462,1,2.443,3,ALIPUR,0.0,OpenAQ live network,2026-08-23 07:00:00,2026-08-24 07:00:00,24,89.0,84.1636
1263,28.797436,77.153846,1,1.991,3,ALIPUR,0.0,OpenAQ live network,2026-08-23 07:00:00,2026-08-24 07:00:00,24,73.5,72.1858
1264,28.797436,77.169231,1,2.541,4,BAKHTAWAR PUR,0.0,OpenAQ live network,2026-08-23 07:00:00,2026-08-24 07:00:00,24,81.7,77.26685
1265,28.797436,77.184615,1,3.666,4,BAKHTAWAR PUR,0.0,OpenAQ live network,2026-08-23 07:00:00,2026-08-24 07:00:00,24,78.9,78.890686
1266,28.797436,77.2,1,4.992,4,BAKHTAWAR PUR,0.0,OpenAQ live network,2026-08-23 07:00:00,2026-08-24 07:00:00,24,49.7,48.46211
1267,28.797436,77.215385,1,6.395,4,BAKHTAWAR PUR,832.1238117583605,OpenAQ live network,2026-08-23 07:00:00,2026-08-24 07:00:00,24,30.8,25.975605
1268,28.797436,77.230769,1,6.468,7,BURARI,1402.0850643613994,OpenAQ live network,2026-08-23 07:00:00,2026-08-24 07:00:00,24,35.7,29.12591
1269,28.797436,77.246154,1,5.481,7,BURARI,2220.932484557268,OpenAQ live network,2026-08-23 07:00:00,2026-08-24 07:00:00,24,35.7,29.12591
1270,28.797436,77.261538,1,4.77,7,BURARI,3612.379597969999,OpenAQ live network,2026-08-23 07:00:00,2026-08-24 07:00:00,24,61.9,67.07473
1271,28.797436,77.276923,1,4.467,7,BURARI,5199.299099704346,OpenAQ live network,2026-08-23 07:00:00,2026-08-24 07:00:00,24,68.0,71.40705
1272,28.797436,77.292308,1,4.654,272,SONIA VIHAR,6544.503642498688,OpenAQ live network,2026-08-23 07:00:00,2026-08-24 07:00:00,24,61.9,67.07473
1273,28.797436,77.307692,1,5.278,272,SONIA VIHAR,7695.341948004917,OpenAQ live network,2026-08-23 07:00:00,2026-08-24 07:00:00,24,35.7,29.12591
1274,28.797436,77.323077,1,6.209,272,SONIA VIHAR,9026.254185081842,OpenAQ live network,2026-08-23 07:00:00,2026-08-24 07:00:00,24,35.7,29.12591
1275,28.797436,77.338462,1,7.331,265,SHIV VIHAR,10415.056850211373,OpenAQ live network,2026-08-23 07:00:00,2026-08-24 07:00:00,24,131.0,121.90651
1276,28.797436,77.353846,1,8.569,264,HARSH VIHAR,11044.234649930564,OpenAQ live network,2026-08-23 07:00:00,2026-08-24 07:00:00,24,106.9,95.95478
1277,28.797436,77.369231,1,9.88,264,HARSH VIHAR,11563.175307732645,OpenAQ live network,2026-08-23 07:00:00,2026-08-24 07:00:00,24,106.8,94.93693
1278,28.797436,77.384615,1,11.238,264,HARSH VIHAR,12300.566468537212,OpenAQ live network,2026-08-23 07:00:00,2026-08-24 07:00:00,24,106.8,94.93693
1279,28.797436,77.4,1,12.628,264,HARSH VIHAR,13219.990296572349,OpenAQ live network,2026-08-23 07:00:00,2026-08-24 07:00:00,24,106.8,94.93693
1280,28.810256,76.8,1,19.808,28,BAWANA,15888.880162910147,OpenAQ live network,2026-08-23 07:00:00,2026-08-24 07:00:00,24,93.2,91.00437
1281,28.810256,76.815385,1,18.919,28,BAWANA,14185.01889491782,OpenAQ live network,2026-08-23 07:00:00,2026-08-24 07:00:00,24,93.2,91.00437
1282,28.810256,76.830769,1,18.111,28,BAWANA,12483.673758448673,OpenAQ live network,2026-08-23 07:00:00,2026-08-24 07:00:00,24,93.2,91.00437
1283,28.810256,76.846154,1,17.395,28,BAWANA,10785.762028028092,OpenAQ live network,2026-08-23 07:00:00,2026-08-24 07:00:00,24,93.2,91.00437
1284,28.810256,76.861538,1,16.782,28,BAWANA,9093.48960535142,OpenAQ live network,2026-08-23 07:00:00,2026-08-24 07:00:00,24,93.2,91.00437
1285,28.810256,76.876923,1,16.286,28,BAWANA,7410.425697649574,OpenAQ live network,2026-08-23 07:00:00,2026-08-24 07:00:00,24,93.2,91.00437
1286,28.810256,76.892308,1,15.915,28,BAWANA,5744.876620910751,OpenAQ live network,2026-08-23 07:00:00,2026-08-24 07:00:00,24,93.2,91.00437
1287,28.810256,76.907692,1,14.476,28,BAWANA,4117.621206821911,OpenAQ live network,2026-08-23 07:00:00,2026-08-24 07:00:00,24,91.1,88.25675
1288,28.810256,76.923077,1,13.035,28,BAWANA,2527.8131077928247,OpenAQ live network,2026-08-23 07:00:00,2026-08-24 07:00:00,24,91.1,88.25675
1289,28.810256,76.938462,1,11.609,28,BAWANA,817.5974212370461,OpenAQ live network,2026-08-23 07:00:00,2026-08-24 07:00:00,24,91.1,88.25675
1290,28.810256,76.953846,1,10.203,28,BAWANA,0.0,OpenAQ live network,2026-08-23 07:00:00,2026-08-24 07:00:00,24,94.3,88.25675
1291,28.810256,76.969231,1,8.829,28,BAWANA,0.0,OpenAQ live network,2026-08-23 07:00:00,2026-08-24 07:00:00,24,94.0,88.25675
1292,28.810256,76.984615,1,7.502,28,BAWANA,0.0,OpenAQ live network,2026-08-23 07:00:00,2026-08-24 07:00:00,24,117.4,106.50771
1293,28.810256,77.0,1,6.254,28,BAWANA,0.0,OpenAQ live network,2026-08-23 07:00:00,2026-08-24 07:00:00,24,63.7,21.425121
1294,28.810256,77.015385,1,5.142,28,BAWANA,0.0,OpenAQ live network,2026-08-23 07:00:00,2026-08-24 07:00:00,24,63.4,21.425121
1295,28.810256,77.030769,1,4.273,28,BAWANA,0.0,OpenAQ live network,2026-08-23 07:00:00,2026-08-24 07:00:00,24,102.2,77.86972
1296,28.810256,77.046154,1,3.817,28,BAWANA,0.0,OpenAQ live network,2026-08-23 07:00:00,2026-08-24 07:00:00,24,63.3,74.0326
1297,28.810256,77.061538,1,3.922,3,ALIPUR,0.0,OpenAQ live network,2026-08-23 07:00:00,2026-08-24 07:00:00,24,74.4,74.0326
1298,28.810256,77.076923,1,2.814,3,ALIPUR,0.0,OpenAQ live network,2026-08-23 07:00:00,2026-08-24 07:00:00,24,74.1,72.18519
1299,28.810256,77.092308,1,1.687,3,ALIPUR,0.0,OpenAQ live network,2026-08-23 07:00:00,2026-08-24 07:00:00,24,57.0,59.79714
1300,28.810256,77.107692,1,1.505,3,ALIPUR,0.0,OpenAQ live network,2026-08-23 07:00:00,2026-08-24 07:00:00,24,41.6,40.510593
1301,28.810256,77.123077,1,2.486,3,ALIPUR,0.0,OpenAQ live network,2026-08-23 07:00:00,2026-08-24 07:00:00,24,72.3,72.18519
1302,28.810256,77.138462,1,1.526,4,BAKHTAWAR PUR,0.0,OpenAQ live network,2026-08-23 07:00:00,2026-08-24 07:00:00,24,38.7,43.04143
1303,28.810256,77.153846,0,0.57,4,BAKHTAWAR PUR,0.0,OpenAQ live network,2026-08-23 07:00:00,2026-08-24 07:00:00,24,109.5,115.063835
1304,28.810256,77.169231,1,1.678,4,BAKHTAWAR PUR,0.0,OpenAQ live network,2026-08-23 07:00:00,2026-08-24 07:00:00,24,59.6,59.678696
1305,28.810256,77.184615,1,3.13,4,BAKHTAWAR PUR,0.0,OpenAQ live network,2026-08-23 07:00:00,2026-08-24 07:00:00,24,73.2,65.94518
1306,28.810256,77.2,1,4.613,4,BAKHTAWAR PUR,23.03044689278691,OpenAQ live network,2026-08-23 07:00:00,2026-08-24 07:00:00,24,61.1,65.22217
1307,28.810256,77.215385,1,6.103,4,BAKHTAWAR PUR,0.0,OpenAQ live network,2026-08-23 07:00:00,2026-08-24 07:00:00,24,30.8,25.975605
1308,28.810256,77.230769,1,7.522,4,BAKHTAWAR PUR,1317.8820949256765,OpenAQ live network,2026-08-23 07:00:00,2026-08-24 07:00:00,24,131.0,121.90651
1309,28.810256,77.246154,1,6.693,4,BAKHTAWAR PUR,2962.021706388579,OpenAQ live network,2026-08-23 07:00:00,2026-08-24 07:00:00,24,36.7,30.729136
1310,28.810256,77.261538,1,6.124,4,BAKHTAWAR PUR,4545.357542940646,OpenAQ live network,2026-08-23 07:00:00,2026-08-24 07:00:00,24,35.7,29.12591
1311,28.810256,77.276923,1,5.892,7,BURARI,5914.326872919186,OpenAQ live network,2026-08-23 07:00:00,2026-08-24 07:00:00,24,35.7,29.12591
1312,28.810256,77.292308,1,6.035,7,BURARI,7404.662698559121,OpenAQ live network,2026-08-23 07:00:00,2026-08-24 07:00:00,24,35.7,29.12591
1313,28.810256,77.307692,1,6.528,272,SONIA VIHAR,8883.704262127167,OpenAQ live network,2026-08-23 07:00:00,2026-08-24 07:00:00,24,35.7,29.12591
1314,28.810256,77.323077,1,7.301,272,SONIA VIHAR,10058.587293150054,OpenAQ live network,2026-08-23 07:00:00,2026-08-24 07:00:00,24,131.0,121.90651
1315,28.810256,77.338462,1,8.276,272,SONIA VIHAR,11370.861788020044,OpenAQ live network,2026-08-23 07:00:00,2026-08-24 07:00:00,24,130.7,121.90651
1316,28.810256,77.353846,1,9.391,264,HARSH VIHAR,12633.868281995166,OpenAQ live network,2026-08-23 07:00:00,2026-08-24 07:00:00,24,106.8,94.93693
1317,28.810256,77.369231,1,10.6,264,HARSH VIHAR,13089.940105341757,OpenAQ live network,2026-08-23 07:00:00,2026-08-24 07:00:00,24,106.8,94.93693
1318,28.810256,77.384615,1,11.876,264,HARSH VIHAR,13745.670016808152,OpenAQ live network,2026-08-23 07:00:00,2026-08-24 07:00:00,24,106.8,94.93693
1319,28.810256,77.4,1,13.199,264,HARSH VIHAR,14574.211889688704,OpenAQ live network,2026-08-23 07:00:00,2026-08-24 07:00:00,24,106.9,94.93693
1320,28.823077,76.8,1,20.948,28,BAWANA,16126.332924608125,OpenAQ live network,2026-08-23 07:00:00,2026-08-24 07:00:00,24,93.2,91.00437
1321,28.823077,76.815385,1,20.109,28,BAWANA,14450.49694000715,OpenAQ live network,2026-08-23 07:00:00,2026-08-24 07:00:00,24,93.2,91.00437
1322,28.823077,76.830769,1,19.351,28,BAWANA,12784.530154501592,OpenAQ live network,2026-08-23 07:00:00,2026-08-24 07:00:00,24,93.2,91.00437
1323,28.823077,76.846154,1,18.683,28,BAWANA,11132.599125506727,OpenAQ live network,2026-08-23 07:00:00,2026-08-24 07:00:00,24,93.2,91.00437
1324,28.823077,76.861538,1,18.114,28,BAWANA,9502.297299422638,OpenAQ live network,2026-08-23 07:00:00,2026-08-24 07:00:00,24,93.2,91.00437
1325,28.823077,76.876923,1,17.655,28,BAWANA,7840.014791538322,OpenAQ live network,2026-08-23 07:00:00,2026-08-24 07:00:00,24,93.2,91.00437
1326,28.823077,76.892308,1,16.325,28,BAWANA,6175.235240806585,OpenAQ live network,2026-08-23 07:00:00,2026-08-24 07:00:00,24,91.1,88.25675
1327,28.823077,76.907692,1,14.912,28,BAWANA,4539.668442958497,OpenAQ live network,2026-08-23 07:00:00,2026-08-24 07:00:00,24,91.1,88.25675
1328,28.823077,76.923077,1,13.518,28,BAWANA,2960.4077369793126,OpenAQ live network,2026-08-23 07:00:00,2026-08-24 07:00:00,24,91.1,88.25675
1329,28.823077,76.938462,1,12.148,28,BAWANA,1484.3101872727027,OpenAQ live network,2026-08-23 07:00:00,2026-08-24 07:00:00,24,94.3,88.25675
1330,28.823077,76.953846,1,10.813,28,BAWANA,689.8599109778314,OpenAQ live network,2026-08-23 07:00:00,2026-08-24 07:00:00,24,94.3,88.25675
1331,28.823077,76.969231,1,9.527,28,BAWANA,0.0,OpenAQ live network,2026-08-23 07:00:00,2026-08-24 07:00:00,24,94.3,88.25675
1332,28.823077,76.984615,1,8.313,28,BAWANA,0.0,OpenAQ live network,2026-08-23 07:00:00,2026-08-24 07:00:00,24,116.5,106.50771
1333,28.823077,77.0,1,7.207,28,BAWANA,0.0,OpenAQ live network,2026-08-23 07:00:00,2026-08-24 07:00:00,24,117.4,106.50771
1334,28.823077,77.015385,1,6.266,28,BAWANA,0.0,OpenAQ live network,2026-08-23 07:00:00,2026-08-24 07:00:00,24,63.9,21.425121
1335,28.823077,77.030769,1,5.575,28,BAWANA,0.0,OpenAQ live network,2026-08-23 07:00:00,2026-08-24 07:00:00,24,70.6,21.425121
1336,28.823077,77.046154,1,5.234,28,BAWANA,0.0,OpenAQ live network,2026-08-23 07:00:00,2026-08-24 07:00:00,24,30.1,21.425121
1337,28.823077,77.061538,1,3.94,3,ALIPUR,0.0,OpenAQ live network,2026-08-23 07:00:00,2026-08-24 07:00:00,24,76.3,77.78571
1338,28.823077,77.076923,1,2.441,3,ALIPUR,0.0,OpenAQ live network,2026-08-23 07:00:00,2026-08-24 07:00:00,24,78.8,78.79954
1339,28.823077,77.092308,1,0.943,3,ALIPUR,0.0,OpenAQ live network,2026-08-23 07:00:00,2026-08-24 07:00:00,24,51.8,53.69362
1340,28.823077,77.107692,0,0.557,1,NARELA,0.0,OpenAQ live network,2026-08-23 07:00:00,2026-08-24 07:00:00,24,110.0,102.17379
1341,28.823077,77.123077,1,2.055,4,BAKHTAWAR PUR,0.0,OpenAQ live network,2026-08-23 07:00:00,2026-08-24 07:00:00,24,69.7,66.12173
1342,28.823077,77.138462,1,1.659,4,BAKHTAWAR PUR,0.0,OpenAQ live network,2026-08-23 07:00:00,2026-08-24 07:00:00,24,59.7,59.678696
1343,28.823077,77.153846,1,0.865,4,BAKHTAWAR PUR,0.0,OpenAQ live network,2026-08-23 07:00:00,2026-08-24 07:00:00,24,100.6,104.93815
1344,28.823077,77.169231,1,1.8,4,BAKHTAWAR PUR,0.0,OpenAQ live network,2026-08-23 07:00:00,2026-08-24 07:00:00,24,73.5,72.1858
1345,28.823077,77.184615,1,3.197,4,BAKHTAWAR PUR,0.0,OpenAQ live network,2026-08-23 07:00:00,2026-08-24 07:00:00,24,59.2,51.55934
1346,28.823077,77.2,1,4.658,4,BAKHTAWAR PUR,0.0,OpenAQ live network,2026-08-23 07:00:00,2026-08-24 07:00:00,24,61.1,65.22217
1347,28.823077,77.215385,1,6.138,4,BAKHTAWAR PUR,0.0,OpenAQ live network,2026-08-23 07:00:00,2026-08-24 07:00:00,24,30.8,25.975605
1348,28.823077,77.230769,1,7.624,4,BAKHTAWAR PUR,777.6769024713352,OpenAQ live network,2026-08-23 07:00:00,2026-08-24 07:00:00,24,128.0,123.69561
1349,28.823077,77.246154,1,7.976,4,BAKHTAWAR PUR,2471.137442299169,OpenAQ live network,2026-08-23 07:00:00,2026-08-24 07:00:00,24,130.8,121.90651
1350,28.823077,77.261538,1,7.505,4,BAKHTAWAR PUR,4180.15126639659,OpenAQ live network,2026-08-23 07:00:00,2026-08-24 07:00:00,24,131.0,121.90651
1351,28.823077,77.276923,1,7.317,4,BAKHTAWAR PUR,5891.32410881089,OpenAQ live network,2026-08-23 07:00:00,2026-08-24 07:00:00,24,131.0,121.90651
1352,28.823077,77.292308,1,7.432,4,BAKHTAWAR PUR,7603.162332312894,OpenAQ live network,2026-08-23 07:00:00,2026-08-24 07:00:00,24,131.0,121.90651
1353,28.823077,77.307692,1,7.838,4,BAKHTAWAR PUR,9315.187827979658,OpenAQ live network,2026-08-23 07:00:00,2026-08-24 07:00:00,24,131.0,121.90651
1354,28.823077,77.323077,1,8.493,4,BAKHTAWAR PUR,11027.484108665443,OpenAQ live network,2026-08-23 07:00:00,2026-08-24 07:00:00,24,106.8,95.95478
1355,28.823077,77.338462,1,9.344,272,SONIA VIHAR,12422.107893734488,OpenAQ live network,2026-08-23 07:00:00,2026-08-24 07:00:00,24,106.8,94.93693
1356,28.823077,77.353846,1,10.344,272,SONIA VIHAR,13722.027064592528,OpenAQ live network,2026-08-23 07:00:00,2026-08-24 07:00:00,24,106.8,94.93693
1357,28.823077,77.369231,1,11.453,264,HARSH VIHAR,14638.98906063405,OpenAQ live network,2026-08-23 07:00:00,2026-08-24 07:00:00,24,106.8,94.93693
1358,28.823077,77.384615,1,12.643,264,HARSH VIHAR,15228.161838084972,OpenAQ live network,2026-08-23 07:00:00,2026-08-24 07:00:00,24,106.8,94.93693
1359,28.823077,77.4,1,13.893,264,HARSH VIHAR,15980.022558227896,OpenAQ live network,2026-08-23 07:00:00,2026-08-24 07:00:00,24,106.9,94.93693
1360,28.835897,76.8,1,22.121,28,BAWANA,16521.753581823483,OpenAQ live network,2026-08-23 07:00:00,2026-08-24 07:00:00,24,93.2,91.00437
1361,28.835897,76.815385,1,21.328,28,BAWANA,14880.383081800212,OpenAQ live network,2026-08-23 07:00:00,2026-08-24 07:00:00,24,93.2,91.00437
1362,28.835897,76.830769,1,20.615,28,BAWANA,13214.830399713075,OpenAQ live network,2026-08-23 07:00:00,2026-08-24 07:00:00,24,93.2,91.00437
1363,28.835897,76.846154,1,19.989,28,BAWANA,11562.905970806458,OpenAQ live network,2026-08-23 07:00:00,2026-08-24 07:00:00,24,93.2,91.00437
1364,28.835897,76.861538,1,19.459,28,BAWANA,9928.019971736809,OpenAQ live network,2026-08-23 07:00:00,2026-08-24 07:00:00,24,93.2,91.00437
1365,28.835897,76.876923,1,18.221,28,BAWANA,8321.892900545517,OpenAQ live network,2026-08-23 07:00:00,2026-08-24 07:00:00,24,91.1,88.25675
1366,28.835897,76.892308,1,16.833,28,BAWANA,6752.994213015574,OpenAQ live network,2026-08-23 07:00:00,2026-08-24 07:00:00,24,91.1,88.25675
1367,28.835897,76.907692,1,15.467,28,BAWANA,5247.390072945181,OpenAQ live network,2026-08-23 07:00:00,2026-08-24 07:00:00,24,91.1,88.25675
1368,28.835897,76.923077,1,14.128,28,BAWANA,3843.668263908628,OpenAQ live network,2026-08-23 07:00:00,2026-08-24 07:00:00,24,94.3,88.25675
1369,28.835897,76.938462,1,12.824,28,BAWANA,2657.1421979397383,OpenAQ live network,2026-08-23 07:00:00,2026-08-24 07:00:00,24,94.3,88.25675
1370,28.835897,76.953846,1,11.568,28,BAWANA,1689.7521275818513,OpenAQ live network,2026-08-23 07:00:00,2026-08-24 07:00:00,24,94.3,88.25675
1371,28.835897,76.969231,1,10.376,28,BAWANA,988.9509455675392,OpenAQ live network,2026-08-23 07:00:00,2026-08-24 07:00:00,24,94.4,88.25675
1372,28.835897,76.984615,1,9.273,28,BAWANA,335.6046709860727,OpenAQ live network,2026-08-23 07:00:00,2026-08-24 07:00:00,24,94.4,88.25675
1373,28.835897,77.0,1,8.296,28,BAWANA,0.0,OpenAQ live network,2026-08-23 07:00:00,2026-08-24 07:00:00,24,117.1,106.50771
1374,28.835897,77.015385,1,7.494,28,BAWANA,0.0,OpenAQ live network,2026-08-23 07:00:00,2026-08-24 07:00:00,24,117.4,106.50771
1375,28.835897,77.030769,1,6.927,28,BAWANA,8.771866671881982,OpenAQ live network,2026-08-23 07:00:00,2026-08-24 07:00:00,24,124.8,106.50771
1376,28.835897,77.046154,1,5.629,2,BANKNER,0.0,OpenAQ live network,2026-08-23 07:00:00,2026-08-24 07:00:00,24,35.1,37.39194
1377,28.835897,77.061538,1,4.199,2,BANKNER,0.0,OpenAQ live network,2026-08-23 07:00:00,2026-08-24 07:00:00,24,73.0,78.44026
1378,28.835897,77.076923,1,2.84,2,BANKNER,0.0,OpenAQ live network,2026-08-23 07:00:00,2026-08-24 07:00:00,24,106.1,102.59876
1379,28.835897,77.092308,1,1.731,1,NARELA,0.0,OpenAQ live network,2026-08-23 07:00:00,2026-08-24 07:00:00,24,51.3,52.46136
1380,28.835897,77.107692,1,1.555,1,NARELA,0.0,OpenAQ live network,2026-08-23 07:00:00,2026-08-24 07:00:00,24,45.1,40.510593
1381,28.835897,77.123077,1,2.516,4,BAKHTAWAR PUR,0.0,OpenAQ live network,2026-08-23 07:00:00,2026-08-24 07:00:00,24,74.0,72.18519
1382,28.835897,77.138462,1,2.691,4,BAKHTAWAR PUR,0.0,OpenAQ live network,2026-08-23 07:00:00,2026-08-24 07:00:00,24,81.6,77.26685
1383,28.835897,77.153846,1,2.289,4,BAKHTAWAR PUR,0.0,OpenAQ live network,2026-08-23 07:00:00,2026-08-24 07:00:00,24,80.3,78.249504
1384,28.835897,77.169231,1,2.78,4,BAKHTAWAR PUR,0.0,OpenAQ live network,2026-08-23 07:00:00,2026-08-24 07:00:00,24,80.7,77.26685
1385,28.835897,77.184615,1,3.835,4,BAKHTAWAR PUR,0.0,OpenAQ live network,2026-08-23 07:00:00,2026-08-24 07:00:00,24,79.4,78.890686
1386,28.835897,77.2,1,5.117,4,BAKHTAWAR PUR,0.0,OpenAQ live network,2026-08-23 07:00:00,2026-08-24 07:00:00,24,30.5,25.975605
1387,28.835897,77.215385,1,6.493,4,BAKHTAWAR PUR,0.0,OpenAQ live network,2026-08-23 07:00:00,2026-08-24 07:00:00,24,30.8,25.975605
1388,28.835897,77.230769,1,7.913,4,BAKHTAWAR PUR,1101.3977215941395,OpenAQ live network,2026-08-23 07:00:00,2026-08-24 07:00:00,24,127.8,123.69561
1389,28.835897,77.246154,1,9.301,4,BAKHTAWAR PUR,2661.042091542436,OpenAQ live network,2026-08-23 07:00:00,2026-08-24 07:00:00,24,106.8,94.93693
1390,28.835897,77.261538,1,8.9,4,BAKHTAWAR PUR,4307.982517014007,OpenAQ live network,2026-08-23 07:00:00,2026-08-24 07:00:00,24,106.8,94.93693
1391,28.835897,77.276923,1,8.742,4,BAKHTAWAR PUR,5984.707644526239,OpenAQ live network,2026-08-23 07:00:00,2026-08-24 07:00:00,24,106.8,94.93693
1392,28.835897,77.292308,1,8.839,4,BAKHTAWAR PUR,7677.309448325573,OpenAQ live network,2026-08-23 07:00:00,2026-08-24 07:00:00,24,106.8,94.93693
1393,28.835897,77.307692,1,9.183,4,BAKHTAWAR PUR,9377.083912622824,OpenAQ live network,2026-08-23 07:00:00,2026-08-24 07:00:00,24,106.8,94.93693
1394,28.835897,77.323077,1,9.748,4,BAKHTAWAR PUR,11080.900743132364,OpenAQ live network,2026-08-23 07:00:00,2026-08-24 07:00:00,24,106.8,94.93693
1395,28.835897,77.338462,1,10.498,4,BAKHTAWAR PUR,12787.077946321351,OpenAQ live network,2026-08-23 07:00:00,2026-08-24 07:00:00,24,106.8,94.93693
1396,28.835897,77.353846,1,11.397,4,BAKHTAWAR PUR,14494.67099357859,OpenAQ live network,2026-08-23 07:00:00,2026-08-24 07:00:00,24,106.8,94.93693
1397,28.835897,77.369231,1,12.412,272,SONIA VIHAR,16076.950256663613,OpenAQ live network,2026-08-23 07:00:00,2026-08-24 07:00:00,24,106.8,94.93693
1398,28.835897,77.384615,1,13.518,264,HARSH VIHAR,16737.96894006578,OpenAQ live network,2026-08-23 07:00:00,2026-08-24 07:00:00,24,106.9,94.93693
1399,28.835897,77.4,1,14.693,264,HARSH VIHAR,17424.804510615657,OpenAQ live network,2026-08-23 07:00:00,2026-08-24 07:00:00,24,106.9,94.93693
1400,28.848718,76.8,1,23.322,28,BAWANA,16952.093205913432,OpenAQ live network,2026-08-23 07:00:00,2026-08-24 07:00:00,24,93.2,91.00437
1401,28.848718,76.815385,1,22.572,28,BAWANA,15317.462791624012,OpenAQ live network,2026-08-23 07:00:00,2026-08-24 07:00:00,24,93.2,91.00437
1402,28.848718,76.830769,1,21.899,28,BAWANA,13701.006555887196,OpenAQ live network,2026-08-23 07:00:00,2026-08-24 07:00:00,24,93.2,91.00437
1403,28.848718,76.846154,1,21.311,28,BAWANA,12110.887570014527,OpenAQ live network,2026-08-23 07:00:00,2026-08-24 07:00:00,24,93.2,91.00437
1404,28.848718,76.861538,1,20.15,28,BAWANA,10545.910992208905,OpenAQ live network,2026-08-23 07:00:00,2026-08-24 07:00:00,24,91.1,88.25675
1405,28.848718,76.876923,1,18.786,28,BAWANA,9023.011774629582,OpenAQ live network,2026-08-23 07:00:00,2026-08-24 07:00:00,24,91.1,88.25675
1406,28.848718,76.892308,1,17.444,28,BAWANA,7562.510579794229,OpenAQ live network,2026-08-23 07:00:00,2026-08-24 07:00:00,24,91.1,88.25675
1407,28.848718,76.907692,1,16.13,28,BAWANA,6198.799815653738,OpenAQ live network,2026-08-23 07:00:00,2026-08-24 07:00:00,24,94.3,88.25675
1408,28.848718,76.923077,1,14.851,28,BAWANA,4981.068602482169,OpenAQ live network,2026-08-23 07:00:00,2026-08-24 07:00:00,24,94.3,88.25675
1409,28.848718,76.938462,1,13.616,28,BAWANA,4048.2711985023466,OpenAQ live network,2026-08-23 07:00:00,2026-08-24 07:00:00,24,94.3,88.25675
1410,28.848718,76.953846,1,12.44,28,BAWANA,2971.423718880674,OpenAQ live network,2026-08-23 07:00:00,2026-08-24 07:00:00,24,94.4,88.25675
1411,28.848718,76.969231,1,11.34,28,BAWANA,2598.297219911418,OpenAQ live network,2026-08-23 07:00:00,2026-08-24 07:00:00,24,94.4,88.25675
1412,28.848718,76.984615,1,10.342,28,BAWANA,1517.541951519754,OpenAQ live network,2026-08-23 07:00:00,2026-08-24 07:00:00,24,94.4,88.25675
1413,28.848718,77.0,1,9.475,28,BAWANA,1209.1498697693412,OpenAQ live network,2026-08-23 07:00:00,2026-08-24 07:00:00,24,94.4,88.25675
1414,28.848718,77.015385,1,8.781,28,BAWANA,1077.9185548395149,OpenAQ live network,2026-08-23 07:00:00,2026-08-24 07:00:00,24,94.4,88.25675
1415,28.848718,77.030769,1,7.51,28,BAWANA,1464.802628386708,OpenAQ live network,2026-08-23 07:00:00,2026-08-24 07:00:00,24,126.4,112.9693
1416,28.848718,77.046154,1,6.153,2,BANKNER,67.88350489475093,OpenAQ live network,2026-08-23 07:00:00,2026-08-24 07:00:00,24,38.5,37.39194
1417,28.848718,77.061538,1,4.879,2,BANKNER,0.0,OpenAQ live network,2026-08-23 07:00:00,2026-08-24 07:00:00,24,62.1,61.129562
1418,28.848718,77.076923,1,3.774,2,BANKNER,0.0,OpenAQ live network,2026-08-23 07:00:00,2026-08-24 07:00:00,24,79.0,77.78571
1419,28.848718,77.092308,1,3.028,1,NARELA,0.0,OpenAQ live network,2026-08-23 07:00:00,2026-08-24 07:00:00,24,63.2,59.5749
1420,28.848718,77.107692,1,2.931,1,NARELA,0.0,OpenAQ live network,2026-08-23 07:00:00,2026-08-24 07:00:00,24,58.3,59.5749
1421,28.848718,77.123077,1,3.536,1,NARELA,0.0,OpenAQ live network,2026-08-23 07:00:00,2026-08-24 07:00:00,24,58.2,60.127438
1422,28.848718,77.138462,1,3.974,1,NARELA,0.0,OpenAQ live network,2026-08-23 07:00:00,2026-08-24 07:00:00,24,79.0,82.727806
1423,28.848718,77.153846,1,3.714,4,BAKHTAWAR PUR,1062.7869291007703,OpenAQ live network,2026-08-23 07:00:00,2026-08-24 07:00:00,24,79.6,78.890686
1424,28.848718,77.169231,1,4.035,4,BAKHTAWAR PUR,0.0,OpenAQ live network,2026-08-23 07:00:00,2026-08-24 07:00:00,24,80.4,82.727806
1425,28.848718,77.184615,1,4.823,4,BAKHTAWAR PUR,0.0,OpenAQ live network,2026-08-23 07:00:00,2026-08-24 07:00:00,24,61.1,65.22217
1426,28.848718,77.2,1,5.894,4,BAKHTAWAR PUR,0.0,OpenAQ live network,2026-08-23 07:00:00,2026-08-24 07:00:00,24,30.4,25.975605
1427,28.848718,77.215385,1,7.121,4,BAKHTAWAR PUR,202.58846144228056,OpenAQ live network,2026-08-23 07:00:00,2026-08-24 07:00:00,24,128.0,123.69561
1428,28.848718,77.230769,1,8.436,4,BAKHTAWAR PUR,1868.459201813316,OpenAQ live network,2026-08-23 07:00:00,2026-08-24 07:00:00,24,92.8,95.37575
1429,28.848718,77.246154,1,9.803,4,BAKHTAWAR PUR,3387.0044848930406,OpenAQ live network,2026-08-23 07:00:00,2026-08-24 07:00:00,24,86.6,94.357895
1430,28.848718,77.261538,1,10.304,4,BAKHTAWAR PUR,4890.475547759619,OpenAQ live network,2026-08-23 07:00:00,2026-08-24 07:00:00,24,106.8,94.93693
1431,28.848718,77.276923,1,10.168,4,BAKHTAWAR PUR,6445.59666338717,OpenAQ live network,2026-08-23 07:00:00,2026-08-24 07:00:00,24,106.8,94.93693
1432,28.848718,77.292308,1,10.251,4,BAKHTAWAR PUR,8050.071916788337,OpenAQ live network,2026-08-23 07:00:00,2026-08-24 07:00:00,24,106.8,94.93693
1433,28.848718,77.307692,1,10.549,4,BAKHTAWAR PUR,9691.535392550642,OpenAQ live network,2026-08-23 07:00:00,2026-08-24 07:00:00,24,106.8,94.93693
1434,28.848718,77.323077,1,11.044,4,BAKHTAWAR PUR,11349.467164190834,OpenAQ live network,2026-08-23 07:00:00,2026-08-24 07:00:00,24,106.8,94.93693
1435,28.848718,77.338462,1,11.711,4,BAKHTAWAR PUR,13020.499454214209,OpenAQ live network,2026-08-23 07:00:00,2026-08-24 07:00:00,24,106.8,94.93693
1436,28.848718,77.353846,1,12.523,4,BAKHTAWAR PUR,14701.004416160928,OpenAQ live network,2026-08-23 07:00:00,2026-08-24 07:00:00,24,106.8,94.93693
1437,28.848718,77.369231,1,13.454,4,BAKHTAWAR PUR,16388.252981022335,OpenAQ live network,2026-08-23 07:00:00,2026-08-24 07:00:00,24,106.9,94.93693
1438,28.848718,77.384615,1,14.48,4,BAKHTAWAR PUR,18080.16874357248,OpenAQ live network,2026-08-23 07:00:00,2026-08-24 07:00:00,24,106.9,94.93693
1439,28.848718,77.4,1,15.583,264,HARSH VIHAR,18899.873556883493,OpenAQ live network,2026-08-23 07:00:00,2026-08-24 07:00:00,24,106.9,94.93693
1440,28.861538,76.8,1,24.547,28,BAWANA,17482.674606365123,OpenAQ live network,2026-08-23 07:00:00,2026-08-24 07:00:00,24,93.2,91.00437
1441,28.861538,76.815385,1,23.835,28,BAWANA,15901.81199364061,OpenAQ live network,2026-08-23 07:00:00,2026-08-24 07:00:00,24,93.2,91.00437
1442,28.861538,76.830769,1,23.199,28,BAWANA,14338.844592120127,OpenAQ live network,2026-08-23 07:00:00,2026-08-24 07:00:00,24,93.2,91.00437
1443,28.861538,76.846154,1,22.104,28,BAWANA,12808.929044483308,OpenAQ live network,2026-08-23 07:00:00,2026-08-24 07:00:00,24,91.1,88.25675
1444,28.861538,76.861538,1,20.761,28,BAWANA,11330.742693226975,OpenAQ live network,2026-08-23 07:00:00,2026-08-24 07:00:00,24,91.1,88.25675
1445,28.861538,76.876923,1,19.44,28,BAWANA,9898.554451234411,OpenAQ live network,2026-08-23 07:00:00,2026-08-24 07:00:00,24,91.1,88.25675
1446,28.861538,76.892308,1,18.146,28,BAWANA,8556.713167495389,OpenAQ live network,2026-08-23 07:00:00,2026-08-24 07:00:00,24,94.3,88.25675
1447,28.861538,76.907692,1,16.887,28,BAWANA,7330.646614180619,OpenAQ live network,2026-08-23 07:00:00,2026-08-24 07:00:00,24,94.3,88.25675
1448,28.861538,76.923077,1,15.67,28,BAWANA,6334.374874451513,OpenAQ live network,2026-08-23 07:00:00,2026-08-24 07:00:00,24,94.3,88.25675
1449,28.861538,76.938462,1,14.505,28,BAWANA,5264.617604175852,OpenAQ live network,2026-08-23 07:00:00,2026-08-24 07:00:00,24,94.3,88.25675
1450,28.861538,76.953846,1,13.408,28,BAWANA,4462.35867954018,OpenAQ live network,2026-08-23 07:00:00,2026-08-24 07:00:00,24,94.5,88.25675
1451,28.861538,76.969231,1,12.394,28,BAWANA,3833.154874829238,OpenAQ live network,2026-08-23 07:00:00,2026-08-24 07:00:00,24,94.4,88.25675
1452,28.861538,76.984615,1,11.488,28,BAWANA,2980.458638646249,OpenAQ live network,2026-08-23 07:00:00,2026-08-24 07:00:00,24,94.4,88.25675
1453,28.861538,77.0,1,10.715,28,BAWANA,2766.45925765806,OpenAQ live network,2026-08-23 07:00:00,2026-08-24 07:00:00,24,94.4,88.25675
1454,28.861538,77.015385,1,9.469,28,BAWANA,2697.725443610412,OpenAQ live network,2026-08-23 07:00:00,2026-08-24 07:00:00,24,95.2,95.76941
1455,28.861538,77.030769,1,8.163,2,BANKNER,2383.522705127184,OpenAQ live network,2026-08-23 07:00:00,2026-08-24 07:00:00,24,126.1,112.9693
1456,28.861538,77.046154,1,6.935,2,BANKNER,721.9704477376047,OpenAQ live network,2026-08-23 07:00:00,2026-08-24 07:00:00,24,126.4,112.9693
1457,28.861538,77.061538,1,5.834,2,BANKNER,0.0,OpenAQ live network,2026-08-23 07:00:00,2026-08-24 07:00:00,24,38.1,37.39194
1458,28.861538,77.076923,1,4.947,2,BANKNER,0.0,OpenAQ live network,2026-08-23 07:00:00,2026-08-24 07:00:00,24,82.4,84.904785
1459,28.861538,77.092308,1,4.405,2,BANKNER,0.0,OpenAQ live network,2026-08-23 07:00:00,2026-08-24 07:00:00,24,67.7,65.4619
1460,28.861538,77.107692,1,4.339,2,BANKNER,0.0,OpenAQ live network,2026-08-23 07:00:00,2026-08-24 07:00:00,24,62.4,65.4619
1461,28.861538,77.123077,1,4.769,1,NARELA,297.5164662398799,OpenAQ live network,2026-08-23 07:00:00,2026-08-24 07:00:00,24,57.4,61.129562
1462,28.861538,77.138462,1,5.33,1,NARELA,0.0,OpenAQ live network,2026-08-23 07:00:00,2026-08-24 07:00:00,24,30.0,25.975605
1463,28.861538,77.153846,1,5.139,1,NARELA,1345.3124070850097,OpenAQ live network,2026-08-23 07:00:00,2026-08-24 07:00:00,24,30.0,25.975605
1464,28.861538,77.169231,1,5.376,4,BAKHTAWAR PUR,680.0727436717048,OpenAQ live network,2026-08-23 07:00:00,2026-08-24 07:00:00,24,30.4,25.975605
1465,28.861538,77.184615,1,5.99,4,BAKHTAWAR PUR,457.7734502548162,OpenAQ live network,2026-08-23 07:00:00,2026-08-24 07:00:00,24,30.4,25.975605
1466,28.861538,77.2,1,6.881,4,BAKHTAWAR PUR,296.2475709736353,OpenAQ live network,2026-08-23 07:00:00,2026-08-24 07:00:00,24,128.0,123.69561
1467,28.861538,77.215385,1,7.957,4,BAKHTAWAR PUR,629.6555281333782,OpenAQ live network,2026-08-23 07:00:00,2026-08-24 07:00:00,24,127.8,123.69561
1468,28.861538,77.230769,1,9.153,4,BAKHTAWAR PUR,2173.777608904624,OpenAQ live network,2026-08-23 07:00:00,2026-08-24 07:00:00,24,86.6,94.357895
1469,28.861538,77.246154,1,10.427,4,BAKHTAWAR PUR,3845.0446550103406,OpenAQ live network,2026-08-23 07:00:00,2026-08-24 07:00:00,24,86.6,94.357895
1470,28.861538,77.261538,1,11.713,4,BAKHTAWAR PUR,5500.743702954508,OpenAQ live network,2026-08-23 07:00:00,2026-08-24 07:00:00,24,106.8,94.93693
1471,28.861538,77.276923,1,11.593,4,BAKHTAWAR PUR,7158.280656542462,OpenAQ live network,2026-08-23 07:00:00,2026-08-24 07:00:00,24,106.8,94.93693
1472,28.861538,77.292308,1,11.666,4,BAKHTAWAR PUR,8683.093326235974,OpenAQ live network,2026-08-23 07:00:00,2026-08-24 07:00:00,24,106.8,94.93693
1473,28.861538,77.307692,1,11.929,4,BAKHTAWAR PUR,10236.419497103368,OpenAQ live network,2026-08-23 07:00:00,2026-08-24 07:00:00,24,106.8,94.93693
1474,28.861538,77.323077,1,12.368,4,BAKHTAWAR PUR,11822.627856739698,OpenAQ live network,2026-08-23 07:00:00,2026-08-24 07:00:00,24,106.8,94.93693
1475,28.861538,77.338462,1,12.968,4,BAKHTAWAR PUR,13439.907637651466,OpenAQ live network,2026-08-23 07:00:00,2026-08-24 07:00:00,24,106.8,94.93693
1476,28.861538,77.353846,1,13.705,4,BAKHTAWAR PUR,15078.15705502398,OpenAQ live network,2026-08-23 07:00:00,2026-08-24 07:00:00,24,106.9,94.93693
1477,28.861538,77.369231,1,14.56,4,BAKHTAWAR PUR,16730.48272933087,OpenAQ live network,2026-08-23 07:00:00,2026-08-24 07:00:00,24,106.9,94.93693
1478,28.861538,77.384615,1,15.513,4,BAKHTAWAR PUR,18390.94120436761,OpenAQ live network,2026-08-23 07:00:00,2026-08-24 07:00:00,24,106.9,94.93693
1479,28.861538,77.4,1,16.548,4,BAKHTAWAR PUR,20060.26737380359,OpenAQ live network,2026-08-23 07:00:00,2026-08-24 07:00:00,24,106.9,94.93693
1480,28.874359,76.8,1,25.792,28,BAWANA,18131.950245334585,OpenAQ live network,2026-08-23 07:00:00,2026-08-24 07:00:00,24,93.2,91.00437
1481,28.874359,76.815385,1,25.117,28,BAWANA,16598.23830799231,OpenAQ live network,2026-08-23 07:00:00,2026-08-24 07:00:00,24,93.2,91.00437
1482,28.874359,76.830769,1,24.078,28,BAWANA,15103.133548324548,OpenAQ live network,2026-08-23 07:00:00,2026-08-24 07:00:00,24,91.1,88.25675
1483,28.874359,76.846154,1,22.752,28,BAWANA,13646.26606098496,OpenAQ live network,2026-08-23 07:00:00,2026-08-24 07:00:00,24,91.1,88.25675
1484,28.874359,76.861538,1,21.449,28,BAWANA,12245.50665651901,OpenAQ live network,2026-08-23 07:00:00,2026-08-24 07:00:00,24,91.1,88.25675
1485,28.874359,76.876923,1,20.173,28,BAWANA,10917.49453683873,OpenAQ live network,2026-08-23 07:00:00,2026-08-24 07:00:00,24,94.3,88.25675
1486,28.874359,76.892308,1,18.93,28,BAWANA,9687.378821440543,OpenAQ live network,2026-08-23 07:00:00,2026-08-24 07:00:00,24,94.3,88.25675
1487,28.874359,76.907692,1,17.727,28,BAWANA,8623.592521757018,OpenAQ live network,2026-08-23 07:00:00,2026-08-24 07:00:00,24,94.3,88.25675
1488,28.874359,76.923077,1,16.571,28,BAWANA,7598.69424013955,OpenAQ live network,2026-08-23 07:00:00,2026-08-24 07:00:00,24,94.3,88.25675
1489,28.874359,76.938462,1,15.475,28,BAWANA,6652.340410492326,OpenAQ live network,2026-08-23 07:00:00,2026-08-24 07:00:00,24,94.5,88.25675
1490,28.874359,76.953846,1,14.451,28,BAWANA,6025.760278473554,OpenAQ live network,2026-08-23 07:00:00,2026-08-24 07:00:00,24,94.5,88.25675
1491,28.874359,76.969231,1,13.517,28,BAWANA,5199.244626091063,OpenAQ live network,2026-08-23 07:00:00,2026-08-24 07:00:00,24,94.5,88.25675
1492,28.874359,76.984615,1,12.69,28,BAWANA,4535.090243467308,OpenAQ live network,2026-08-23 07:00:00,2026-08-24 07:00:00,24,94.4,88.25675
1493,28.874359,77.0,1,11.466,28,BAWANA,4359.068540627112,OpenAQ live network,2026-08-23 07:00:00,2026-08-24 07:00:00,24,95.2,95.76941
1494,28.874359,77.015385,1,10.196,28,BAWANA,4315.396246193765,OpenAQ live network,2026-08-23 07:00:00,2026-08-24 07:00:00,24,95.2,95.76941
1495,28.874359,77.030769,1,8.996,2,BANKNER,3000.936247170902,OpenAQ live network,2026-08-23 07:00:00,2026-08-24 07:00:00,24,95.2,95.76941
1496,28.874359,77.046154,1,7.899,2,BANKNER,1574.5168304055542,OpenAQ live network,2026-08-23 07:00:00,2026-08-24 07:00:00,24,126.2,112.9693
1497,28.874359,77.061538,1,6.953,2,BANKNER,448.53144940259085,OpenAQ live network,2026-08-23 07:00:00,2026-08-24 07:00:00,24,126.4,112.9693
1498,28.874359,77.076923,1,6.227,2,BANKNER,222.4717566171219,OpenAQ live network,2026-08-23 07:00:00,2026-08-24 07:00:00,24,38.1,37.39194
1499,28.874359,77.092308,1,5.806,1,NARELA,199.1120015999633,OpenAQ live network,2026-08-23 07:00:00,2026-08-24 07:00:00,24,38.1,37.39194
1500,28.874359,77.107692,1,5.756,1,NARELA,591.9403635461932,OpenAQ live network,2026-08-23 07:00:00,2026-08-24 07:00:00,24,38.9,37.39194
1501,28.874359,77.123077,1,6.086,1,NARELA,1481.5421339165623,OpenAQ live network,2026-08-23 07:00:00,2026-08-24 07:00:00,24,38.9,37.39194
1502,28.874359,77.138462,1,6.715,1,NARELA,1531.5543220213124,OpenAQ live network,2026-08-23 07:00:00,2026-08-24 07:00:00,24,34.6,27.987648
1503,28.874359,77.153846,1,6.564,1,NARELA,2195.277275955373,OpenAQ live network,2026-08-23 07:00:00,2026-08-24 07:00:00,24,35.4,27.987648
1504,28.874359,77.169231,1,6.751,4,BAKHTAWAR PUR,2115.728600138661,OpenAQ live network,2026-08-23 07:00:00,2026-08-24 07:00:00,24,35.4,27.987648
1505,28.874359,77.184615,1,7.25,4,BAKHTAWAR PUR,2075.7893158198967,OpenAQ live network,2026-08-23 07:00:00,2026-08-24 07:00:00,24,128.0,123.69561
1506,28.874359,77.2,1,8.002,4,BAKHTAWAR PUR,1924.6992342667984,OpenAQ live network,2026-08-23 07:00:00,2026-08-24 07:00:00,24,127.7,123.69561
1507,28.874359,77.215385,1,8.944,4,BAKHTAWAR PUR,2093.253344870573,OpenAQ live network,2026-08-23 07:00:00,2026-08-24 07:00:00,24,86.6,94.357895
1508,28.874359,77.230769,1,10.022,4,BAKHTAWAR PUR,2992.7392008380007,OpenAQ live network,2026-08-23 07:00:00,2026-08-24 07:00:00,24,86.6,94.357895
1509,28.874359,77.246154,1,11.198,4,BAKHTAWAR PUR,4378.519493874947,OpenAQ live network,2026-08-23 07:00:00,2026-08-24 07:00:00,24,86.6,94.357895
1510,28.874359,77.261538,1,12.443,4,BAKHTAWAR PUR,5937.296072040423,OpenAQ live network,2026-08-23 07:00:00,2026-08-24 07:00:00,24,86.6,94.357895
1511,28.874359,77.276923,1,13.018,4,BAKHTAWAR PUR,7562.413020098757,OpenAQ live network,2026-08-23 07:00:00,2026-08-24 07:00:00,24,106.8,94.93693
1512,28.874359,77.292308,1,13.083,4,BAKHTAWAR PUR,9214.727288525211,OpenAQ live network,2026-08-23 07:00:00,2026-08-24 07:00:00,24,106.9,94.93693
1513,28.874359,77.307692,1,13.318,4,BAKHTAWAR PUR,10879.316778487551,OpenAQ live network,2026-08-23 07:00:00,2026-08-24 07:00:00,24,106.9,94.93693
1514,28.874359,77.323077,1,13.713,4,BAKHTAWAR PUR,12476.054653779183,OpenAQ live network,2026-08-23 07:00:00,2026-08-24 07:00:00,24,106.9,94.93693
1515,28.874359,77.338462,1,14.256,4,BAKHTAWAR PUR,14028.66186670735,OpenAQ live network,2026-08-23 07:00:00,2026-08-24 07:00:00,24,106.9,94.93693
1516,28.874359,77.353846,1,14.93,4,BAKHTAWAR PUR,15605.225299167463,OpenAQ live network,2026-08-23 07:00:00,2026-08-24 07:00:00,24,106.9,94.93693
1517,28.874359,77.369231,1,15.719,4,BAKHTAWAR PUR,17207.903658124033,OpenAQ live network,2026-08-23 07:00:00,2026-08-24 07:00:00,24,106.9,94.93693
1518,28.874359,77.384615,1,16.605,4,BAKHTAWAR PUR,18829.848443201103,OpenAQ live network,2026-08-23 07:00:00,2026-08-24 07:00:00,24,106.9,94.93693
1519,28.874359,77.4,1,17.575,4,BAKHTAWAR PUR,20466.66528439364,OpenAQ live network,2026-08-23 07:00:00,2026-08-24 07:00:00,24,106.9,94.93693
1520,28.887179,76.8,1,27.056,28,BAWANA,18883.41443059439,OpenAQ live network,2026-08-23 07:00:00,2026-08-24 07:00:00,24,93.2,91.00437
1521,28.887179,76.815385,1,26.065,28,BAWANA,17413.704926367325,OpenAQ live network,2026-08-23 07:00:00,2026-08-24 07:00:00,24,91.1,88.25675
1522,28.887179,76.830769,1,24.755,28,BAWANA,15976.152037054377,OpenAQ live network,2026-08-23 07:00:00,2026-08-24 07:00:00,24,91.1,88.25675
1523,28.887179,76.846154,1,23.468,28,BAWANA,14597.971789092397,OpenAQ live network,2026-08-23 07:00:00,2026-08-24 07:00:00,24,91.1,88.25675
1524,28.887179,76.861538,1,22.207,28,BAWANA,13279.526847222263,OpenAQ live network,2026-08-23 07:00:00,2026-08-24 07:00:00,24,94.3,88.25675
1525,28.887179,76.876923,1,20.978,28,BAWANA,12047.120494248138,OpenAQ live network,2026-08-23 07:00:00,2026-08-24 07:00:00,24,94.3,88.25675
1526,28.887179,76.892308,1,19.786,28,BAWANA,10944.71258969941,OpenAQ live network,2026-08-23 07:00:00,2026-08-24 07:00:00,24,94.3,88.25675
1527,28.887179,76.907692,1,18.638,28,BAWANA,9947.046216554694,OpenAQ live network,2026-08-23 07:00:00,2026-08-24 07:00:00,24,94.3,88.25675
1528,28.887179,76.923077,1,17.543,28,BAWANA,8927.207523087236,OpenAQ live network,2026-08-23 07:00:00,2026-08-24 07:00:00,24,94.5,88.25675
1529,28.887179,76.938462,1,16.511,28,BAWANA,8121.824910694325,OpenAQ live network,2026-08-23 07:00:00,2026-08-24 07:00:00,24,94.5,88.25675
1530,28.887179,76.953846,1,15.556,28,BAWANA,7477.627146199175,OpenAQ live network,2026-08-23 07:00:00,2026-08-24 07:00:00,24,94.5,88.25675
1531,28.887179,76.969231,1,14.692,28,BAWANA,6653.369320062555,OpenAQ live network,2026-08-23 07:00:00,2026-08-24 07:00:00,24,94.5,88.25675
1532,28.887179,76.984615,1,13.485,28,BAWANA,6128.948065131617,OpenAQ live network,2026-08-23 07:00:00,2026-08-24 07:00:00,24,95.2,95.76941
1533,28.887179,77.0,1,12.241,28,BAWANA,5971.825187406518,OpenAQ live network,2026-08-23 07:00:00,2026-08-24 07:00:00,24,95.2,95.76941
1534,28.887179,77.015385,1,11.06,2,BANKNER,5342.45406620485,OpenAQ live network,2026-08-23 07:00:00,2026-08-24 07:00:00,24,95.2,95.76941
1535,28.887179,77.030769,1,9.964,2,BANKNER,3916.5688840214816,OpenAQ live network,2026-08-23 07:00:00,2026-08-24 07:00:00,24,95.2,95.76941
1536,28.887179,77.046154,1,8.986,2,BANKNER,2664.1501775944034,OpenAQ live network,2026-08-23 07:00:00,2026-08-24 07:00:00,24,95.2,95.76941
1537,28.887179,77.061538,1,8.167,2,BANKNER,2076.720138748677,OpenAQ live network,2026-08-23 07:00:00,2026-08-24 07:00:00,24,125.0,112.9693
1538,28.887179,77.076923,1,7.559,2,BANKNER,791.5499972714344,OpenAQ live network,2026-08-23 07:00:00,2026-08-24 07:00:00,24,125.3,112.9693
1539,28.887179,77.092308,1,7.216,2,BANKNER,929.3149586156694,OpenAQ live network,2026-08-23 07:00:00,2026-08-24 07:00:00,24,125.4,112.9693
1540,28.887179,77.107692,1,7.176,1,NARELA,2171.446004197235,OpenAQ live network,2026-08-23 07:00:00,2026-08-24 07:00:00,24,125.4,112.9693
1541,28.887179,77.123077,1,7.444,1,NARELA,2636.047005596918,OpenAQ live network,2026-08-23 07:00:00,2026-08-24 07:00:00,24,125.4,112.9693
1542,28.887179,77.138462,1,7.988,1,NARELA,3106.7981772540043,OpenAQ live network,2026-08-23 07:00:00,2026-08-24 07:00:00,24,126.5,112.9693
1543,28.887179,77.153846,1,7.99,1,NARELA,3538.148845867637,OpenAQ live network,2026-08-23 07:00:00,2026-08-24 07:00:00,24,127.7,123.69561
1544,28.887179,77.169231,1,8.144,4,BAKHTAWAR PUR,3702.0987941716025,OpenAQ live network,2026-08-23 07:00:00,2026-08-24 07:00:00,24,127.7,123.69561
1545,28.887179,77.184615,1,8.562,4,BAKHTAWAR PUR,3694.640199647964,OpenAQ live network,2026-08-23 07:00:00,2026-08-24 07:00:00,24,87.4,95.37575
1546,28.887179,77.2,1,9.207,4,BAKHTAWAR PUR,3553.2248169751147,OpenAQ live network,2026-08-23 07:00:00,2026-08-24 07:00:00,24,86.6,94.357895
1547,28.887179,77.215385,1,10.037,4,BAKHTAWAR PUR,3672.891760635385,OpenAQ live network,2026-08-23 07:00:00,2026-08-24 07:00:00,24,86.6,94.357895
1548,28.887179,77.230769,1,11.008,4,BAKHTAWAR PUR,4274.087182982533,OpenAQ live network,2026-08-23 07:00:00,2026-08-24 07:00:00,24,86.6,94.357895
1549,28.887179,77.246154,1,12.088,4,BAKHTAWAR PUR,5356.680771987425,OpenAQ live network,2026-08-23 07:00:00,2026-08-24 07:00:00,24,86.6,94.357895
1550,28.887179,77.261538,1,13.25,4,BAKHTAWAR PUR,6691.343705251098,OpenAQ live network,2026-08-23 07:00:00,2026-08-24 07:00:00,24,86.6,94.357895
1551,28.887179,77.276923,1,14.444,4,BAKHTAWAR PUR,8168.312519469707,OpenAQ live network,2026-08-23 07:00:00,2026-08-24 07:00:00,24,106.9,94.93693
1552,28.887179,77.292308,1,14.502,4,BAKHTAWAR PUR,9722.907013902712,OpenAQ live network,2026-08-23 07:00:00,2026-08-24 07:00:00,24,106.9,94.93693
1553,28.887179,77.307692,1,14.714,4,BAKHTAWAR PUR,11323.094760604616,OpenAQ live network,2026-08-23 07:00:00,2026-08-24 07:00:00,24,106.9,94.93693
1554,28.887179,77.323077,1,15.073,4,BAKHTAWAR PUR,12952.133074751597,OpenAQ live network,2026-08-23 07:00:00,2026-08-24 07:00:00,24,106.9,94.93693
1555,28.887179,77.338462,1,15.569,4,BAKHTAWAR PUR,14597.333560320902,OpenAQ live network,2026-08-23 07:00:00,2026-08-24 07:00:00,24,106.9,94.93693
1556,28.887179,77.353846,1,16.188,4,BAKHTAWAR PUR,16256.221167155634,OpenAQ live network,2026-08-23 07:00:00,2026-08-24 07:00:00,24,106.9,94.93693
1557,28.887179,77.369231,1,16.918,4,BAKHTAWAR PUR,17821.26369128231,OpenAQ live network,2026-08-23 07:00:00,2026-08-24 07:00:00,24,106.9,94.93693
1558,28.887179,77.384615,1,17.745,4,BAKHTAWAR PUR,19391.97472257175,OpenAQ live network,2026-08-23 07:00:00,2026-08-24 07:00:00,24,106.9,94.93693
1559,28.887179,77.4,1,18.655,4,BAKHTAWAR PUR,20984.99175864366,OpenAQ live network,2026-08-23 07:00:00,2026-08-24 07:00:00,24,106.9,94.93693
1560,28.9,76.8,1,28.064,28,BAWANA,19730.83734271664,OpenAQ live network,2026-08-23 07:00:00,2026-08-24 07:00:00,24,91.1,88.25675
1561,28.9,76.815385,1,26.768,28,BAWANA,18314.938844800425,OpenAQ live network,2026-08-23 07:00:00,2026-08-24 07:00:00,24,91.1,88.25675
1562,28.9,76.830769,1,25.495,28,BAWANA,16953.975921218793,OpenAQ live network,2026-08-23 07:00:00,2026-08-24 07:00:00,24,91.1,88.25675
1563,28.9,76.846154,1,24.247,28,BAWANA,15642.35260373908,OpenAQ live network,2026-08-23 07:00:00,2026-08-24 07:00:00,24,94.3,88.25675
1564,28.9,76.861538,1,23.029,28,BAWANA,14408.564538602996,OpenAQ live network,2026-08-23 07:00:00,2026-08-24 07:00:00,24,94.3,88.25675
1565,28.9,76.876923,1,21.846,28,BAWANA,13281.340707169757,OpenAQ live network,2026-08-23 07:00:00,2026-08-24 07:00:00,24,94.3,88.25675
1566,28.9,76.892308,1,20.704,28,BAWANA,12290.14371145088,OpenAQ live network,2026-08-23 07:00:00,2026-08-24 07:00:00,24,94.3,88.25675
1567,28.9,76.907692,1,19.61,28,BAWANA,11234.64635747357,OpenAQ live network,2026-08-23 07:00:00,2026-08-24 07:00:00,24,94.3,88.25675
1568,28.9,76.923077,1,18.573,28,BAWANA,10334.581857978314,OpenAQ live network,2026-08-23 07:00:00,2026-08-24 07:00:00,24,94.5,88.25675
1569,28.9,76.938462,1,17.602,28,BAWANA,9643.291341923774,OpenAQ live network,2026-08-23 07:00:00,2026-08-24 07:00:00,24,94.5,88.25675
1570,28.9,76.953846,1,16.709,28,BAWANA,8881.714944161504,OpenAQ live network,2026-08-23 07:00:00,2026-08-24 07:00:00,24,94.5,88.25675
1571,28.9,76.969231,1,15.516,28,BAWANA,8159.776688633945,OpenAQ live network,2026-08-23 07:00:00,2026-08-24 07:00:00,24,95.2,95.76941
1572,28.9,76.984615,1,14.292,28,BAWANA,7738.128758576255,OpenAQ live network,2026-08-23 07:00:00,2026-08-24 07:00:00,24,95.2,95.76941
1573,28.9,77.0,1,13.124,28,BAWANA,7592.2010894019695,OpenAQ live network,2026-08-23 07:00:00,2026-08-24 07:00:00,24,95.2,95.76941
1574,28.9,77.015385,1,12.031,2,BANKNER,6275.119387056398,OpenAQ live network,2026-08-23 07:00:00,2026-08-24 07:00:00,24,95.2,95.76941
1575,28.9,77.030769,1,11.032,2,BANKNER,5017.531277996691,OpenAQ live network,2026-08-23 07:00:00,2026-08-24 07:00:00,24,95.2,95.76941
1576,28.9,77.046154,1,10.158,2,BANKNER,4065.0163054980303,OpenAQ live network,2026-08-23 07:00:00,2026-08-24 07:00:00,24,95.2,95.76941
1577,28.9,77.061538,1,9.441,2,BANKNER,3151.15484848104,OpenAQ live network,2026-08-23 07:00:00,2026-08-24 07:00:00,24,94.4,95.76941
1578,28.9,77.076923,1,8.921,2,BANKNER,2193.318975471865,OpenAQ live network,2026-08-23 07:00:00,2026-08-24 07:00:00,24,94.4,95.76941
1579,28.9,77.092308,1,8.632,2,BANKNER,2357.511808782852,OpenAQ live network,2026-08-23 07:00:00,2026-08-24 07:00:00,24,94.4,95.76941
1580,28.9,77.107692,1,8.598,2,BANKNER,3286.663025268766,OpenAQ live network,2026-08-23 07:00:00,2026-08-24 07:00:00,24,97.7,97.74686
1581,28.9,77.123077,1,8.823,1,NARELA,4089.131581054326,OpenAQ live network,2026-08-23 07:00:00,2026-08-24 07:00:00,24,94.4,95.76941
1582,28.9,77.138462,1,9.287,1,NARELA,4710.539636179729,OpenAQ live network,2026-08-23 07:00:00,2026-08-24 07:00:00,24,94.4,95.76941
1583,28.9,77.153846,1,9.415,1,NARELA,5052.224198991963,OpenAQ live network,2026-08-23 07:00:00,2026-08-24 07:00:00,24,86.6,94.357895
1584,28.9,77.169231,1,9.547,4,BAKHTAWAR PUR,5315.154735641778,OpenAQ live network,2026-08-23 07:00:00,2026-08-24 07:00:00,24,86.6,94.357895
1585,28.9,77.184615,1,9.905,4,BAKHTAWAR PUR,5301.165546693617,OpenAQ live network,2026-08-23 07:00:00,2026-08-24 07:00:00,24,86.6,94.357895
1586,28.9,77.2,1,10.468,4,BAKHTAWAR PUR,5182.078510419285,OpenAQ live network,2026-08-23 07:00:00,2026-08-24 07:00:00,24,86.6,94.357895
1587,28.9,77.215385,1,11.205,4,BAKHTAWAR PUR,5265.523677484854,OpenAQ live network,2026-08-23 07:00:00,2026-08-24 07:00:00,24,86.6,94.357895
1588,28.9,77.230769,1,12.083,4,BAKHTAWAR PUR,5733.965591407639,OpenAQ live network,2026-08-23 07:00:00,2026-08-24 07:00:00,24,86.6,94.357895
1589,28.9,77.246154,1,13.074,4,BAKHTAWAR PUR,6583.046623406421,OpenAQ live network,2026-08-23 07:00:00,2026-08-24 07:00:00,24,86.6,94.357895
1590,28.9,77.261538,1,14.155,4,BAKHTAWAR PUR,7720.935308182246,OpenAQ live network,2026-08-23 07:00:00,2026-08-24 07:00:00,24,86.6,94.357895
1591,28.9,77.276923,1,15.306,4,BAKHTAWAR PUR,9031.062554708462,OpenAQ live network,2026-08-23 07:00:00,2026-08-24 07:00:00,24,86.6,94.357895
1592,28.9,77.292308,1,15.923,4,BAKHTAWAR PUR,10458.1873310976,OpenAQ live network,2026-08-23 07:00:00,2026-08-24 07:00:00,24,106.9,94.93693
1593,28.9,77.307692,1,16.116,4,BAKHTAWAR PUR,11960.402853121775,OpenAQ live network,2026-08-23 07:00:00,2026-08-24 07:00:00,24,106.9,94.93693
1594,28.9,77.323077,1,16.444,4,BAKHTAWAR PUR,13512.850609479654,OpenAQ live network,2026-08-23 07:00:00,2026-08-24 07:00:00,24,106.9,94.93693
1595,28.9,77.338462,1,16.899,4,BAKHTAWAR PUR,15099.979116894034,OpenAQ live network,2026-08-23 07:00:00,2026-08-24 07:00:00,24,106.9,94.93693
1596,28.9,77.353846,1,17.472,4,BAKHTAWAR PUR,16711.80498794292,OpenAQ live network,2026-08-23 07:00:00,2026-08-24 07:00:00,24,106.9,94.93693
1597,28.9,77.369231,1,18.15,4,BAKHTAWAR PUR,18342.000095175223,OpenAQ live network,2026-08-23 07:00:00,2026-08-24 07:00:00,24,106.9,94.93693
1598,28.9,77.384615,1,18.923,4,BAKHTAWAR PUR,19983.989442672217,OpenAQ live network,2026-08-23 07:00:00,2026-08-24 07:00:00,24,106.9,94.93693
1599,28.9,77.4,1,19.779,4,BAKHTAWAR PUR,21614.207043614697,OpenAQ live network,2026-08-23 07:00:00,2026-08-24 07:00:00,24,106.9,94.93693
0,28.4,76.8,1,22.821,133,CHHAWLA,15963.545791078815,OpenAQ live network,2026-08-23 07:00:00,2026-08-25 07:00:00,48,96.0,90.01389
1,28.4,76.815385,1,21.366,133,CHHAWLA,15005.746802137335,OpenAQ live network,2026-08-23 07:00:00,2026-08-25 07:00:00,48,96.0,90.01389
2,28.4,76.830769,1,19.917,133,CHHAWLA,14190.76384732492,OpenAQ live network,2026-08-23 07:00:00,2026-08-25 07:00:00,48,96.0,90.01389
3,28.4,76.846154,1,18.477,133,CHHAWLA,13544.287549978346,OpenAQ live network,2026-08-23 07:00:00,2026-08-25 07:00:00,48,95.8,90.01389
4,28.4,76.861538,1,17.049,133,CHHAWLA,13091.394422917225,OpenAQ live network,2026-08-23 07:00:00,2026-08-25 07:00:00,48,96.0,90.01389
5,28.4,76.876923,1,15.635,133,CHHAWLA,12852.503974021727,OpenAQ live network,2026-08-23 07:00:00,2026-08-25 07:00:00,48,102.3,94.50109
6,28.4,76.892308,1,14.24,133,CHHAWLA,12760.145163807105,OpenAQ live network,2026-08-23 07:00:00,2026-08-25 07:00:00,48,102.3,94.50109
7,28.4,76.907692,1,12.869,133,CHHAWLA,12878.086330646924,OpenAQ live network,2026-08-23 07:00:00,2026-08-25 07:00:00,48,102.1,94.50109
8,28.4,76.923077,1,11.531,133,CHHAWLA,13218.746496274802,OpenAQ live network,2026-08-23 07:00:00,2026-08-25 07:00:00,48,102.1,94.50109
9,28.4,76.938462,1,10.24,133,CHHAWLA,13232.719044047104,OpenAQ live network,2026-08-23 07:00:00,2026-08-25 07:00:00,48,102.1,94.50109
10,28.4,76.953846,1,9.015,133,CHHAWLA,13250.736884514992,OpenAQ live network,2026-08-23 07:00:00,2026-08-25 07:00:00,48,102.1,94.50109
11,28.4,76.969231,1,7.888,133,CHHAWLA,13385.308682055616,OpenAQ live network,2026-08-23 07:00:00,2026-08-25 07:00:00,48,103.1,94.50109
12,28.4,76.984615,1,6.905,133,CHHAWLA,13722.225518194116,OpenAQ live network,2026-08-23 07:00:00,2026-08-25 07:00:00,48,119.1,118.319115
13,28.4,77.0,1,6.138,133,CHHAWLA,14255.223718671516,OpenAQ live network,2026-08-23 07:00:00,2026-08-25 07:00:00,48,118.6,118.319115
14,28.4,77.015385,1,5.618,175,AYA NAGAR,13132.750443399938,OpenAQ live network,2026-08-23 07:00:00,2026-08-25 07:00:00,48,36.9,39.118343
15,28.4,77.030769,1,4.327,175,AYA NAGAR,11601.744737161414,OpenAQ live network,2026-08-23 07:00:00,2026-08-25 07:00:00,48,82.7,80.19899
16,28.4,77.046154,1,3.226,175,AYA NAGAR,10128.94456609051,OpenAQ live network,2026-08-23 07:00:00,2026-08-25 07:00:00,48,66.2,62.04316
17,28.4,77.061538,1,2.289,175,AYA NAGAR,8744.049747102052,OpenAQ live network,2026-08-23 07:00:00,2026-08-25 07:00:00,48,87.6,83.42126
18,28.4,77.076923,1,0.813,175,AYA NAGAR,7495.715233142443,OpenAQ live network,2026-08-23 07:00:00,2026-08-25 07:00:00,48,107.8,104.850105
19,28.4,77.092308,0,0.784,175,AYA NAGAR,6463.70097423099,OpenAQ live network,2026-08-23 07:00:00,2026-08-25 07:00:00,48,108.5,104.850105
20,28.4,77.107692,1,2.258,175,AYA NAGAR,5726.634093509547,OpenAQ live network,2026-08-23 07:00:00,2026-08-25 07:00:00,48,105.6,103.402916
21,28.4,77.123077,1,3.572,175,AYA NAGAR,5030.66914839388,OpenAQ live network,2026-08-23 07:00:00,2026-08-25 07:00:00,48,71.1,57.835037
22,28.4,77.138462,1,2.722,175,AYA NAGAR,3490.309136968516,OpenAQ live network,2026-08-23 07:00:00,2026-08-25 07:00:00,48,66.5,59.43092
23,28.4,77.153846,1,2.567,175,AYA NAGAR,2125.663170794293,OpenAQ live network,2026-08-23 07:00:00,2026-08-25 07:00:00,48,66.5,59.43092
24,28.4,77.169231,1,3.209,175,AYA NAGAR,771.2502024743126,OpenAQ live network,2026-08-23 07:00:00,2026-08-25 07:00:00,48,72.0,61.192383
25,28.4,77.184615,1,4.305,175,AYA NAGAR,991.5356800302212,OpenAQ live network,2026-08-23 07:00:00,2026-08-25 07:00:00,48,77.9,66.37911
26,28.4,77.2,1,5.594,176,BHATI,1028.0968999156314,OpenAQ live network,2026-08-23 07:00:00,2026-08-25 07:00:00,48,36.9,31.666515
27,28.4,77.215385,1,6.97,176,BHATI,1214.0661344928967,OpenAQ live network,2026-08-23 07:00:00,2026-08-25 07:00:00,48,91.0,85.401695
28,28.4,77.230769,1,7.803,176,BHATI,1702.0284952964598,OpenAQ live network,2026-08-23 07:00:00,2026-08-25 07:00:00,48,91.3,85.401695
29,28.4,77.246154,1,6.313,176,BHATI,2424.487014710983,OpenAQ live network,2026-08-23 07:00:00,2026-08-25 07:00:00,48,81.4,68.56702
30,28.4,77.261538,1,4.832,176,BHATI,3322.086697494133,OpenAQ live network,2026-08-23 07:00:00,2026-08-25 07:00:00,48,103.2,97.19858
31,28.4,77.276923,1,3.373,176,BHATI,4307.57961756003,OpenAQ live network,2026-08-23 07:00:00,2026-08-25 07:00:00,48,38.4,21.464796
32,28.4,77.292308,1,1.982,176,BHATI,5649.25344228758,OpenAQ live network,2026-08-23 07:00:00,2026-08-25 07:00:00,48,38.8,21.464796
33,28.4,77.307692,1,1.007,176,BHATI,7132.471253058135,OpenAQ live network,2026-08-23 07:00:00,2026-08-25 07:00:00,48,64.9,60.957916
34,28.4,77.323077,1,1.447,176,BHATI,8655.349456562799,OpenAQ live network,2026-08-23 07:00:00,2026-08-25 07:00:00,48,62.5,60.957916
35,28.4,77.338462,1,2.664,176,BHATI,10234.56384138949,OpenAQ live network,2026-08-23 07:00:00,2026-08-25 07:00:00,48,87.1,95.19913
36,28.4,77.353846,1,4.078,204,MOLARBAND,11476.992025831114,OpenAQ live network,2026-08-23 07:00:00,2026-08-25 07:00:00,48,38.3,21.464796
37,28.4,77.369231,1,5.54,204,MOLARBAND,12213.527569503052,OpenAQ live network,2026-08-23 07:00:00,2026-08-25 07:00:00,48,40.7,29.176752
38,28.4,77.384615,1,7.02,202,MEETHEYPUR,13064.268801397551,OpenAQ live network,2026-08-23 07:00:00,2026-08-25 07:00:00,48,101.8,97.19858
39,28.4,77.4,1,8.508,202,MEETHEYPUR,13987.36786953118,OpenAQ live network,2026-08-23 07:00:00,2026-08-25 07:00:00,48,81.3,68.56702
40,28.412821,76.8,1,21.841,133,CHHAWLA,14692.638386510014,OpenAQ live network,2026-08-23 07:00:00,2026-08-25 07:00:00,48,96.0,90.01389
41,28.412821,76.815385,1,20.975,133,CHHAWLA,13645.924872383415,OpenAQ live network,2026-08-23 07:00:00,2026-08-25 07:00:00,48,96.0,90.01389
42,28.412821,76.830769,1,19.565,133,CHHAWLA,12744.277425708427,OpenAQ live network,2026-08-23 07:00:00,2026-08-25 07:00:00,48,96.0,90.01389
43,28.412821,76.846154,1,18.098,133,CHHAWLA,12020.25597769764,OpenAQ live network,2026-08-23 07:00:00,2026-08-25 07:00:00,48,96.0,90.01389
44,28.412821,76.861538,1,16.637,133,CHHAWLA,11507.538245396609,OpenAQ live network,2026-08-23 07:00:00,2026-08-25 07:00:00,48,96.0,90.01389
45,28.412821,76.876923,1,15.185,133,CHHAWLA,11235.020557841524,OpenAQ live network,2026-08-23 07:00:00,2026-08-25 07:00:00,48,95.7,90.01389
46,28.412821,76.892308,1,13.744,133,CHHAWLA,11137.55399545683,OpenAQ live network,2026-08-23 07:00:00,2026-08-25 07:00:00,48,102.1,94.50109
47,28.412821,76.907692,1,12.318,133,CHHAWLA,11272.484727861987,OpenAQ live network,2026-08-23 07:00:00,2026-08-25 07:00:00,48,102.1,94.50109
48,28.412821,76.923077,1,10.913,133,CHHAWLA,11660.148512478903,OpenAQ live network,2026-08-23 07:00:00,2026-08-25 07:00:00,48,102.1,94.50109
49,28.412821,76.938462,1,9.539,133,CHHAWLA,11611.605395309747,OpenAQ live network,2026-08-23 07:00:00,2026-08-25 07:00:00,48,102.1,94.50109
50,28.412821,76.953846,1,8.21,133,CHHAWLA,11628.816792635014,OpenAQ live network,2026-08-23 07:00:00,2026-08-25 07:00:00,48,103.5,94.50109
51,28.412821,76.969231,1,6.954,133,CHHAWLA,11781.209809208283,OpenAQ live network,2026-08-23 07:00:00,2026-08-25 07:00:00,48,103.2,94.50109
52,28.412821,76.984615,1,5.816,133,CHHAWLA,12160.241592791655,OpenAQ live network,2026-08-23 07:00:00,2026-08-25 07:00:00,48,118.5,118.319115
53,28.412821,77.0,1,4.881,133,CHHAWLA,12758.660027301356,OpenAQ live network,2026-08-23 07:00:00,2026-08-25 07:00:00,48,43.0,40.910236
54,28.412821,77.015385,1,4.283,175,AYA NAGAR,12536.43312271213,OpenAQ live network,2026-08-23 07:00:00,2026-08-25 07:00:00,48,40.5,39.118343
55,28.412821,77.030769,1,3.682,175,AYA NAGAR,10922.156480194975,OpenAQ live network,2026-08-23 07:00:00,2026-08-25 07:00:00,48,81.9,79.54444
56,28.412821,77.046154,1,2.29,175,AYA NAGAR,9342.833577376134,OpenAQ live network,2026-08-23 07:00:00,2026-08-25 07:00:00,48,81.4,82.46214
57,28.412821,77.061538,1,1.209,175,AYA NAGAR,7819.937800993557,OpenAQ live network,2026-08-23 07:00:00,2026-08-25 07:00:00,48,78.7,78.87813
58,28.412821,77.076923,1,1.389,175,AYA NAGAR,6393.650607280333,OpenAQ live network,2026-08-23 07:00:00,2026-08-25 07:00:00,48,45.8,37.291286
59,28.412821,77.092308,1,1.372,175,AYA NAGAR,5145.1386294139,OpenAQ live network,2026-08-23 07:00:00,2026-08-25 07:00:00,48,45.8,37.291286
60,28.412821,77.107692,1,2.523,175,AYA NAGAR,4234.718637710413,OpenAQ live network,2026-08-23 07:00:00,2026-08-25 07:00:00,48,75.7,70.36404
61,28.412821,77.123077,1,2.757,175,AYA NAGAR,3519.167425173803,OpenAQ live network,2026-08-23 07:00:00,2026-08-25 07:00:00,48,67.6,59.43092
62,28.412821,77.138462,1,1.501,175,AYA NAGAR,2965.6318111863043,OpenAQ live network,2026-08-23 07:00:00,2026-08-25 07:00:00,48,49.6,42.793133
63,28.412821,77.153846,1,1.197,175,AYA NAGAR,1267.9587966321676,OpenAQ live network,2026-08-23 07:00:00,2026-08-25 07:00:00,48,75.4,70.19978
64,28.412821,77.169231,1,2.267,175,AYA NAGAR,0.0,OpenAQ live network,2026-08-23 07:00:00,2026-08-25 07:00:00,48,69.8,54.29356
65,28.412821,77.184615,1,3.657,175,AYA NAGAR,0.0,OpenAQ live network,2026-08-23 07:00:00,2026-08-25 07:00:00,48,78.1,65.72456
66,28.412821,77.2,1,5.112,176,BHATI,0.0,OpenAQ live network,2026-08-23 07:00:00,2026-08-25 07:00:00,48,36.9,31.666515
67,28.412821,77.215385,1,6.59,176,BHATI,0.0,OpenAQ live network,2026-08-23 07:00:00,2026-08-25 07:00:00,48,37.2,31.666515
68,28.412821,77.230769,1,7.753,176,BHATI,219.63059960973663,OpenAQ live network,2026-08-23 07:00:00,2026-08-25 07:00:00,48,90.9,85.401695
69,28.412821,77.246154,1,6.251,176,BHATI,1145.284856404756,OpenAQ live network,2026-08-23 07:00:00,2026-08-25 07:00:00,48,100.4,97.19858
70,28.412821,77.261538,1,4.751,176,BHATI,1950.3476644693665,OpenAQ live network,2026-08-23 07:00:00,2026-08-25 07:00:00,48,43.0,29.176752
71,28.412821,77.276923,1,3.256,176,BHATI,3351.687298026296,OpenAQ live network,2026-08-23 07:00:00,2026-08-25 07:00:00,48,38.4,21.464796
72,28.412821,77.292308,1,1.777,176,BHATI,4865.884833125222,OpenAQ live network,2026-08-23 07:00:00,2026-08-25 07:00:00,48,79.4,77.61945
73,28.412821,77.307692,0,0.493,176,BHATI,6457.587849818359,OpenAQ live network,2026-08-23 07:00:00,2026-08-25 07:00:00,48,67.3,60.840263
74,28.412821,77.323077,0,0.958,176,BHATI,8093.644375525553,OpenAQ live network,2026-08-23 07:00:00,2026-08-25 07:00:00,48,65.8,60.840263
75,28.412821,77.338462,1,2.433,204,MOLARBAND,9365.819359467554,OpenAQ live network,2026-08-23 07:00:00,2026-08-25 07:00:00,48,64.7,59.95947
76,28.412821,77.353846,1,3.93,204,MOLARBAND,9993.4172175872,OpenAQ live network,2026-08-23 07:00:00,2026-08-25 07:00:00,48,69.1,65.290276
77,28.412821,77.369231,1,5.432,204,MOLARBAND,10818.962318997366,OpenAQ live network,2026-08-23 07:00:00,2026-08-25 07:00:00,48,35.7,21.464796
78,28.412821,77.384615,1,6.935,202,MEETHEYPUR,11679.457957432624,OpenAQ live network,2026-08-23 07:00:00,2026-08-25 07:00:00,48,101.8,97.19858
79,28.412821,77.4,1,8.303,202,MEETHEYPUR,12703.585272743285,OpenAQ live network,2026-08-23 07:00:00,2026-08-25 07:00:00,48,101.4,97.19858
80,28.425641,76.8,1,20.716,133,CHHAWLA,13497.286554703209,OpenAQ live network,2026-08-23 07:00:00,2026-08-25 07:00:00,48,96.0,90.01389
81,28.425641,76.815385,1,19.802,133,CHHAWLA,12349.67154242398,OpenAQ live network,2026-08-23 07:00:00,2026-08-25 07:00:00,48,96.0,90.01389
82,28.425641,76.830769,1,18.963,133,CHHAWLA,11345.471726043206,OpenAQ live network,2026-08-23 07:00:00,2026-08-25 07:00:00,48,96.0,90.01389
83,28.425641,76.846154,1,17.824,133,CHHAWLA,10525.667454009756,OpenAQ live network,2026-08-23 07:00:00,2026-08-25 07:00:00,48,96.0,90.01389
84,28.425641,76.861538,1,16.339,133,CHHAWLA,9936.123894773556,OpenAQ live network,2026-08-23 07:00:00,2026-08-25 07:00:00,48,96.0,90.01389
85,28.425641,76.876923,1,14.858,133,CHHAWLA,9619.189597785567,OpenAQ live network,2026-08-23 07:00:00,2026-08-25 07:00:00,48,95.7,90.01389
86,28.425641,76.892308,1,13.382,133,CHHAWLA,9514.894346010971,OpenAQ live network,2026-08-23 07:00:00,2026-08-25 07:00:00,48,95.6,90.01389
87,28.425641,76.907692,1,11.913,133,CHHAWLA,9672.487650750292,OpenAQ live network,2026-08-23 07:00:00,2026-08-25 07:00:00,48,102.1,94.50109
88,28.425641,76.923077,1,10.454,133,CHHAWLA,10121.61887975926,OpenAQ live network,2026-08-23 07:00:00,2026-08-25 07:00:00,48,102.1,94.50109
89,28.425641,76.938462,1,9.01,133,CHHAWLA,9990.903006273198,OpenAQ live network,2026-08-23 07:00:00,2026-08-25 07:00:00,48,102.1,94.50109
90,28.425641,76.953846,1,7.59,133,CHHAWLA,10006.826873671622,OpenAQ live network,2026-08-23 07:00:00,2026-08-25 07:00:00,48,103.1,94.50109
91,28.425641,76.969231,1,6.209,133,CHHAWLA,10181.47914999371,OpenAQ live network,2026-08-23 07:00:00,2026-08-25 07:00:00,48,101.8,94.50109
92,28.425641,76.984615,1,4.902,133,CHHAWLA,10616.388647658368,OpenAQ live network,2026-08-23 07:00:00,2026-08-25 07:00:00,48,120.6,118.319115
93,28.425641,77.0,1,3.745,133,CHHAWLA,11166.883853693991,OpenAQ live network,2026-08-23 07:00:00,2026-08-25 07:00:00,48,40.5,39.118343
94,28.425641,77.015385,1,2.924,133,CHHAWLA,11284.047615555315,OpenAQ live network,2026-08-23 07:00:00,2026-08-25 07:00:00,48,64.6,52.055218
95,28.425641,77.030769,1,2.757,175,AYA NAGAR,10452.360251280485,OpenAQ live network,2026-08-23 07:00:00,2026-08-25 07:00:00,48,65.9,62.04316
96,28.425641,77.046154,1,2.036,175,AYA NAGAR,8789.019962386597,OpenAQ live network,2026-08-23 07:00:00,2026-08-25 07:00:00,48,77.9,77.48579
97,28.425641,77.061538,0,0.601,175,AYA NAGAR,7149.109025332534,OpenAQ live network,2026-08-23 07:00:00,2026-08-25 07:00:00,48,107.7,103.73187
98,28.425641,77.076923,1,1.052,175,AYA NAGAR,5553.116308223638,OpenAQ live network,2026-08-23 07:00:00,2026-08-25 07:00:00,48,78.7,78.87813
99,28.425641,77.092308,1,2.525,175,AYA NAGAR,4053.490367642472,OpenAQ live network,2026-08-23 07:00:00,2026-08-25 07:00:00,48,80.4,86.83773
100,28.425641,77.107692,1,3.42,175,AYA NAGAR,2809.1234549686656,OpenAQ live network,2026-08-23 07:00:00,2026-08-25 07:00:00,48,76.0,71.89984
101,28.425641,77.123077,1,2.3,175,AYA NAGAR,2060.29048691576,OpenAQ live network,2026-08-23 07:00:00,2026-08-25 07:00:00,48,81.3,72.72259
102,28.425641,77.138462,0,0.813,175,AYA NAGAR,1435.9811664656177,OpenAQ live network,2026-08-23 07:00:00,2026-08-25 07:00:00,48,103.4,91.56121
103,28.425641,77.153846,0,0.581,175,AYA NAGAR,784.7053648908775,OpenAQ live network,2026-08-23 07:00:00,2026-08-25 07:00:00,48,108.7,98.6282
104,28.425641,77.169231,1,2.011,175,AYA NAGAR,0.0,OpenAQ live network,2026-08-23 07:00:00,2026-08-25 07:00:00,48,82.0,71.71029
105,28.425641,77.184615,1,3.504,175,AYA NAGAR,0.0,OpenAQ live network,2026-08-23 07:00:00,2026-08-25 07:00:00,48,72.1,61.192383
106,28.425641,77.2,1,5.004,176,BHATI,0.0,OpenAQ live network,2026-08-23 07:00:00,2026-08-25 07:00:00,48,50.2,42.348633
107,28.425641,77.215385,1,6.506,176,BHATI,0.0,OpenAQ live network,2026-08-23 07:00:00,2026-08-25 07:00:00,48,36.9,31.666515
108,28.425641,77.230769,1,7.962,176,BHATI,0.0,OpenAQ live network,2026-08-23 07:00:00,2026-08-25 07:00:00,48,92.3,85.401695
109,28.425641,77.246154,1,6.509,176,BHATI,0.0,OpenAQ live network,2026-08-23 07:00:00,2026-08-25 07:00:00,48,100.5,97.19858
110,28.425641,77.261538,1,5.086,176,BHATI,1079.1691461472828,OpenAQ live network,2026-08-23 07:00:00,2026-08-25 07:00:00,48,40.2,21.464796
111,28.425641,77.276923,1,3.728,176,BHATI,2712.4035517252714,OpenAQ live network,2026-08-23 07:00:00,2026-08-25 07:00:00,48,65.0,60.957916
112,28.425641,77.292308,1,2.54,176,BHATI,4390.22659863753,OpenAQ live network,2026-08-23 07:00:00,2026-08-25 07:00:00,48,64.2,60.840263
113,28.425641,77.307692,1,1.825,176,BHATI,6087.352170177604,OpenAQ live network,2026-08-23 07:00:00,2026-08-25 07:00:00,48,83.7,81.603966
114,28.425641,77.323077,1,1.791,204,MOLARBAND,7405.792089359533,OpenAQ live network,2026-08-23 07:00:00,2026-08-25 07:00:00,48,73.0,56.46097
115,28.425641,77.338462,1,2.424,204,MOLARBAND,7828.249948091849,OpenAQ live network,2026-08-23 07:00:00,2026-08-25 07:00:00,48,80.4,76.40595
116,28.425641,77.353846,1,3.615,204,MOLARBAND,8544.744888954448,OpenAQ live network,2026-08-23 07:00:00,2026-08-25 07:00:00,48,64.3,59.95947
117,28.425641,77.369231,1,4.979,202,MEETHEYPUR,9397.068977149404,OpenAQ live network,2026-08-23 07:00:00,2026-08-25 07:00:00,48,86.8,95.19913
118,28.425641,77.384615,1,6.406,202,MEETHEYPUR,10363.824210084586,OpenAQ live network,2026-08-23 07:00:00,2026-08-25 07:00:00,48,35.7,21.464796
119,28.425641,77.4,1,7.862,202,MEETHEYPUR,11505.659166686592,OpenAQ live network,2026-08-23 07:00:00,2026-08-25 07:00:00,48,102.1,97.19858
120,28.438462,76.8,1,19.63,133,CHHAWLA,12350.355006092408,OpenAQ live network,2026-08-23 07:00:00,2026-08-25 07:00:00,48,96.0,90.01389
121,28.438462,76.815385,1,18.663,133,CHHAWLA,11139.050920005013,OpenAQ live network,2026-08-23 07:00:00,2026-08-25 07:00:00,48,95.8,90.01389
122,28.438462,76.830769,1,17.77,133,CHHAWLA,10014.179790634558,OpenAQ live network,2026-08-23 07:00:00,2026-08-25 07:00:00,48,96.0,90.01389
123,28.438462,76.846154,1,16.964,133,CHHAWLA,9074.896337981389,OpenAQ live network,2026-08-23 07:00:00,2026-08-25 07:00:00,48,96.0,90.01389
124,28.438462,76.861538,1,16.162,133,CHHAWLA,8383.950515419194,OpenAQ live network,2026-08-23 07:00:00,2026-08-25 07:00:00,48,95.7,90.01389
125,28.438462,76.876923,1,14.663,133,CHHAWLA,8005.80268997768,OpenAQ live network,2026-08-23 07:00:00,2026-08-25 07:00:00,48,95.7,90.01389
126,28.438462,76.892308,1,13.165,133,CHHAWLA,7891.9137904814625,OpenAQ live network,2026-08-23 07:00:00,2026-08-25 07:00:00,48,95.6,90.01389
127,28.438462,76.907692,1,11.669,133,CHHAWLA,8081.219351963961,OpenAQ live network,2026-08-23 07:00:00,2026-08-25 07:00:00,48,95.6,90.01389
128,28.438462,76.923077,1,10.176,133,CHHAWLA,8613.40229447788,OpenAQ live network,2026-08-23 07:00:00,2026-08-25 07:00:00,48,102.1,94.50109
129,28.438462,76.938462,1,8.686,133,CHHAWLA,8370.638612366567,OpenAQ live network,2026-08-23 07:00:00,2026-08-25 07:00:00,48,102.2,94.50109
130,28.438462,76.953846,1,7.202,133,CHHAWLA,8384.513958288408,OpenAQ live network,2026-08-23 07:00:00,2026-08-25 07:00:00,48,103.2,94.50109
131,28.438462,76.969231,1,5.729,133,CHHAWLA,8588.32955260792,OpenAQ live network,2026-08-23 07:00:00,2026-08-25 07:00:00,48,101.8,94.50109
132,28.438462,76.984615,1,4.277,133,CHHAWLA,9099.703002877148,OpenAQ live network,2026-08-23 07:00:00,2026-08-25 07:00:00,48,120.6,118.319115
133,28.438462,77.0,1,2.88,133,CHHAWLA,9551.549594299,OpenAQ live network,2026-08-23 07:00:00,2026-08-25 07:00:00,48,41.1,40.910236
134,28.438462,77.015385,1,1.68,133,CHHAWLA,9663.275053505891,OpenAQ live network,2026-08-23 07:00:00,2026-08-25 07:00:00,48,40.6,39.118343
135,28.438462,77.030769,1,1.368,175,AYA NAGAR,9816.652435507223,OpenAQ live network,2026-08-23 07:00:00,2026-08-25 07:00:00,48,81.5,79.54444
136,28.438462,77.046154,1,2.334,175,AYA NAGAR,8295.249698504926,OpenAQ live network,2026-08-23 07:00:00,2026-08-25 07:00:00,48,80.3,86.83773
137,28.438462,77.061538,1,1.824,175,AYA NAGAR,6806.889870724066,OpenAQ live network,2026-08-23 07:00:00,2026-08-25 07:00:00,48,77.9,77.48579
138,28.438462,77.076923,1,2.018,175,AYA NAGAR,5105.006423966,OpenAQ live network,2026-08-23 07:00:00,2026-08-25 07:00:00,48,77.9,77.48579
139,28.438462,77.092308,1,3.056,175,AYA NAGAR,3413.908905733294,OpenAQ live network,2026-08-23 07:00:00,2026-08-25 07:00:00,48,72.2,71.86333
140,28.438462,77.107692,1,3.986,175,AYA NAGAR,1764.9828444859977,OpenAQ live network,2026-08-23 07:00:00,2026-08-25 07:00:00,48,82.0,69.191246
141,28.438462,77.123077,1,2.595,175,AYA NAGAR,629.9760981942491,OpenAQ live network,2026-08-23 07:00:00,2026-08-25 07:00:00,48,79.6,77.8834
142,28.438462,77.138462,1,1.45,175,AYA NAGAR,0.0,OpenAQ live network,2026-08-23 07:00:00,2026-08-25 07:00:00,48,48.3,40.657845
143,28.438462,77.153846,1,1.415,175,AYA NAGAR,0.0,OpenAQ live network,2026-08-23 07:00:00,2026-08-25 07:00:00,48,46.3,40.73069
144,28.438462,77.169231,1,2.535,175,AYA NAGAR,0.0,OpenAQ live network,2026-08-23 07:00:00,2026-08-25 07:00:00,48,79.5,77.8834
145,28.438462,77.184615,1,3.905,176,BHATI,0.0,OpenAQ live network,2026-08-23 07:00:00,2026-08-25 07:00:00,48,78.1,65.72456
146,28.438462,77.2,1,5.292,176,BHATI,0.0,OpenAQ live network,2026-08-23 07:00:00,2026-08-25 07:00:00,48,36.9,31.666515
147,28.438462,77.215385,1,6.289,176,BHATI,0.0,OpenAQ live network,2026-08-23 07:00:00,2026-08-25 07:00:00,48,32.1,24.813847
148,28.438462,77.230769,1,6.782,176,BHATI,0.0,OpenAQ live network,2026-08-23 07:00:00,2026-08-25 07:00:00,48,39.7,31.010227
149,28.438462,77.246154,1,6.929,176,BHATI,0.0,OpenAQ live network,2026-08-23 07:00:00,2026-08-25 07:00:00,48,111.9,104.40604
150,28.438462,77.261538,1,5.764,176,BHATI,1188.4868831306685,OpenAQ live network,2026-08-23 07:00:00,2026-08-25 07:00:00,48,32.0,21.464796
151,28.438462,77.276923,1,4.393,176,BHATI,2783.102041238184,OpenAQ live network,2026-08-23 07:00:00,2026-08-25 07:00:00,48,67.9,65.290276
152,28.438462,77.292308,1,2.896,176,BHATI,4434.233619178447,OpenAQ live network,2026-08-23 07:00:00,2026-08-25 07:00:00,48,69.3,64.62068
153,28.438462,77.307692,1,1.416,204,MOLARBAND,5753.405558097363,OpenAQ live network,2026-08-23 07:00:00,2026-08-25 07:00:00,48,43.0,24.67503
154,28.438462,77.323077,0,0.384,204,MOLARBAND,5802.678152680684,OpenAQ live network,2026-08-23 07:00:00,2026-08-25 07:00:00,48,96.9,87.55183
155,28.438462,77.338462,1,1.678,204,MOLARBAND,6332.8177841403485,OpenAQ live network,2026-08-23 07:00:00,2026-08-25 07:00:00,48,62.7,48.65545
156,28.438462,77.353846,1,3.164,202,MEETHEYPUR,7164.27696193292,OpenAQ live network,2026-08-23 07:00:00,2026-08-25 07:00:00,48,63.9,60.840263
157,28.438462,77.369231,1,4.661,202,MEETHEYPUR,8035.290983515843,OpenAQ live network,2026-08-23 07:00:00,2026-08-25 07:00:00,48,64.2,60.957916
158,28.438462,77.384615,1,6.162,202,MEETHEYPUR,9147.122393736878,OpenAQ live network,2026-08-23 07:00:00,2026-08-25 07:00:00,48,40.0,21.464796
159,28.438462,77.4,1,7.664,202,MEETHEYPUR,10423.108398574124,OpenAQ live network,2026-08-23 07:00:00,2026-08-25 07:00:00,48,102.1,97.19858
160,28.451282,76.8,1,18.59,133,CHHAWLA,11300.977631681786,OpenAQ live network,2026-08-23 07:00:00,2026-08-25 07:00:00,48,95.8,90.01389
161,28.451282,76.815385,1,17.566,133,CHHAWLA,9991.116598457173,OpenAQ live network,2026-08-23 07:00:00,2026-08-25 07:00:00,48,96.0,90.01389
162,28.451282,76.830769,1,16.615,133,CHHAWLA,8781.523769031795,OpenAQ live network,2026-08-23 07:00:00,2026-08-25 07:00:00,48,96.0,90.01389
163,28.451282,76.846154,1,15.75,133,CHHAWLA,7693.185710225954,OpenAQ live network,2026-08-23 07:00:00,2026-08-25 07:00:00,48,95.7,90.01389
164,28.451282,76.861538,1,14.986,133,CHHAWLA,6864.545802302914,OpenAQ live network,2026-08-23 07:00:00,2026-08-25 07:00:00,48,95.7,90.01389
165,28.451282,76.876923,1,14.339,133,CHHAWLA,6397.205603837558,OpenAQ live network,2026-08-23 07:00:00,2026-08-25 07:00:00,48,95.7,90.01389
166,28.451282,76.892308,1,13.101,133,CHHAWLA,6268.867103450781,OpenAQ live network,2026-08-23 07:00:00,2026-08-25 07:00:00,48,95.6,90.01389
167,28.451282,76.907692,1,11.597,133,CHHAWLA,6505.574355803853,OpenAQ live network,2026-08-23 07:00:00,2026-08-25 07:00:00,48,95.6,90.01389
168,28.451282,76.923077,1,10.093,133,CHHAWLA,7047.562773142002,OpenAQ live network,2026-08-23 07:00:00,2026-08-25 07:00:00,48,95.6,90.01389
169,28.451282,76.938462,1,8.589,133,CHHAWLA,6751.612884617814,OpenAQ live network,2026-08-23 07:00:00,2026-08-25 07:00:00,48,102.1,94.50109
170,28.451282,76.953846,1,7.085,133,CHHAWLA,6762.13098885096,OpenAQ live network,2026-08-23 07:00:00,2026-08-25 07:00:00,48,103.2,94.50109
171,28.451282,76.969231,1,5.581,133,CHHAWLA,7008.817489821112,OpenAQ live network,2026-08-23 07:00:00,2026-08-25 07:00:00,48,101.8,94.50109
172,28.451282,76.984615,1,4.078,133,CHHAWLA,7626.841603310977,OpenAQ live network,2026-08-23 07:00:00,2026-08-25 07:00:00,48,104.9,94.50109
173,28.451282,77.0,1,2.575,133,CHHAWLA,7939.268333987407,OpenAQ live network,2026-08-23 07:00:00,2026-08-25 07:00:00,48,121.2,118.319115
174,28.451282,77.015385,1,1.075,133,CHHAWLA,8043.32614163701,OpenAQ live network,2026-08-23 07:00:00,2026-08-25 07:00:00,48,40.5,39.118343
175,28.451282,77.030769,0,0.455,133,CHHAWLA,8336.429991376908,OpenAQ live network,2026-08-23 07:00:00,2026-08-25 07:00:00,48,74.7,62.2395
176,28.451282,77.046154,1,1.945,175,AYA NAGAR,7616.231887637156,OpenAQ live network,2026-08-23 07:00:00,2026-08-25 07:00:00,48,82.3,79.54444
177,28.451282,77.061538,1,3.218,175,AYA NAGAR,6026.529047421516,OpenAQ live network,2026-08-23 07:00:00,2026-08-25 07:00:00,48,65.5,62.04316
178,28.451282,77.076923,1,3.332,175,AYA NAGAR,4525.727793102924,OpenAQ live network,2026-08-23 07:00:00,2026-08-25 07:00:00,48,65.5,62.04316
179,28.451282,77.092308,1,4.046,175,AYA NAGAR,3114.08582314995,OpenAQ live network,2026-08-23 07:00:00,2026-08-25 07:00:00,48,84.0,80.19899
180,28.451282,77.107692,1,3.463,175,AYA NAGAR,1606.4772684142326,OpenAQ live network,2026-08-23 07:00:00,2026-08-25 07:00:00,48,70.6,55.548794
181,28.451282,77.123077,1,2.688,175,AYA NAGAR,0.0,OpenAQ live network,2026-08-23 07:00:00,2026-08-25 07:00:00,48,68.0,58.271717
182,28.451282,77.138462,1,2.642,175,AYA NAGAR,0.0,OpenAQ live network,2026-08-23 07:00:00,2026-08-25 07:00:00,48,70.1,77.8834
183,28.451282,77.153846,1,2.74,175,AYA NAGAR,0.0,OpenAQ live network,2026-08-23 07:00:00,2026-08-25 07:00:00,48,79.6,77.8834
184,28.451282,77.169231,1,3.454,176,BHATI,0.0,OpenAQ live network,2026-08-23 07:00:00,2026-08-25 07:00:00,48,62.8,58.271717
185,28.451282,77.184615,1,4.57,176,BHATI,0.0,OpenAQ live network,2026-08-23 07:00:00,2026-08-25 07:00:00,48,71.6,59.881107
186,28.451282,77.2,1,4.71,176,BHATI,0.0,OpenAQ live network,2026-08-23 07:00:00,2026-08-25 07:00:00,48,64.6,56.72261
187,28.451282,77.215385,1,4.909,176,BHATI,0.0,OpenAQ live network,2026-08-23 07:00:00,2026-08-25 07:00:00,48,80.1,69.67209
188,28.451282,77.230769,1,5.527,176,BHATI,0.0,OpenAQ live network,2026-08-23 07:00:00,2026-08-25 07:00:00,48,31.8,24.813847
189,28.451282,77.246154,1,5.566,176,BHATI,141.9856216165515,OpenAQ live network,2026-08-23 07:00:00,2026-08-25 07:00:00,48,29.7,22.62838
190,28.451282,77.261538,1,5.268,176,BHATI,1458.860773410033,OpenAQ live network,2026-08-23 07:00:00,2026-08-25 07:00:00,48,29.7,22.62838
191,28.451282,77.276923,1,4.506,176,BHATI,3061.6567269479,OpenAQ live network,2026-08-23 07:00:00,2026-08-25 07:00:00,48,67.9,65.290276
192,28.451282,77.292308,1,3.065,176,BHATI,4739.044232264171,OpenAQ live network,2026-08-23 07:00:00,2026-08-25 07:00:00,48,67.7,64.62068
193,28.451282,77.307692,1,1.735,204,MOLARBAND,4146.637309341934,OpenAQ live network,2026-08-23 07:00:00,2026-08-25 07:00:00,48,61.2,43.945957
194,28.451282,77.323077,1,1.074,204,MOLARBAND,4214.7359588565705,OpenAQ live network,2026-08-23 07:00:00,2026-08-25 07:00:00,48,75.4,57.94718
195,28.451282,77.338462,1,1.955,204,MOLARBAND,4876.3467528601295,OpenAQ live network,2026-08-23 07:00:00,2026-08-25 07:00:00,48,73.0,56.46097
196,28.451282,77.353846,1,3.319,202,MEETHEYPUR,5731.959322149047,OpenAQ live network,2026-08-23 07:00:00,2026-08-25 07:00:00,48,63.9,60.840263
197,28.451282,77.369231,1,4.768,202,MEETHEYPUR,6789.285269692207,OpenAQ live network,2026-08-23 07:00:00,2026-08-25 07:00:00,48,64.8,60.957916
198,28.451282,77.384615,1,6.243,202,MEETHEYPUR,8074.548988611763,OpenAQ live network,2026-08-23 07:00:00,2026-08-25 07:00:00,48,40.0,21.464796
199,28.451282,77.4,1,7.729,202,MEETHEYPUR,9495.771794431195,OpenAQ live network,2026-08-23 07:00:00,2026-08-25 07:00:00,48,102.1,97.19858
200,28.464103,76.8,1,17.604,133,CHHAWLA,10393.739776198288,OpenAQ live network,2026-08-23 07:00:00,2026-08-25 07:00:00,48,96.0,90.01389
201,28.464103,76.815385,1,16.519,133,CHHAWLA,8957.548963233752,OpenAQ live network,2026-08-23 07:00:00,2026-08-25 07:00:00,48,96.0,90.01389
202,28.464103,76.830769,1,15.504,133,CHHAWLA,7631.938351384004,OpenAQ live network,2026-08-23 07:00:00,2026-08-25 07:00:00,48,95.7,90.01389
203,28.464103,76.846154,1,14.573,133,CHHAWLA,6425.111958002321,OpenAQ live network,2026-08-23 07:00:00,2026-08-25 07:00:00,48,95.7,90.01389
204,28.464103,76.861538,1,13.744,133,CHHAWLA,5405.455241952723,OpenAQ live network,2026-08-23 07:00:00,2026-08-25 07:00:00,48,95.6,90.01389
205,28.464103,76.876923,1,13.036,133,CHHAWLA,4798.040937571319,OpenAQ live network,2026-08-23 07:00:00,2026-08-25 07:00:00,48,95.6,90.01389
206,28.464103,76.892308,1,12.47,133,CHHAWLA,4645.505095121628,OpenAQ live network,2026-08-23 07:00:00,2026-08-25 07:00:00,48,95.6,90.01389
207,28.464103,76.907692,1,11.699,133,CHHAWLA,4960.29439922333,OpenAQ live network,2026-08-23 07:00:00,2026-08-25 07:00:00,48,95.6,90.01389
208,28.464103,76.923077,1,10.211,133,CHHAWLA,5425.603111163108,OpenAQ live network,2026-08-23 07:00:00,2026-08-25 07:00:00,48,95.6,90.01389
209,28.464103,76.938462,1,8.727,133,CHHAWLA,5134.812052340943,OpenAQ live network,2026-08-23 07:00:00,2026-08-25 07:00:00,48,95.7,90.01389
210,28.464103,76.953846,1,7.252,133,CHHAWLA,5139.510686383935,OpenAQ live network,2026-08-23 07:00:00,2026-08-25 07:00:00,48,103.2,94.50109
211,28.464103,76.969231,1,5.792,133,CHHAWLA,5454.625817580744,OpenAQ live network,2026-08-23 07:00:00,2026-08-25 07:00:00,48,101.8,94.50109
212,28.464103,76.984615,1,4.362,133,CHHAWLA,6210.546859084579,OpenAQ live network,2026-08-23 07:00:00,2026-08-25 07:00:00,48,104.9,94.50109
213,28.464103,77.0,1,3.005,133,CHHAWLA,6332.176211974581,OpenAQ live network,2026-08-23 07:00:00,2026-08-25 07:00:00,48,120.6,118.319115
214,28.464103,77.015385,1,1.886,133,CHHAWLA,6424.624625340431,OpenAQ live network,2026-08-23 07:00:00,2026-08-25 07:00:00,48,118.5,116.00644
215,28.464103,77.030769,1,1.615,133,CHHAWLA,6787.987268470512,OpenAQ live network,2026-08-23 07:00:00,2026-08-25 07:00:00,48,40.2,39.118343
216,28.464103,77.046154,1,2.486,141,BIJWASAN,6289.558350435705,OpenAQ live network,2026-08-23 07:00:00,2026-08-25 07:00:00,48,65.0,52.055218
217,28.464103,77.061538,1,3.779,175,AYA NAGAR,5548.2367692847965,OpenAQ live network,2026-08-23 07:00:00,2026-08-25 07:00:00,48,71.0,62.2395
218,28.464103,77.076923,1,4.711,175,AYA NAGAR,3867.78199604517,OpenAQ live network,2026-08-23 07:00:00,2026-08-25 07:00:00,48,67.7,62.2395
219,28.464103,77.092308,1,4.004,175,AYA NAGAR,2236.713312241074,OpenAQ live network,2026-08-23 07:00:00,2026-08-25 07:00:00,48,77.5,39.118343
220,28.464103,77.107692,1,2.596,175,AYA NAGAR,776.4496874169547,OpenAQ live network,2026-08-23 07:00:00,2026-08-25 07:00:00,48,68.0,33.91729
221,28.464103,77.123077,1,1.404,175,AYA NAGAR,0.0,OpenAQ live network,2026-08-23 07:00:00,2026-08-25 07:00:00,48,46.8,55.548794
222,28.464103,77.138462,1,1.313,175,AYA NAGAR,0.0,OpenAQ live network,2026-08-23 07:00:00,2026-08-25 07:00:00,48,46.8,69.191246
223,28.464103,77.153846,1,2.45,175,AYA NAGAR,0.0,OpenAQ live network,2026-08-23 07:00:00,2026-08-25 07:00:00,48,68.5,69.191246
224,28.464103,77.169231,1,3.847,176,BHATI,0.0,OpenAQ live network,2026-08-23 07:00:00,2026-08-25 07:00:00,48,77.8,60.69001
225,28.464103,77.184615,1,3.659,176,BHATI,0.0,OpenAQ live network,2026-08-23 07:00:00,2026-08-25 07:00:00,48,79.1,72.23864
226,28.464103,77.2,1,3.285,176,BHATI,0.0,OpenAQ live network,2026-08-23 07:00:00,2026-08-25 07:00:00,48,65.8,58.313683
227,28.464103,77.215385,1,3.565,176,BHATI,0.0,OpenAQ live network,2026-08-23 07:00:00,2026-08-25 07:00:00,48,64.1,57.99385
228,28.464103,77.230769,1,4.376,177,SAID UL AJAIB,0.0,OpenAQ live network,2026-08-23 07:00:00,2026-08-25 07:00:00,48,64.9,60.69001
229,28.464103,77.246154,1,4.246,177,SAID UL AJAIB,1431.1073888816472,OpenAQ live network,2026-08-23 07:00:00,2026-08-25 07:00:00,48,79.6,80.23483
230,28.464103,77.261538,1,3.846,176,BHATI,2458.8673522682348,OpenAQ live network,2026-08-23 07:00:00,2026-08-25 07:00:00,48,77.9,74.835785
231,28.464103,77.276923,1,4.01,198,PUL PEHLAD,2938.838614555528,OpenAQ live network,2026-08-23 07:00:00,2026-08-25 07:00:00,48,79.6,80.23483
232,28.464103,77.292308,1,3.803,199,TEKHAND,3353.894949530852,OpenAQ live network,2026-08-23 07:00:00,2026-08-25 07:00:00,48,78.1,75.099
233,28.464103,77.307692,1,2.843,204,MOLARBAND,2560.1890334167774,OpenAQ live network,2026-08-23 07:00:00,2026-08-25 07:00:00,48,106.1,110.25718
234,28.464103,77.323077,1,2.495,204,MOLARBAND,2669.0758914799767,OpenAQ live network,2026-08-23 07:00:00,2026-08-25 07:00:00,48,76.3,75.119675
235,28.464103,77.338462,1,2.982,202,MEETHEYPUR,3503.994253263528,OpenAQ live network,2026-08-23 07:00:00,2026-08-25 07:00:00,48,69.1,64.62068
236,28.464103,77.353846,1,4.01,202,MEETHEYPUR,4432.875071993452,OpenAQ live network,2026-08-23 07:00:00,2026-08-25 07:00:00,48,80.6,77.61945
237,28.464103,77.369231,1,5.272,202,MEETHEYPUR,5734.929660108237,OpenAQ live network,2026-08-23 07:00:00,2026-08-25 07:00:00,48,40.0,21.464796
238,28.464103,77.384615,1,6.636,202,MEETHEYPUR,7210.642488892432,OpenAQ live network,2026-08-23 07:00:00,2026-08-25 07:00:00,48,45.8,29.176752
239,28.464103,77.4,1,8.05,202,MEETHEYPUR,8647.764309351938,OpenAQ live network,2026-08-23 07:00:00,2026-08-25 07:00:00,48,100.7,97.19858
240,28.476923,76.8,1,16.682,133,CHHAWLA,9675.628342400363,OpenAQ live network,2026-08-23 07:00:00,2026-08-25 07:00:00,48,96.0,90.01389
241,28.476923,76.815385,1,15.533,133,CHHAWLA,8113.300235641772,OpenAQ live network,2026-08-23 07:00:00,2026-08-25 07:00:00,48,95.7,90.01389
242,28.476923,76.830769,1,14.449,133,CHHAWLA,6625.788606716572,OpenAQ live network,2026-08-23 07:00:00,2026-08-25 07:00:00,48,95.7,90.01389
243,28.476923,76.846154,1,13.445,133,CHHAWLA,5273.092130241979,OpenAQ live network,2026-08-23 07:00:00,2026-08-25 07:00:00,48,95.6,90.01389
244,28.476923,76.861538,1,12.542,133,CHHAWLA,4072.616715980215,OpenAQ live network,2026-08-23 07:00:00,2026-08-25 07:00:00,48,95.6,90.01389
245,28.476923,76.876923,1,11.762,133,CHHAWLA,3223.112995403289,OpenAQ live network,2026-08-23 07:00:00,2026-08-25 07:00:00,48,95.6,90.01389
246,28.476923,76.892308,1,11.132,133,CHHAWLA,3022.0939220944947,OpenAQ live network,2026-08-23 07:00:00,2026-08-25 07:00:00,48,95.6,90.01389
247,28.476923,76.907692,1,10.677,133,CHHAWLA,3482.5240526840207,OpenAQ live network,2026-08-23 07:00:00,2026-08-25 07:00:00,48,95.6,90.01389
248,28.476923,76.923077,1,10.421,133,CHHAWLA,3804.786408561959,OpenAQ live network,2026-08-23 07:00:00,2026-08-25 07:00:00,48,95.6,90.01389
249,28.476923,76.938462,1,9.089,133,CHHAWLA,3523.997640773779,OpenAQ live network,2026-08-23 07:00:00,2026-08-25 07:00:00,48,95.6,90.01389
250,28.476923,76.953846,1,7.684,133,CHHAWLA,3517.481266096887,OpenAQ live network,2026-08-23 07:00:00,2026-08-25 07:00:00,48,95.4,90.01389
251,28.476923,76.969231,1,6.325,133,CHHAWLA,3956.3370300069,OpenAQ live network,2026-08-23 07:00:00,2026-08-25 07:00:00,48,94.6,90.01389
252,28.476923,76.984615,1,5.049,133,CHHAWLA,4683.2414482696495,OpenAQ live network,2026-08-23 07:00:00,2026-08-25 07:00:00,48,101.8,94.50109
253,28.476923,77.0,1,3.936,133,CHHAWLA,4736.139225049713,OpenAQ live network,2026-08-23 07:00:00,2026-08-25 07:00:00,48,104.9,94.50109
254,28.476923,77.015385,1,3.165,133,CHHAWLA,4809.009467541707,OpenAQ live network,2026-08-23 07:00:00,2026-08-25 07:00:00,48,120.6,118.319115
255,28.476923,77.030769,1,3.012,133,CHHAWLA,5284.651515406938,OpenAQ live network,2026-08-23 07:00:00,2026-08-25 07:00:00,48,120.6,118.319115
256,28.476923,77.046154,1,3.556,141,BIJWASAN,4726.469976739832,OpenAQ live network,2026-08-23 07:00:00,2026-08-25 07:00:00,48,40.5,39.118343
257,28.476923,77.061538,1,4.554,141,BIJWASAN,4467.1077562792525,OpenAQ live network,2026-08-23 07:00:00,2026-08-25 07:00:00,48,40.5,39.118343
258,28.476923,77.076923,1,5.353,175,AYA NAGAR,3833.334752492484,OpenAQ live network,2026-08-23 07:00:00,2026-08-25 07:00:00,48,38.7,39.118343
259,28.476923,77.092308,1,3.852,175,AYA NAGAR,2176.6038217580813,OpenAQ live network,2026-08-23 07:00:00,2026-08-25 07:00:00,48,77.8,39.118343
260,28.476923,77.107692,1,2.356,175,AYA NAGAR,689.7006850355848,OpenAQ live network,2026-08-23 07:00:00,2026-08-25 07:00:00,48,84.7,34.964493
261,28.476923,77.123077,1,0.885,175,AYA NAGAR,0.0,OpenAQ live network,2026-08-23 07:00:00,2026-08-25 07:00:00,48,101.4,33.91729
262,28.476923,77.138462,0,0.733,175,AYA NAGAR,0.0,OpenAQ live network,2026-08-23 07:00:00,2026-08-25 07:00:00,48,102.8,33.91729
263,28.476923,77.153846,1,2.194,175,AYA NAGAR,0.0,OpenAQ live network,2026-08-23 07:00:00,2026-08-25 07:00:00,48,100.5,69.67209
264,28.476923,77.169231,1,3.631,176,BHATI,0.0,OpenAQ live network,2026-08-23 07:00:00,2026-08-25 07:00:00,48,64.5,57.99385
265,28.476923,77.184615,1,2.462,176,BHATI,0.0,OpenAQ live network,2026-08-23 07:00:00,2026-08-25 07:00:00,48,69.5,64.49024
266,28.476923,77.2,1,1.861,176,BHATI,0.0,OpenAQ live network,2026-08-23 07:00:00,2026-08-25 07:00:00,48,69.2,57.087093
267,28.476923,77.215385,1,2.32,177,SAID UL AJAIB,0.0,OpenAQ live network,2026-08-23 07:00:00,2026-08-25 07:00:00,48,69.3,59.124966
268,28.476923,77.230769,1,3.439,177,SAID UL AJAIB,0.0,OpenAQ live network,2026-08-23 07:00:00,2026-08-25 07:00:00,48,65.8,58.313683
269,28.476923,77.246154,1,3.021,177,SAID UL AJAIB,195.05824646705383,OpenAQ live network,2026-08-23 07:00:00,2026-08-25 07:00:00,48,64.9,57.2125
270,28.476923,77.261538,1,2.429,186,SANGAM VIHAR WEST,997.9171952536752,OpenAQ live network,2026-08-23 07:00:00,2026-08-25 07:00:00,48,77.9,70.114876
271,28.476923,77.276923,1,2.681,198,PUL PEHLAD,1379.6586360565807,OpenAQ live network,2026-08-23 07:00:00,2026-08-25 07:00:00,48,73.9,67.714905
272,28.476923,77.292308,1,3.606,199,TEKHAND,1842.637893123186,OpenAQ live network,2026-08-23 07:00:00,2026-08-25 07:00:00,48,65.5,60.748714
273,28.476923,77.307692,1,4.149,204,MOLARBAND,1088.6471463753455,OpenAQ live network,2026-08-23 07:00:00,2026-08-25 07:00:00,48,77.8,77.61945
274,28.476923,77.323077,1,3.919,204,MOLARBAND,1217.527126590035,OpenAQ live network,2026-08-23 07:00:00,2026-08-25 07:00:00,48,78.0,75.099
275,28.476923,77.338462,1,4.246,202,MEETHEYPUR,2084.1080059137885,OpenAQ live network,2026-08-23 07:00:00,2026-08-25 07:00:00,48,80.8,77.61945
276,28.476923,77.353846,1,5.021,202,MEETHEYPUR,3422.8514220326715,OpenAQ live network,2026-08-23 07:00:00,2026-08-25 07:00:00,48,52.6,39.677814
277,28.476923,77.369231,1,6.077,202,MEETHEYPUR,4902.565052991048,OpenAQ live network,2026-08-23 07:00:00,2026-08-25 07:00:00,48,40.0,21.464796
278,28.476923,77.384615,1,7.292,201,JAITPUR,6313.079730852593,OpenAQ live network,2026-08-23 07:00:00,2026-08-25 07:00:00,48,102.1,97.19858
279,28.476923,77.4,1,8.598,201,JAITPUR,7618.143328794792,OpenAQ live network,2026-08-23 07:00:00,2026-08-25 07:00:00,48,83.0,70.30996
280,28.489744,76.8,1,15.769,140,KHERA,9163.103228730908,OpenAQ live network,2026-08-23 07:00:00,2026-08-25 07:00:00,48,75.3,70.28176
281,28.489744,76.815385,1,14.619,133,CHHAWLA,7528.844119565959,OpenAQ live network,2026-08-23 07:00:00,2026-08-25 07:00:00,48,95.7,90.01389
282,28.489744,76.830769,1,13.462,133,CHHAWLA,5895.670252308318,OpenAQ live network,2026-08-23 07:00:00,2026-08-25 07:00:00,48,95.6,90.01389
283,28.489744,76.846154,1,12.379,133,CHHAWLA,4324.244259673882,OpenAQ live network,2026-08-23 07:00:00,2026-08-25 07:00:00,48,95.6,90.01389
284,28.489744,76.861538,1,11.391,133,CHHAWLA,2914.7139973139224,OpenAQ live network,2026-08-23 07:00:00,2026-08-25 07:00:00,48,95.6,90.01389
285,28.489744,76.876923,1,10.527,133,CHHAWLA,1739.5311109624588,OpenAQ live network,2026-08-23 07:00:00,2026-08-25 07:00:00,48,95.6,90.01389
286,28.489744,76.892308,1,9.817,133,CHHAWLA,1398.453869173061,OpenAQ live network,2026-08-23 07:00:00,2026-08-25 07:00:00,48,95.6,90.01389
287,28.489744,76.907692,1,9.299,133,CHHAWLA,2201.138180556866,OpenAQ live network,2026-08-23 07:00:00,2026-08-25 07:00:00,48,95.6,90.01389
288,28.489744,76.923077,1,9.004,133,CHHAWLA,2187.559479059704,OpenAQ live network,2026-08-23 07:00:00,2026-08-25 07:00:00,48,95.6,90.01389
289,28.489744,76.938462,1,8.955,133,CHHAWLA,1934.1179618049584,OpenAQ live network,2026-08-23 07:00:00,2026-08-25 07:00:00,48,95.6,90.01389
290,28.489744,76.953846,1,8.341,133,CHHAWLA,1897.5638073170448,OpenAQ live network,2026-08-23 07:00:00,2026-08-25 07:00:00,48,96.8,90.01389
291,28.489744,76.969231,1,7.109,133,CHHAWLA,2564.209298607232,OpenAQ live network,2026-08-23 07:00:00,2026-08-25 07:00:00,48,95.4,90.01389
292,28.489744,76.984615,1,6.001,133,CHHAWLA,3088.131588691498,OpenAQ live network,2026-08-23 07:00:00,2026-08-25 07:00:00,48,94.6,90.01389
293,28.489744,77.0,1,5.101,133,CHHAWLA,3167.77856002246,OpenAQ live network,2026-08-23 07:00:00,2026-08-25 07:00:00,48,101.8,94.50109
294,28.489744,77.015385,1,4.533,133,CHHAWLA,3201.0143928053594,OpenAQ live network,2026-08-23 07:00:00,2026-08-25 07:00:00,48,104.9,94.50109
295,28.489744,77.030769,1,4.427,141,BIJWASAN,3809.109139156057,OpenAQ live network,2026-08-23 07:00:00,2026-08-25 07:00:00,48,120.6,118.319115
296,28.489744,77.046154,1,4.814,141,BIJWASAN,3192.789830903352,OpenAQ live network,2026-08-23 07:00:00,2026-08-25 07:00:00,48,120.6,118.319115
297,28.489744,77.061538,1,5.592,141,BIJWASAN,2843.4066813070262,OpenAQ live network,2026-08-23 07:00:00,2026-08-25 07:00:00,48,93.4,118.319115
298,28.489744,77.076923,1,5.615,172,KISHANGARH,3000.079590631084,OpenAQ live network,2026-08-23 07:00:00,2026-08-25 07:00:00,48,41.5,118.319115
299,28.489744,77.092308,1,4.209,172,KISHANGARH,1982.0482018242,OpenAQ live network,2026-08-23 07:00:00,2026-08-25 07:00:00,48,77.5,99.363655
300,28.489744,77.107692,1,2.903,175,AYA NAGAR,1195.178429876803,OpenAQ live network,2026-08-23 07:00:00,2026-08-25 07:00:00,48,55.6,41.45987
301,28.489744,77.123077,1,1.913,174,CHHATARPUR,0.0,OpenAQ live network,2026-08-23 07:00:00,2026-08-25 07:00:00,48,84.0,74.028534
302,28.489744,77.138462,1,1.847,174,CHHATARPUR,0.0,OpenAQ live network,2026-08-23 07:00:00,2026-08-25 07:00:00,48,84.4,86.98468
303,28.489744,77.153846,1,2.773,174,CHHATARPUR,0.0,OpenAQ live network,2026-08-23 07:00:00,2026-08-25 07:00:00,48,70.1,86.98468
304,28.489744,77.169231,1,3.15,176,BHATI,0.0,OpenAQ live network,2026-08-23 07:00:00,2026-08-25 07:00:00,48,65.8,58.313683
305,28.489744,77.184615,1,1.673,174,CHHATARPUR,0.0,OpenAQ live network,2026-08-23 07:00:00,2026-08-25 07:00:00,48,59.9,45.499718
306,28.489744,77.2,0,0.446,173,DEOLI,0.0,OpenAQ live network,2026-08-23 07:00:00,2026-08-25 07:00:00,48,88.9,72.63621
307,28.489744,77.215385,1,1.456,173,DEOLI,0.0,OpenAQ live network,2026-08-23 07:00:00,2026-08-25 07:00:00,48,37.7,24.956123
308,28.489744,77.230769,1,2.926,178,SANGAM VIHAR,0.0,OpenAQ live network,2026-08-23 07:00:00,2026-08-25 07:00:00,48,65.9,56.61604
309,28.489744,77.246154,1,2.073,187,SANGAM VIHAR CENTRAL,0.0,OpenAQ live network,2026-08-23 07:00:00,2026-08-25 07:00:00,48,69.2,56.659256
310,28.489744,77.261538,1,1.033,188,SANGAM VIHAR EAST,0.0,OpenAQ live network,2026-08-23 07:00:00,2026-08-25 07:00:00,48,69.9,59.004406
311,28.489744,77.276923,1,1.535,198,PUL PEHLAD,392.4478487044416,OpenAQ live network,2026-08-23 07:00:00,2026-08-25 07:00:00,48,40.2,33.966766
312,28.489744,77.292308,1,2.858,198,PUL PEHLAD,631.6834475399306,OpenAQ live network,2026-08-23 07:00:00,2026-08-25 07:00:00,48,94.1,96.22947
313,28.489744,77.307692,1,4.301,203,BADAR PUR,0.0,OpenAQ live network,2026-08-23 07:00:00,2026-08-25 07:00:00,48,79.6,80.23483
314,28.489744,77.323077,1,5.344,202,MEETHEYPUR,0.0,OpenAQ live network,2026-08-23 07:00:00,2026-08-25 07:00:00,48,32.0,21.464796
315,28.489744,77.338462,1,5.588,202,MEETHEYPUR,1170.809406177082,OpenAQ live network,2026-08-23 07:00:00,2026-08-25 07:00:00,48,32.0,21.464796
316,28.489744,77.353846,1,6.198,202,MEETHEYPUR,2570.0242235795536,OpenAQ live network,2026-08-23 07:00:00,2026-08-25 07:00:00,48,39.4,21.464796
317,28.489744,77.369231,1,7.08,201,JAITPUR,3956.704749276504,OpenAQ live network,2026-08-23 07:00:00,2026-08-25 07:00:00,48,101.7,97.19858
318,28.489744,77.384615,1,8.146,201,JAITPUR,5278.903878971587,OpenAQ live network,2026-08-23 07:00:00,2026-08-25 07:00:00,48,100.9,97.19858
319,28.489744,77.4,1,8.859,201,JAITPUR,6762.698651092015,OpenAQ live network,2026-08-23 07:00:00,2026-08-25 07:00:00,48,103.1,101.098755
320,28.502564,76.8,1,14.752,140,KHERA,7870.780588570802,OpenAQ live network,2026-08-23 07:00:00,2026-08-25 07:00:00,48,75.3,70.28176
321,28.502564,76.815385,1,13.702,140,KHERA,6876.083937617143,OpenAQ live network,2026-08-23 07:00:00,2026-08-25 07:00:00,48,75.2,70.28176
322,28.502564,76.830769,1,12.559,133,CHHAWLA,5557.879304326395,OpenAQ live network,2026-08-23 07:00:00,2026-08-25 07:00:00,48,95.6,90.01389
323,28.502564,76.846154,1,11.391,133,CHHAWLA,3850.997670062778,OpenAQ live network,2026-08-23 07:00:00,2026-08-25 07:00:00,48,95.6,90.01389
324,28.502564,76.861538,1,10.31,133,CHHAWLA,2153.406190494935,OpenAQ live network,2026-08-23 07:00:00,2026-08-25 07:00:00,48,95.6,90.01389
325,28.502564,76.876923,1,9.346,133,CHHAWLA,556.2167517535196,OpenAQ live network,2026-08-23 07:00:00,2026-08-25 07:00:00,48,95.6,90.01389
326,28.502564,76.892308,1,8.539,133,CHHAWLA,0.0,OpenAQ live network,2026-08-23 07:00:00,2026-08-25 07:00:00,48,95.3,92.190956
327,28.502564,76.907692,1,7.937,133,CHHAWLA,987.4546407437234,OpenAQ live network,2026-08-23 07:00:00,2026-08-25 07:00:00,48,111.7,105.88711
328,28.502564,76.923077,1,7.59,133,CHHAWLA,599.1516393333015,OpenAQ live network,2026-08-23 07:00:00,2026-08-25 07:00:00,48,112.4,105.88711
329,28.502564,76.938462,1,7.532,133,CHHAWLA,461.66545739851904,OpenAQ live network,2026-08-23 07:00:00,2026-08-25 07:00:00,48,112.4,105.88711
330,28.502564,76.953846,1,7.77,133,CHHAWLA,292.34764574405165,OpenAQ live network,2026-08-23 07:00:00,2026-08-25 07:00:00,48,112.4,105.88711
331,28.502564,76.969231,1,8.07,133,CHHAWLA,1316.8822923125383,OpenAQ live network,2026-08-23 07:00:00,2026-08-25 07:00:00,48,111.0,105.88711
332,28.502564,76.984615,1,7.114,133,CHHAWLA,1553.4145261302194,OpenAQ live network,2026-08-23 07:00:00,2026-08-25 07:00:00,48,95.4,90.01389
333,28.502564,77.0,1,6.373,133,CHHAWLA,1706.378465598886,OpenAQ live network,2026-08-23 07:00:00,2026-08-25 07:00:00,48,94.6,90.01389
334,28.502564,77.015385,1,5.928,133,CHHAWLA,1624.6517851206593,OpenAQ live network,2026-08-23 07:00:00,2026-08-25 07:00:00,48,101.8,94.50109
335,28.502564,77.030769,1,5.847,141,BIJWASAN,2467.213386805731,OpenAQ live network,2026-08-23 07:00:00,2026-08-25 07:00:00,48,101.8,94.50109
336,28.502564,77.046154,1,6.145,141,BIJWASAN,1710.9710897709544,OpenAQ live network,2026-08-23 07:00:00,2026-08-25 07:00:00,48,78.0,94.50109
337,28.502564,77.061538,1,6.772,141,BIJWASAN,1219.833789891872,OpenAQ live network,2026-08-23 07:00:00,2026-08-25 07:00:00,48,93.3,94.50109
338,28.502564,77.076923,1,6.202,141,BIJWASAN,1612.6438006460714,OpenAQ live network,2026-08-23 07:00:00,2026-08-25 07:00:00,48,41.5,99.363655
339,28.502564,77.092308,1,4.965,172,KISHANGARH,651.734622961393,OpenAQ live network,2026-08-23 07:00:00,2026-08-25 07:00:00,48,85.3,41.45987
340,28.502564,77.107692,1,3.92,172,KISHANGARH,0.0,OpenAQ live network,2026-08-23 07:00:00,2026-08-25 07:00:00,48,77.8,74.028534
341,28.502564,77.123077,1,3.256,172,KISHANGARH,0.0,OpenAQ live network,2026-08-23 07:00:00,2026-08-25 07:00:00,48,71.3,87.33757
342,28.502564,77.138462,1,2.875,172,KISHANGARH,0.0,OpenAQ live network,2026-08-23 07:00:00,2026-08-25 07:00:00,48,50.5,43.467037
343,28.502564,77.153846,1,2.709,172,KISHANGARH,0.0,OpenAQ live network,2026-08-23 07:00:00,2026-08-25 07:00:00,48,75.4,72.19242
344,28.502564,77.169231,1,3.275,174,CHHATARPUR,0.0,OpenAQ live network,2026-08-23 07:00:00,2026-08-25 07:00:00,48,65.8,58.313683
345,28.502564,77.184615,1,1.898,174,CHHATARPUR,0.0,OpenAQ live network,2026-08-23 07:00:00,2026-08-25 07:00:00,48,70.4,57.087093
346,28.502564,77.2,1,1.001,173,DEOLI,0.0,OpenAQ live network,2026-08-23 07:00:00,2026-08-25 07:00:00,48,66.0,50.342545
347,28.502564,77.215385,1,1.709,173,DEOLI,0.0,OpenAQ live network,2026-08-23 07:00:00,2026-08-25 07:00:00,48,52.7,41.05764
348,28.502564,77.230769,1,3.06,179,TIGRI,0.0,OpenAQ live network,2026-08-23 07:00:00,2026-08-25 07:00:00,48,65.9,56.61604
349,28.502564,77.246154,1,1.879,186,SANGAM VIHAR WEST,0.0,OpenAQ live network,2026-08-23 07:00:00,2026-08-25 07:00:00,48,69.2,56.659256
350,28.502564,77.261538,0,0.549,188,SANGAM VIHAR EAST,0.0,OpenAQ live network,2026-08-23 07:00:00,2026-08-25 07:00:00,48,93.9,92.32425
351,28.502564,77.276923,1,1.261,198,PUL PEHLAD,0.0,OpenAQ live network,2026-08-23 07:00:00,2026-08-25 07:00:00,48,61.3,51.53649
352,28.502564,77.292308,1,2.721,197,TUGHLAKABAD,0.0,OpenAQ live network,2026-08-23 07:00:00,2026-08-25 07:00:00,48,73.9,67.714905
353,28.502564,77.307692,1,4.211,203,BADAR PUR,0.0,OpenAQ live network,2026-08-23 07:00:00,2026-08-25 07:00:00,48,79.6,80.23483
354,28.502564,77.323077,1,4.692,202,MEETHEYPUR,0.0,OpenAQ live network,2026-08-23 07:00:00,2026-08-25 07:00:00,48,66.7,63.759167
355,28.502564,77.338462,1,4.925,201,JAITPUR,302.6638200029745,OpenAQ live network,2026-08-23 07:00:00,2026-08-25 07:00:00,48,93.6,77.881584
356,28.502564,77.353846,1,5.57,201,JAITPUR,1603.640934981298,OpenAQ live network,2026-08-23 07:00:00,2026-08-25 07:00:00,48,34.8,40.03267
357,28.502564,77.369231,1,6.504,201,JAITPUR,2972.806890661975,OpenAQ live network,2026-08-23 07:00:00,2026-08-25 07:00:00,48,34.8,40.03267
358,28.502564,77.384615,1,7.468,201,JAITPUR,4564.856595588431,OpenAQ live network,2026-08-23 07:00:00,2026-08-25 07:00:00,48,120.3,119.68883
359,28.502564,77.4,1,7.437,207,MADANPUR KHADAR,6195.584697893336,OpenAQ live network,2026-08-23 07:00:00,2026-08-25 07:00:00,48,120.3,119.68883
360,28.515385,76.8,1,13.807,140,KHERA,6702.034061880952,OpenAQ live network,2026-08-23 07:00:00,2026-08-25 07:00:00,48,75.2,70.28176
361,28.515385,76.815385,1,12.68,140,KHERA,5529.031519642083,OpenAQ live network,2026-08-23 07:00:00,2026-08-25 07:00:00,48,75.2,70.28176
362,28.515385,76.830769,1,11.638,140,KHERA,4662.217487654459,OpenAQ live network,2026-08-23 07:00:00,2026-08-25 07:00:00,48,75.2,70.28176
363,28.515385,76.846154,1,10.505,140,KHERA,3506.125591405842,OpenAQ live network,2026-08-23 07:00:00,2026-08-25 07:00:00,48,95.6,90.01389
364,28.515385,76.861538,1,9.321,133,CHHAWLA,2111.426985752206,OpenAQ live network,2026-08-23 07:00:00,2026-08-25 07:00:00,48,95.6,90.01389
365,28.515385,76.876923,1,8.243,133,CHHAWLA,804.6923866124206,OpenAQ live network,2026-08-23 07:00:00,2026-08-25 07:00:00,48,111.0,105.88711
366,28.515385,76.892308,1,7.315,133,CHHAWLA,0.0,OpenAQ live network,2026-08-23 07:00:00,2026-08-25 07:00:00,48,112.4,105.88711
367,28.515385,76.907692,1,6.603,133,CHHAWLA,0.0,OpenAQ live network,2026-08-23 07:00:00,2026-08-25 07:00:00,48,39.1,40.202415
368,28.515385,76.923077,1,6.181,133,CHHAWLA,0.0,OpenAQ live network,2026-08-23 07:00:00,2026-08-25 07:00:00,48,35.1,39.331467
369,28.515385,76.938462,1,6.109,133,CHHAWLA,0.0,OpenAQ live network,2026-08-23 07:00:00,2026-08-25 07:00:00,48,35.1,39.331467
370,28.515385,76.953846,1,6.4,133,CHHAWLA,0.0,OpenAQ live network,2026-08-23 07:00:00,2026-08-25 07:00:00,48,35.1,39.331467
371,28.515385,76.969231,1,7.008,133,CHHAWLA,0.0,OpenAQ live network,2026-08-23 07:00:00,2026-08-25 07:00:00,48,112.5,105.88711
372,28.515385,76.984615,1,7.861,133,CHHAWLA,106.10118614918068,OpenAQ live network,2026-08-23 07:00:00,2026-08-25 07:00:00,48,112.4,105.88711
373,28.515385,77.0,1,7.699,133,CHHAWLA,303.09864623965905,OpenAQ live network,2026-08-23 07:00:00,2026-08-25 07:00:00,48,95.4,90.01389
374,28.515385,77.015385,1,7.335,133,CHHAWLA,370.74686135536695,OpenAQ live network,2026-08-23 07:00:00,2026-08-25 07:00:00,48,95.4,90.01389
375,28.515385,77.030769,1,7.27,133,CHHAWLA,1692.513978188172,OpenAQ live network,2026-08-23 07:00:00,2026-08-25 07:00:00,48,78.5,84.53094
376,28.515385,77.046154,1,6.679,141,BIJWASAN,151.97839562792265,OpenAQ live network,2026-08-23 07:00:00,2026-08-25 07:00:00,48,80.0,73.03511
377,28.515385,77.061538,1,5.888,141,BIJWASAN,0.0,OpenAQ live network,2026-08-23 07:00:00,2026-08-25 07:00:00,48,93.5,73.03511
378,28.515385,77.076923,1,5.234,143,KAPASHERA,396.7896143606461,OpenAQ live network,2026-08-23 07:00:00,2026-08-25 07:00:00,48,44.0,99.363655
379,28.515385,77.092308,1,4.964,143,KAPASHERA,0.0,OpenAQ live network,2026-08-23 07:00:00,2026-08-25 07:00:00,48,47.3,41.45987
380,28.515385,77.107692,1,4.252,172,KISHANGARH,0.0,OpenAQ live network,2026-08-23 07:00:00,2026-08-25 07:00:00,48,87.1,86.98468
381,28.515385,77.123077,1,2.849,172,KISHANGARH,0.0,OpenAQ live network,2026-08-23 07:00:00,2026-08-25 07:00:00,48,100.4,103.75979
382,28.515385,77.138462,1,1.636,172,KISHANGARH,0.0,OpenAQ live network,2026-08-23 07:00:00,2026-08-25 07:00:00,48,75.6,69.78272
383,28.515385,77.153846,1,1.324,172,KISHANGARH,0.0,OpenAQ live network,2026-08-23 07:00:00,2026-08-25 07:00:00,48,42.9,39.036186
384,28.515385,77.169231,1,2.312,169,LADOSARAI,0.0,OpenAQ live network,2026-08-23 07:00:00,2026-08-25 07:00:00,48,87.6,87.722916
385,28.515385,77.184615,1,1.856,170,MEHRAULI,0.0,OpenAQ live network,2026-08-23 07:00:00,2026-08-25 07:00:00,48,74.9,76.56481
386,28.515385,77.2,1,2.019,173,DEOLI,0.0,OpenAQ live network,2026-08-23 07:00:00,2026-08-25 07:00:00,48,74.9,76.56481
387,28.515385,77.215385,1,2.791,181,KHANPUR,0.0,OpenAQ live network,2026-08-23 07:00:00,2026-08-25 07:00:00,48,70.5,64.49024
388,28.515385,77.230769,1,3.772,181,KHANPUR,0.0,OpenAQ live network,2026-08-23 07:00:00,2026-08-25 07:00:00,48,79.1,72.23864
389,28.515385,77.246154,1,2.613,185,TUGHLAKABAD EXTN,0.0,OpenAQ live network,2026-08-23 07:00:00,2026-08-25 07:00:00,48,73.9,67.714905
390,28.515385,77.261538,1,1.897,197,TUGHLAKABAD,0.0,OpenAQ live network,2026-08-23 07:00:00,2026-08-25 07:00:00,48,69.2,56.659256
391,28.515385,77.276923,1,1.8,197,TUGHLAKABAD,0.0,OpenAQ live network,2026-08-23 07:00:00,2026-08-25 07:00:00,48,73.2,69.01327
392,28.515385,77.292308,1,2.676,199,TEKHAND,0.0,OpenAQ live network,2026-08-23 07:00:00,2026-08-25 07:00:00,48,73.7,73.83968
393,28.515385,77.307692,1,3.598,207,MADANPUR KHADAR,0.0,OpenAQ live network,2026-08-23 07:00:00,2026-08-25 07:00:00,48,69.3,66.92921
394,28.515385,77.323077,1,3.266,201,JAITPUR,0.0,OpenAQ live network,2026-08-23 07:00:00,2026-08-25 07:00:00,48,66.5,66.785416
395,28.515385,77.338462,1,3.594,201,JAITPUR,0.0,OpenAQ live network,2026-08-23 07:00:00,2026-08-25 07:00:00,48,69.3,66.92921
396,28.515385,77.353846,1,4.436,207,MADANPUR KHADAR,813.5489464921009,OpenAQ live network,2026-08-23 07:00:00,2026-08-25 07:00:00,48,71.9,68.0915
397,28.515385,77.369231,1,5.564,207,MADANPUR KHADAR,2472.891000821972,OpenAQ live network,2026-08-23 07:00:00,2026-08-25 07:00:00,48,34.8,40.03267
398,28.515385,77.384615,1,6.055,207,MADANPUR KHADAR,4175.374840283835,OpenAQ live network,2026-08-23 07:00:00,2026-08-25 07:00:00,48,30.9,27.943388
399,28.515385,77.4,1,6.017,207,MADANPUR KHADAR,5881.62925899595,OpenAQ live network,2026-08-23 07:00:00,2026-08-25 07:00:00,48,30.9,27.943388
400,28.528205,76.8,1,12.951,140,KHERA,5758.541025341403,OpenAQ live network,2026-08-23 07:00:00,2026-08-25 07:00:00,48,75.2,70.28176
401,28.528205,76.815385,1,11.742,140,KHERA,4344.097985662078,OpenAQ live network,2026-08-23 07:00:00,2026-08-25 07:00:00,48,75.2,70.28176
402,28.528205,76.830769,1,10.608,140,KHERA,3209.580318763118,OpenAQ live network,2026-08-23 07:00:00,2026-08-25 07:00:00,48,75.2,70.28176
403,28.528205,76.846154,1,9.577,140,KHERA,2570.7676587482947,OpenAQ live network,2026-08-23 07:00:00,2026-08-25 07:00:00,48,75.2,70.28176
404,28.528205,76.861538,1,8.458,140,KHERA,1146.4980532049417,OpenAQ live network,2026-08-23 07:00:00,2026-08-25 07:00:00,48,95.3,92.190956
405,28.528205,76.876923,1,7.253,133,CHHAWLA,0.0,OpenAQ live network,2026-08-23 07:00:00,2026-08-25 07:00:00,48,112.5,105.88711
406,28.528205,76.892308,1,6.178,133,CHHAWLA,0.0,OpenAQ live network,2026-08-23 07:00:00,2026-08-25 07:00:00,48,35.1,39.331467
407,28.528205,76.907692,1,5.316,133,CHHAWLA,0.0,OpenAQ live network,2026-08-23 07:00:00,2026-08-25 07:00:00,48,35.1,39.331467
408,28.528205,76.923077,1,4.782,133,CHHAWLA,0.0,OpenAQ live network,2026-08-23 07:00:00,2026-08-25 07:00:00,48,65.4,63.269737
409,28.528205,76.938462,1,4.689,133,CHHAWLA,0.0,OpenAQ live network,2026-08-23 07:00:00,2026-08-25 07:00:00,48,65.4,63.269737
410,28.528205,76.953846,1,5.062,133,CHHAWLA,0.0,OpenAQ live network,2026-08-23 07:00:00,2026-08-25 07:00:00,48,35.1,39.331467
411,28.528205,76.969231,1,5.812,133,CHHAWLA,0.0,OpenAQ live network,2026-08-23 07:00:00,2026-08-25 07:00:00,48,35.1,39.331467
412,28.528205,76.984615,1,6.815,133,CHHAWLA,0.0,OpenAQ live network,2026-08-23 07:00:00,2026-08-25 07:00:00,48,108.3,105.61623
413,28.528205,77.0,1,7.977,133,CHHAWLA,0.0,OpenAQ live network,2026-08-23 07:00:00,2026-08-25 07:00:00,48,111.7,105.88711
414,28.528205,77.015385,1,7.29,133,CHHAWLA,501.8595533187486,OpenAQ live network,2026-08-23 07:00:00,2026-08-25 07:00:00,48,94.0,84.53094
415,28.528205,77.030769,1,6.23,141,BIJWASAN,398.0606555214552,OpenAQ live network,2026-08-23 07:00:00,2026-08-25 07:00:00,48,94.1,84.53094
416,28.528205,77.046154,1,5.385,141,BIJWASAN,0.0,OpenAQ live network,2026-08-23 07:00:00,2026-08-25 07:00:00,48,93.5,84.53094
417,28.528205,77.061538,1,4.749,143,KAPASHERA,0.0,OpenAQ live network,2026-08-23 07:00:00,2026-08-25 07:00:00,48,43.3,72.11529
418,28.528205,77.076923,1,3.909,143,KAPASHERA,0.0,OpenAQ live network,2026-08-23 07:00:00,2026-08-25 07:00:00,48,49.8,99.363655
419,28.528205,77.092308,1,3.539,143,KAPASHERA,0.0,OpenAQ live network,2026-08-23 07:00:00,2026-08-25 07:00:00,48,68.1,41.45987
420,28.528205,77.107692,1,3.78,172,KISHANGARH,0.0,OpenAQ live network,2026-08-23 07:00:00,2026-08-25 07:00:00,48,82.1,86.98468
421,28.528205,77.123077,1,2.568,144,MAHIPALPUR,0.0,OpenAQ live network,2026-08-23 07:00:00,2026-08-25 07:00:00,48,75.2,72.19242
422,28.528205,77.138462,1,1.074,144,MAHIPALPUR,0.0,OpenAQ live network,2026-08-23 07:00:00,2026-08-25 07:00:00,48,93.5,96.87732
423,28.528205,77.153846,0,0.479,172,KISHANGARH,0.0,OpenAQ live network,2026-08-23 07:00:00,2026-08-25 07:00:00,48,109.8,120.20439
424,28.528205,77.169231,1,1.393,171,VASANTKUNJ,0.0,OpenAQ live network,2026-08-23 07:00:00,2026-08-25 07:00:00,48,35.8,22.786175
425,28.528205,77.184615,0,0.644,169,LADOSARAI,0.0,OpenAQ live network,2026-08-23 07:00:00,2026-08-25 07:00:00,48,105.9,102.28557
426,28.528205,77.2,1,1.023,169,LADOSARAI,0.0,OpenAQ live network,2026-08-23 07:00:00,2026-08-25 07:00:00,48,71.5,69.580925
427,28.528205,77.215385,1,2.471,169,LADOSARAI,0.0,OpenAQ live network,2026-08-23 07:00:00,2026-08-25 07:00:00,48,78.1,87.24087
428,28.528205,77.230769,1,2.707,184,PUSHP VIHAR,0.0,OpenAQ live network,2026-08-23 07:00:00,2026-08-25 07:00:00,48,110.0,118.825455
429,28.528205,77.246154,1,2.442,189,CHIRAG DELHI,0.0,OpenAQ live network,2026-08-23 07:00:00,2026-08-25 07:00:00,48,73.7,73.83968
430,28.528205,77.261538,1,0.992,195,GOVIND PURI,0.0,OpenAQ live network,2026-08-23 07:00:00,2026-08-25 07:00:00,48,70.5,73.07579
431,28.528205,77.276923,0,0.624,199,TEKHAND,0.0,OpenAQ live network,2026-08-23 07:00:00,2026-08-25 07:00:00,48,93.9,95.45266
432,28.528205,77.292308,1,2.077,208,SARITA VIHAR,0.0,OpenAQ live network,2026-08-23 07:00:00,2026-08-25 07:00:00,48,73.2,69.01327
433,28.528205,77.307692,1,2.38,207,MADANPUR KHADAR,0.0,OpenAQ live network,2026-08-23 07:00:00,2026-08-25 07:00:00,48,83.9,79.44841
434,28.528205,77.323077,1,1.841,207,MADANPUR KHADAR,0.0,OpenAQ live network,2026-08-23 07:00:00,2026-08-25 07:00:00,48,76.9,72.99
435,28.528205,77.338462,1,2.373,207,MADANPUR KHADAR,444.4770762365079,OpenAQ live network,2026-08-23 07:00:00,2026-08-25 07:00:00,48,83.9,79.44841
436,28.528205,77.353846,1,3.521,207,MADANPUR KHADAR,1207.6341341717991,OpenAQ live network,2026-08-23 07:00:00,2026-08-25 07:00:00,48,66.5,66.785416
437,28.528205,77.369231,1,4.866,207,MADANPUR KHADAR,2612.02036489661,OpenAQ live network,2026-08-23 07:00:00,2026-08-25 07:00:00,48,66.7,63.759167
438,28.528205,77.384615,1,4.65,207,MADANPUR KHADAR,4248.804833364922,OpenAQ live network,2026-08-23 07:00:00,2026-08-25 07:00:00,48,66.3,65.82031
439,28.528205,77.4,1,4.601,207,MADANPUR KHADAR,5928.6521652539095,OpenAQ live network,2026-08-23 07:00:00,2026-08-25 07:00:00,48,66.3,65.82031
440,28.541026,76.8,1,12.202,140,KHERA,5091.357979225757,OpenAQ live network,2026-08-23 07:00:00,2026-08-25 07:00:00,48,75.2,70.28176
441,28.541026,76.815385,1,10.911,140,KHERA,3519.981850454526,OpenAQ live network,2026-08-23 07:00:00,2026-08-25 07:00:00,48,75.2,70.28176
442,28.541026,76.830769,1,9.68,140,KHERA,1991.8243413854032,OpenAQ live network,2026-08-23 07:00:00,2026-08-25 07:00:00,48,75.2,70.28176
443,28.541026,76.846154,1,8.537,140,KHERA,1040.2188459899046,OpenAQ live network,2026-08-23 07:00:00,2026-08-25 07:00:00,48,76.2,72.78697
444,28.541026,76.861538,1,7.521,140,KHERA,452.116249920686,OpenAQ live network,2026-08-23 07:00:00,2026-08-25 07:00:00,48,86.0,87.437126
445,28.541026,76.876923,1,6.428,140,KHERA,0.0,OpenAQ live network,2026-08-23 07:00:00,2026-08-25 07:00:00,48,35.1,39.331467
446,28.541026,76.892308,1,5.186,133,CHHAWLA,0.0,OpenAQ live network,2026-08-23 07:00:00,2026-08-25 07:00:00,48,35.1,39.331467
447,28.541026,76.907692,1,4.122,133,CHHAWLA,0.0,OpenAQ live network,2026-08-23 07:00:00,2026-08-25 07:00:00,48,79.1,79.23315
448,28.541026,76.923077,1,3.405,133,CHHAWLA,0.0,OpenAQ live network,2026-08-23 07:00:00,2026-08-25 07:00:00,48,64.9,64.6285
449,28.541026,76.938462,1,3.273,133,CHHAWLA,0.0,OpenAQ live network,2026-08-23 07:00:00,2026-08-25 07:00:00,48,64.9,64.6285
450,28.541026,76.953846,1,3.788,133,CHHAWLA,0.0,OpenAQ live network,2026-08-23 07:00:00,2026-08-25 07:00:00,48,79.1,79.21331
451,28.541026,76.969231,1,4.744,133,CHHAWLA,0.0,OpenAQ live network,2026-08-23 07:00:00,2026-08-25 07:00:00,48,65.4,63.269737
452,28.541026,76.984615,1,5.931,133,CHHAWLA,0.0,OpenAQ live network,2026-08-23 07:00:00,2026-08-25 07:00:00,48,35.1,39.331467
453,28.541026,77.0,1,7.236,133,CHHAWLA,0.0,OpenAQ live network,2026-08-23 07:00:00,2026-08-25 07:00:00,48,112.5,105.88711
454,28.541026,77.015385,1,6.45,141,BIJWASAN,0.0,OpenAQ live network,2026-08-23 07:00:00,2026-08-25 07:00:00,48,115.1,111.39659
455,28.541026,77.030769,1,5.222,141,BIJWASAN,0.0,OpenAQ live network,2026-08-23 07:00:00,2026-08-25 07:00:00,48,115.1,111.39659
456,28.541026,77.046154,1,4.178,141,BIJWASAN,0.0,OpenAQ live network,2026-08-23 07:00:00,2026-08-25 07:00:00,48,99.2,111.39659
457,28.541026,77.061538,1,3.486,141,BIJWASAN,0.0,OpenAQ live network,2026-08-23 07:00:00,2026-08-25 07:00:00,48,49.8,111.39659
458,28.541026,77.076923,1,2.69,143,KAPASHERA,0.0,OpenAQ live network,2026-08-23 07:00:00,2026-08-25 07:00:00,48,71.0,99.363655
459,28.541026,77.092308,1,2.116,143,KAPASHERA,0.0,OpenAQ live network,2026-08-23 07:00:00,2026-08-25 07:00:00,48,68.7,41.45987
460,28.541026,77.107692,1,2.498,143,KAPASHERA,0.0,OpenAQ live network,2026-08-23 07:00:00,2026-08-25 07:00:00,48,74.3,78.360855
461,28.541026,77.123077,1,2.469,144,MAHIPALPUR,0.0,OpenAQ live network,2026-08-23 07:00:00,2026-08-25 07:00:00,48,69.7,43.467037
462,28.541026,77.138462,1,1.922,144,MAHIPALPUR,0.0,OpenAQ live network,2026-08-23 07:00:00,2026-08-25 07:00:00,48,91.0,94.2096
463,28.541026,77.153846,1,1.436,CANT_4,DELHI CANTT CHARGE 4,0.0,OpenAQ live network,2026-08-23 07:00:00,2026-08-25 07:00:00,48,37.5,23.474548
464,28.541026,77.169231,0,0.075,171,VASANTKUNJ,0.0,OpenAQ live network,2026-08-23 07:00:00,2026-08-25 07:00:00,48,84.0,80.24576
465,28.541026,77.184615,0,0.706,161,MALVIYA NAGAR,0.0,OpenAQ live network,2026-08-23 07:00:00,2026-08-25 07:00:00,48,104.6,69.580925
466,28.541026,77.2,1,0.831,161,MALVIYA NAGAR,0.0,OpenAQ live network,2026-08-23 07:00:00,2026-08-25 07:00:00,48,103.7,49.09085
467,28.541026,77.215385,1,1.047,191,SHAPUR JAT,0.0,OpenAQ live network,2026-08-23 07:00:00,2026-08-25 07:00:00,48,74.8,81.00625
468,28.541026,77.230769,1,1.565,191,SHAPUR JAT,0.0,OpenAQ live network,2026-08-23 07:00:00,2026-08-25 07:00:00,48,76.2,79.85247
469,28.541026,77.246154,1,1.042,190,CHITRANJAN PARK,0.0,OpenAQ live network,2026-08-23 07:00:00,2026-08-25 07:00:00,48,73.4,73.83968
470,28.541026,77.261538,1,1.482,196,KALKAJI,0.0,OpenAQ live network,2026-08-23 07:00:00,2026-08-25 07:00:00,48,44.5,45.231667
471,28.541026,77.276923,1,1.178,200,HARKESH NAGAR,0.0,OpenAQ live network,2026-08-23 07:00:00,2026-08-25 07:00:00,48,70.7,65.4421
472,28.541026,77.292308,1,2.151,208,SARITA VIHAR,0.0,OpenAQ live network,2026-08-23 07:00:00,2026-08-25 07:00:00,48,107.8,78.25114
473,28.541026,77.307692,1,1.564,208,SARITA VIHAR,0.0,OpenAQ live network,2026-08-23 07:00:00,2026-08-25 07:00:00,48,47.1,46.136982
474,28.541026,77.323077,0,0.415,208,SARITA VIHAR,0.0,OpenAQ live network,2026-08-23 07:00:00,2026-08-25 07:00:00,48,102.0,96.14696
475,28.541026,77.338462,1,1.555,207,MADANPUR KHADAR,1131.249904487663,OpenAQ live network,2026-08-23 07:00:00,2026-08-25 07:00:00,48,47.1,46.136982
476,28.541026,77.353846,1,3.029,207,MADANPUR KHADAR,2551.7882936873657,OpenAQ live network,2026-08-23 07:00:00,2026-08-25 07:00:00,48,71.2,65.38023
477,28.541026,77.369231,1,3.952,207,MADANPUR KHADAR,3554.77785077885,OpenAQ live network,2026-08-23 07:00:00,2026-08-25 07:00:00,48,82.9,77.50065
478,28.541026,77.384615,1,3.263,207,MADANPUR KHADAR,4885.298117185726,OpenAQ live network,2026-08-23 07:00:00,2026-08-25 07:00:00,48,63.6,57.345493
479,28.541026,77.4,1,3.193,207,MADANPUR KHADAR,6400.211846362833,OpenAQ live network,2026-08-23 07:00:00,2026-08-25 07:00:00,48,63.6,57.345493
480,28.553846,76.8,1,11.581,140,KHERA,4697.386795844197,OpenAQ live network,2026-08-23 07:00:00,2026-08-25 07:00:00,48,75.2,70.28176
481,28.553846,76.815385,1,10.211,140,KHERA,2994.063228872162,OpenAQ live network,2026-08-23 07:00:00,2026-08-25 07:00:00,48,75.2,70.28176
482,28.553846,76.830769,1,8.884,140,KHERA,1315.2979443385866,OpenAQ live network,2026-08-23 07:00:00,2026-08-25 07:00:00,48,75.3,70.28176
483,28.553846,76.846154,1,7.623,140,KHERA,0.0,OpenAQ live network,2026-08-23 07:00:00,2026-08-25 07:00:00,48,86.0,87.437126
484,28.553846,76.861538,1,6.466,140,KHERA,0.0,OpenAQ live network,2026-08-23 07:00:00,2026-08-25 07:00:00,48,30.7,29.89486
485,28.553846,76.876923,1,5.478,140,KHERA,0.0,OpenAQ live network,2026-08-23 07:00:00,2026-08-25 07:00:00,48,30.7,29.89486
486,28.553846,76.892308,1,4.437,140,KHERA,0.0,OpenAQ live network,2026-08-23 07:00:00,2026-08-25 07:00:00,48,69.2,67.602066
487,28.553846,76.907692,1,3.127,133,CHHAWLA,0.0,OpenAQ live network,2026-08-23 07:00:00,2026-08-25 07:00:00,48,68.6,68.02254
488,28.553846,76.923077,1,2.094,133,CHHAWLA,0.0,OpenAQ live network,2026-08-23 07:00:00,2026-08-25 07:00:00,48,61.2,62.161716
489,28.553846,76.938462,1,1.873,133,CHHAWLA,0.0,OpenAQ live network,2026-08-23 07:00:00,2026-08-25 07:00:00,48,69.0,70.49071
490,28.553846,76.953846,1,2.673,133,CHHAWLA,0.0,OpenAQ live network,2026-08-23 07:00:00,2026-08-25 07:00:00,48,70.8,72.95262
491,28.553846,76.969231,1,3.911,133,CHHAWLA,0.0,OpenAQ live network,2026-08-23 07:00:00,2026-08-25 07:00:00,48,79.1,79.21331
492,28.553846,76.984615,1,5.288,133,CHHAWLA,0.0,OpenAQ live network,2026-08-23 07:00:00,2026-08-25 07:00:00,48,35.1,39.331467
493,28.553846,77.0,1,6.719,133,CHHAWLA,0.0,OpenAQ live network,2026-08-23 07:00:00,2026-08-25 07:00:00,48,39.1,40.202415
494,28.553846,77.015385,1,5.841,133,CHHAWLA,0.0,OpenAQ live network,2026-08-23 07:00:00,2026-08-25 07:00:00,48,39.2,29.08256
495,28.553846,77.030769,1,4.448,141,BIJWASAN,0.0,OpenAQ live network,2026-08-23 07:00:00,2026-08-25 07:00:00,48,40.6,29.08256
496,28.553846,77.046154,1,3.158,141,BIJWASAN,0.0,OpenAQ live network,2026-08-23 07:00:00,2026-08-25 07:00:00,48,40.8,29.08256
497,28.553846,77.061538,1,2.162,141,BIJWASAN,0.0,OpenAQ live network,2026-08-23 07:00:00,2026-08-25 07:00:00,48,41.0,31.09463
498,28.553846,77.076923,1,1.803,143,KAPASHERA,0.0,OpenAQ live network,2026-08-23 07:00:00,2026-08-25 07:00:00,48,75.1,27.383436
499,28.553846,77.092308,0,0.704,143,KAPASHERA,0.0,OpenAQ live network,2026-08-23 07:00:00,2026-08-25 07:00:00,48,72.6,27.383436
500,28.553846,77.107692,1,1.414,CANT_6,DELHI CANTT CHARGE 6,0.0,OpenAQ live network,2026-08-23 07:00:00,2026-08-25 07:00:00,48,48.8,60.228477
501,28.553846,77.123077,1,1.11,CANT_4,DELHI CANTT CHARGE 4,0.0,OpenAQ live network,2026-08-23 07:00:00,2026-08-25 07:00:00,48,77.1,86.98468
502,28.553846,77.138462,1,2.231,CANT_4,DELHI CANTT CHARGE 4,0.0,OpenAQ live network,2026-08-23 07:00:00,2026-08-25 07:00:00,48,97.7,73.728226
503,28.553846,77.153846,1,1.757,CANT_4,DELHI CANTT CHARGE 4,0.0,OpenAQ live network,2026-08-23 07:00:00,2026-08-25 07:00:00,48,72.1,68.45673
504,28.553846,77.169231,1,1.216,166,MUNIRKA,0.0,OpenAQ live network,2026-08-23 07:00:00,2026-08-25 07:00:00,48,37.1,23.474548
505,28.553846,77.184615,1,1.071,166,MUNIRKA,0.0,OpenAQ live network,2026-08-23 07:00:00,2026-08-25 07:00:00,48,72.4,73.81672
506,28.553846,77.2,1,1.506,163,SAFDARJANG ENCLAVE,0.0,OpenAQ live network,2026-08-23 07:00:00,2026-08-25 07:00:00,48,49.2,65.8662
507,28.553846,77.215385,0,0.384,159,ANDREWSGANJ,0.0,OpenAQ live network,2026-08-23 07:00:00,2026-08-25 07:00:00,48,118.5,132.8714
508,28.553846,77.230769,1,1.278,192,GREATER KAILASH-I,0.0,OpenAQ live network,2026-08-23 07:00:00,2026-08-25 07:00:00,48,43.1,37.160133
509,28.553846,77.246154,0,0.521,192,GREATER KAILASH-I,0.0,OpenAQ live network,2026-08-23 07:00:00,2026-08-25 07:00:00,48,69.7,50.747864
510,28.553846,77.261538,1,1.212,194,EAST OF KAILASH,0.0,OpenAQ live network,2026-08-23 07:00:00,2026-08-25 07:00:00,48,70.7,63.311333
511,28.553846,77.276923,0,0.44,193,SRI NIWASPURI,0.0,OpenAQ live network,2026-08-23 07:00:00,2026-08-25 07:00:00,48,110.4,73.83968
512,28.553846,77.292308,1,1.853,206,OKHLA,0.0,OpenAQ live network,2026-08-23 07:00:00,2026-08-25 07:00:00,48,87.0,66.785416
513,28.553846,77.307692,1,1.815,,,0.0,OpenAQ live network,2026-08-23 07:00:00,2026-08-25 07:00:00,48,76.9,72.99
514,28.553846,77.323077,1,1.01,,,796.5733454314328,OpenAQ live network,2026-08-23 07:00:00,2026-08-25 07:00:00,48,75.4,72.14172
515,28.553846,77.338462,1,1.807,208,SARITA VIHAR,2268.882742534683,OpenAQ live network,2026-08-23 07:00:00,2026-08-25 07:00:00,48,76.9,72.99
516,28.553846,77.353846,1,3.166,207,MADANPUR KHADAR,3489.0111826894668,OpenAQ live network,2026-08-23 07:00:00,2026-08-25 07:00:00,48,66.5,66.785416
517,28.553846,77.369231,1,2.951,207,MADANPUR KHADAR,4849.430395417254,OpenAQ live network,2026-08-23 07:00:00,2026-08-25 07:00:00,48,69.4,60.764904
518,28.553846,77.384615,1,1.934,207,MADANPUR KHADAR,5912.610062069502,OpenAQ live network,2026-08-23 07:00:00,2026-08-25 07:00:00,48,78.8,71.31657
519,28.553846,77.4,1,1.813,207,MADANPUR KHADAR,7214.951956224676,OpenAQ live network,2026-08-23 07:00:00,2026-08-25 07:00:00,48,78.8,71.31657
520,28.566667,76.8,1,11.109,140,KHERA,4400.390053919465,OpenAQ live network,2026-08-23 07:00:00,2026-08-25 07:00:00,48,75.2,70.28176
521,28.566667,76.815385,1,9.672,140,KHERA,2731.530633714432,OpenAQ live network,2026-08-23 07:00:00,2026-08-25 07:00:00,48,75.2,70.28176
522,28.566667,76.830769,1,8.26,140,KHERA,1108.4162997868332,OpenAQ live network,2026-08-23 07:00:00,2026-08-25 07:00:00,48,86.4,87.437126
523,28.566667,76.846154,1,6.885,140,KHERA,0.0,OpenAQ live network,2026-08-23 07:00:00,2026-08-25 07:00:00,48,86.0,87.437126
524,28.566667,76.861538,1,5.577,140,KHERA,0.0,OpenAQ live network,2026-08-23 07:00:00,2026-08-25 07:00:00,48,30.7,29.89486
525,28.566667,76.876923,1,4.394,140,KHERA,0.0,OpenAQ live network,2026-08-23 07:00:00,2026-08-25 07:00:00,48,63.6,54.66941
526,28.566667,76.892308,1,3.469,140,KHERA,0.0,OpenAQ live network,2026-08-23 07:00:00,2026-08-25 07:00:00,48,62.6,56.869137
527,28.566667,76.907692,1,2.576,140,KHERA,0.0,OpenAQ live network,2026-08-23 07:00:00,2026-08-25 07:00:00,48,70.8,72.95262
528,28.566667,76.923077,1,1.114,140,KHERA,0.0,OpenAQ live network,2026-08-23 07:00:00,2026-08-25 07:00:00,48,71.0,70.92546
529,28.566667,76.938462,0,0.602,140,KHERA,0.0,OpenAQ live network,2026-08-23 07:00:00,2026-08-25 07:00:00,48,96.6,96.9968
530,28.566667,76.953846,1,2.0,133,CHHAWLA,0.0,OpenAQ live network,2026-08-23 07:00:00,2026-08-25 07:00:00,48,69.0,70.49071
531,28.566667,76.969231,1,3.486,134,NANGLI SAKRAVATI,0.0,OpenAQ live network,2026-08-23 07:00:00,2026-08-25 07:00:00,48,64.9,64.6285
532,28.566667,76.984615,1,4.981,134,NANGLI SAKRAVATI,0.0,OpenAQ live network,2026-08-23 07:00:00,2026-08-25 07:00:00,48,85.8,86.41579
533,28.566667,77.0,1,5.687,133,CHHAWLA,0.0,OpenAQ live network,2026-08-23 07:00:00,2026-08-25 07:00:00,48,39.2,29.08256
534,28.566667,77.015385,1,5.006,133,CHHAWLA,0.0,OpenAQ live network,2026-08-23 07:00:00,2026-08-25 07:00:00,48,54.8,49.115795
535,28.566667,77.030769,1,4.046,141,BIJWASAN,0.0,OpenAQ live network,2026-08-23 07:00:00,2026-08-25 07:00:00,48,67.9,61.785297
536,28.566667,77.046154,1,2.561,134,NANGLI SAKRAVATI,0.0,OpenAQ live network,2026-08-23 07:00:00,2026-08-25 07:00:00,48,87.4,102.66211
537,28.566667,77.061538,1,1.122,141,BIJWASAN,0.0,OpenAQ live network,2026-08-23 07:00:00,2026-08-25 07:00:00,48,40.9,29.08256
538,28.566667,77.076923,0,0.69,143,KAPASHERA,0.0,OpenAQ live network,2026-08-23 07:00:00,2026-08-25 07:00:00,48,78.9,27.383436
539,28.566667,77.092308,1,0.76,CANT_6,DELHI CANTT CHARGE 6,0.0,OpenAQ live network,2026-08-23 07:00:00,2026-08-25 07:00:00,48,75.5,64.56082
540,28.566667,77.107692,1,1.096,CANT_6,DELHI CANTT CHARGE 6,0.0,OpenAQ live network,2026-08-23 07:00:00,2026-08-25 07:00:00,48,71.4,67.693306
541,28.566667,77.123077,0,0.658,CANT_5,DELHI CANTT CHARGE 5,0.0,OpenAQ live network,2026-08-23 07:00:00,2026-08-25 07:00:00,48,95.6,64.992386
542,28.566667,77.138462,1,2.044,CANT_4,DELHI CANTT CHARGE 4,0.0,OpenAQ live network,2026-08-23 07:00:00,2026-08-25 07:00:00,48,82.1,67.693306
543,28.566667,77.153846,1,1.306,165,VASANT VIHAR,0.0,OpenAQ live network,2026-08-23 07:00:00,2026-08-25 07:00:00,48,63.7,70.59242
544,28.566667,77.169231,0,0.315,168,NANAK PURA,0.0,OpenAQ live network,2026-08-23 07:00:00,2026-08-25 07:00:00,48,78.5,73.11302
545,28.566667,77.184615,0,0.441,167,R. K. PURAM,0.0,OpenAQ live network,2026-08-23 07:00:00,2026-08-25 07:00:00,48,107.0,97.821945
546,28.566667,77.2,1,1.331,NDMC_7,NDMC CHARGE 7,0.0,OpenAQ live network,2026-08-23 07:00:00,2026-08-25 07:00:00,48,47.0,46.011387
547,28.566667,77.215385,0,0.949,159,ANDREWSGANJ,0.0,OpenAQ live network,2026-08-23 07:00:00,2026-08-25 07:00:00,48,64.9,52.349514
548,28.566667,77.230769,1,1.462,159,ANDREWSGANJ,0.0,OpenAQ live network,2026-08-23 07:00:00,2026-08-25 07:00:00,48,45.0,39.10895
549,28.566667,77.246154,0,0.447,155,LAJPAT NAGAR,0.0,OpenAQ live network,2026-08-23 07:00:00,2026-08-25 07:00:00,48,102.2,86.83398
550,28.566667,77.261538,1,1.085,193,SRI NIWASPURI,0.0,OpenAQ live network,2026-08-23 07:00:00,2026-08-25 07:00:00,48,72.0,63.193302
551,28.566667,77.276923,1,1.751,206,OKHLA,0.0,OpenAQ live network,2026-08-23 07:00:00,2026-08-25 07:00:00,48,87.2,72.307755
552,28.566667,77.292308,1,2.511,206,OKHLA,0.0,OpenAQ live network,2026-08-23 07:00:00,2026-08-25 07:00:00,48,72.2,71.629036
553,28.566667,77.307692,1,2.865,,,489.32211564077153,OpenAQ live network,2026-08-23 07:00:00,2026-08-25 07:00:00,48,104.0,104.709564
554,28.566667,77.323077,1,2.436,,,1877.579353790136,OpenAQ live network,2026-08-23 07:00:00,2026-08-25 07:00:00,48,83.9,79.44841
555,28.566667,77.338462,1,2.86,,,3135.971510056472,OpenAQ live network,2026-08-23 07:00:00,2026-08-25 07:00:00,48,104.3,104.709564
556,28.566667,77.353846,1,3.865,208,SARITA VIHAR,4568.619888884116,OpenAQ live network,2026-08-23 07:00:00,2026-08-25 07:00:00,48,85.3,81.01622
557,28.566667,77.369231,1,2.421,215,KONDLI,5720.795243403989,OpenAQ live network,2026-08-23 07:00:00,2026-08-25 07:00:00,48,82.1,78.4071
558,28.566667,77.384615,1,0.946,215,KONDLI,6874.406496836937,OpenAQ live network,2026-08-23 07:00:00,2026-08-25 07:00:00,48,70.6,63.45708
559,28.566667,77.4,0,0.665,215,KONDLI,8169.755118719711,OpenAQ live network,2026-08-23 07:00:00,2026-08-25 07:00:00,48,109.4,112.449104
560,28.579487,76.8,1,10.805,140,KHERA,4344.541809851213,OpenAQ live network,2026-08-23 07:00:00,2026-08-25 07:00:00,48,75.2,70.28176
561,28.579487,76.815385,1,9.323,140,KHERA,2634.775692623992,OpenAQ live network,2026-08-23 07:00:00,2026-08-25 07:00:00,48,75.2,70.28176
562,28.579487,76.830769,1,7.848,140,KHERA,927.4656233271154,OpenAQ live network,2026-08-23 07:00:00,2026-08-25 07:00:00,48,86.0,87.437126
563,28.579487,76.846154,1,6.385,140,KHERA,0.0,OpenAQ live network,2026-08-23 07:00:00,2026-08-25 07:00:00,48,30.7,29.89486
564,28.579487,76.861538,1,4.946,140,KHERA,0.0,OpenAQ live network,2026-08-23 07:00:00,2026-08-25 07:00:00,48,78.3,64.26706
565,28.579487,76.876923,1,3.56,140,KHERA,0.0,OpenAQ live network,2026-08-23 07:00:00,2026-08-25 07:00:00,48,60.6,54.152138
566,28.579487,76.892308,1,2.323,140,KHERA,0.0,OpenAQ live network,2026-08-23 07:00:00,2026-08-25 07:00:00,48,63.7,54.558697
567,28.579487,76.907692,1,1.623,140,KHERA,0.0,OpenAQ live network,2026-08-23 07:00:00,2026-08-25 07:00:00,48,61.5,57.893745
568,28.579487,76.923077,1,1.47,140,KHERA,0.0,OpenAQ live network,2026-08-23 07:00:00,2026-08-25 07:00:00,48,45.5,44.75439
569,28.579487,76.938462,1,1.133,133,CHHAWLA,0.0,OpenAQ live network,2026-08-23 07:00:00,2026-08-25 07:00:00,48,71.0,70.92546
570,28.579487,76.953846,1,2.218,133,CHHAWLA,0.0,OpenAQ live network,2026-08-23 07:00:00,2026-08-25 07:00:00,48,83.0,86.3599
571,28.579487,76.969231,1,3.615,134,NANGLI SAKRAVATI,0.0,OpenAQ live network,2026-08-23 07:00:00,2026-08-25 07:00:00,48,63.5,64.48641
572,28.579487,76.984615,1,5.073,134,NANGLI SAKRAVATI,0.0,OpenAQ live network,2026-08-23 07:00:00,2026-08-25 07:00:00,48,35.1,39.331467
573,28.579487,77.0,1,4.575,134,NANGLI SAKRAVATI,0.0,OpenAQ live network,2026-08-23 07:00:00,2026-08-25 07:00:00,48,70.7,66.11767
574,28.579487,77.015385,1,3.693,134,NANGLI SAKRAVATI,0.0,OpenAQ live network,2026-08-23 07:00:00,2026-08-25 07:00:00,48,79.6,75.21692
575,28.579487,77.030769,1,3.296,134,NANGLI SAKRAVATI,0.0,OpenAQ live network,2026-08-23 07:00:00,2026-08-25 07:00:00,48,67.4,52.911446
576,28.579487,77.046154,1,2.684,136,MATIALA,0.0,OpenAQ live network,2026-08-23 07:00:00,2026-08-25 07:00:00,48,67.8,52.911446
577,28.579487,77.061538,1,1.382,141,BIJWASAN,0.0,OpenAQ live network,2026-08-23 07:00:00,2026-08-25 07:00:00,48,70.3,66.11767
578,28.579487,77.076923,1,1.061,145,PALAM,0.0,OpenAQ live network,2026-08-23 07:00:00,2026-08-25 07:00:00,48,72.0,71.50346
579,28.579487,77.092308,1,2.173,CANT_6,DELHI CANTT CHARGE 6,0.0,OpenAQ live network,2026-08-23 07:00:00,2026-08-25 07:00:00,48,71.8,68.72679
580,28.579487,77.107692,1,2.114,CANT_6,DELHI CANTT CHARGE 6,0.0,OpenAQ live network,2026-08-23 07:00:00,2026-08-25 07:00:00,48,83.0,88.397644
581,28.579487,77.123077,1,1.644,CANT_6,DELHI CANTT CHARGE 6,0.0,OpenAQ live network,2026-08-23 07:00:00,2026-08-25 07:00:00,48,56.5,54.934517
582,28.579487,77.138462,1,2.09,CANT_5,DELHI CANTT CHARGE 5,0.0,OpenAQ live network,2026-08-23 07:00:00,2026-08-25 07:00:00,48,64.7,71.2941
583,28.579487,77.153846,1,2.095,CANT_4,DELHI CANTT CHARGE 4,0.0,OpenAQ live network,2026-08-23 07:00:00,2026-08-25 07:00:00,48,65.4,67.693306
584,28.579487,77.169231,1,1.448,168,NANAK PURA,0.0,OpenAQ live network,2026-08-23 07:00:00,2026-08-25 07:00:00,48,72.7,77.93077
585,28.579487,77.184615,0,0.141,NDMC_9,NDMC CHARGE 9,0.0,OpenAQ live network,2026-08-23 07:00:00,2026-08-25 07:00:00,48,78.8,73.11302
586,28.579487,77.2,1,1.568,NDMC_8,NDMC CHARGE 8,0.0,OpenAQ live network,2026-08-23 07:00:00,2026-08-25 07:00:00,48,84.2,93.04498
587,28.579487,77.215385,1,1.159,158,KOTLA MUBARAKPUR,0.0,OpenAQ live network,2026-08-23 07:00:00,2026-08-25 07:00:00,48,79.2,56.512486
588,28.579487,77.230769,0,0.312,157,KASTURBA NAGAR,0.0,OpenAQ live network,2026-08-23 07:00:00,2026-08-25 07:00:00,48,101.0,84.00612
589,28.579487,77.246154,1,1.207,155,LAJPAT NAGAR,0.0,OpenAQ live network,2026-08-23 07:00:00,2026-08-25 07:00:00,48,72.4,61.92969
590,28.579487,77.261538,1,1.68,156,BHOGAL,0.0,OpenAQ live network,2026-08-23 07:00:00,2026-08-25 07:00:00,48,66.7,52.977386
591,28.579487,77.276923,1,2.883,,,0.0,OpenAQ live network,2026-08-23 07:00:00,2026-08-25 07:00:00,48,67.5,63.32766
592,28.579487,77.292308,1,3.092,,,0.0,OpenAQ live network,2026-08-23 07:00:00,2026-08-25 07:00:00,48,75.7,66.468056
593,28.579487,77.307692,1,1.766,211,TRILOK PURI,755.6871837649566,OpenAQ live network,2026-08-23 07:00:00,2026-08-25 07:00:00,48,76.9,65.855484
594,28.579487,77.323077,1,1.091,212,NEW ASHOK NAGAR,2017.262588265992,OpenAQ live network,2026-08-23 07:00:00,2026-08-25 07:00:00,48,76.4,75.06348
595,28.579487,77.338462,1,1.943,214,KHICHRIPUR,2745.2410113112664,OpenAQ live network,2026-08-23 07:00:00,2026-08-25 07:00:00,48,76.9,65.855484
596,28.579487,77.353846,1,3.297,215,KONDLI,3402.227151509603,OpenAQ live network,2026-08-23 07:00:00,2026-08-25 07:00:00,48,65.8,57.46976
597,28.579487,77.369231,1,2.661,215,KONDLI,4515.411793257242,OpenAQ live network,2026-08-23 07:00:00,2026-08-25 07:00:00,48,78.5,71.51035
598,28.579487,77.384615,1,1.454,215,KONDLI,5831.752774047199,OpenAQ live network,2026-08-23 07:00:00,2026-08-25 07:00:00,48,55.9,46.860126
599,28.579487,77.4,1,1.289,215,KONDLI,7314.14892066741,OpenAQ live network,2026-08-23 07:00:00,2026-08-25 07:00:00,48,51.2,42.96302
600,28.592308,76.8,1,10.685,140,KHERA,4554.281231981889,OpenAQ live network,2026-08-23 07:00:00,2026-08-25 07:00:00,48,75.2,70.28176
601,28.592308,76.815385,1,9.183,140,KHERA,2940.6611311888955,OpenAQ live network,2026-08-23 07:00:00,2026-08-25 07:00:00,48,75.2,70.28176
602,28.592308,76.830769,1,7.682,140,KHERA,1555.6525757079858,OpenAQ live network,2026-08-23 07:00:00,2026-08-25 07:00:00,48,86.0,87.437126
603,28.592308,76.846154,1,6.18,140,KHERA,965.046595100533,OpenAQ live network,2026-08-23 07:00:00,2026-08-25 07:00:00,48,30.7,29.89486
604,28.592308,76.861538,1,4.679,140,KHERA,705.2575411781621,OpenAQ live network,2026-08-23 07:00:00,2026-08-25 07:00:00,48,57.8,50.33709
605,28.592308,76.876923,1,3.179,140,KHERA,0.0,OpenAQ live network,2026-08-23 07:00:00,2026-08-25 07:00:00,48,62.6,56.869137
606,28.592308,76.892308,1,1.682,140,KHERA,0.0,OpenAQ live network,2026-08-23 07:00:00,2026-08-25 07:00:00,48,63.7,60.65528
607,28.592308,76.907692,0,0.253,140,KHERA,0.0,OpenAQ live network,2026-08-23 07:00:00,2026-08-25 07:00:00,48,89.2,93.813446
608,28.592308,76.923077,1,1.346,140,KHERA,0.0,OpenAQ live network,2026-08-23 07:00:00,2026-08-25 07:00:00,48,35.3,40.06122
609,28.592308,76.938462,1,2.504,140,KHERA,0.0,OpenAQ live network,2026-08-23 07:00:00,2026-08-25 07:00:00,48,70.7,72.95262
610,28.592308,76.953846,1,3.147,134,NANGLI SAKRAVATI,0.0,OpenAQ live network,2026-08-23 07:00:00,2026-08-25 07:00:00,48,64.9,64.6285
611,28.592308,76.969231,1,4.249,140,KHERA,0.0,OpenAQ live network,2026-08-23 07:00:00,2026-08-25 07:00:00,48,79.1,79.23315
612,28.592308,76.984615,1,5.037,134,NANGLI SAKRAVATI,0.0,OpenAQ live network,2026-08-23 07:00:00,2026-08-25 07:00:00,48,54.5,49.115795
613,28.592308,77.0,1,3.684,134,NANGLI SAKRAVATI,0.0,OpenAQ live network,2026-08-23 07:00:00,2026-08-25 07:00:00,48,79.6,75.21692
614,28.592308,77.015385,1,2.508,135,KAKRAULA,0.0,OpenAQ live network,2026-08-23 07:00:00,2026-08-25 07:00:00,48,80.8,70.29619
615,28.592308,77.030769,1,1.874,135,KAKRAULA,0.0,OpenAQ live network,2026-08-23 07:00:00,2026-08-25 07:00:00,48,76.4,65.49019
616,28.592308,77.046154,1,2.291,136,MATIALA,0.0,OpenAQ live network,2026-08-23 07:00:00,2026-08-25 07:00:00,48,81.0,67.78733
617,28.592308,77.061538,1,2.574,136,MATIALA,0.0,OpenAQ live network,2026-08-23 07:00:00,2026-08-25 07:00:00,48,67.8,52.911446
618,28.592308,77.076923,1,2.417,145,PALAM,0.0,OpenAQ live network,2026-08-23 07:00:00,2026-08-25 07:00:00,48,60.9,60.228477
619,28.592308,77.092308,1,2.127,146,SADH NAGAR,0.0,OpenAQ live network,2026-08-23 07:00:00,2026-08-25 07:00:00,48,65.4,67.693306
620,28.592308,77.107692,1,1.712,CANT_7,DELHI CANTT CHARGE 7,0.0,OpenAQ live network,2026-08-23 07:00:00,2026-08-25 07:00:00,48,50.4,45.766335
621,28.592308,77.123077,0,0.286,CANT_6,DELHI CANTT CHARGE 6,0.0,OpenAQ live network,2026-08-23 07:00:00,2026-08-25 07:00:00,48,83.0,76.83664
622,28.592308,77.138462,1,1.321,CANT_3,DELHI CANTT CHARGE 3,0.0,OpenAQ live network,2026-08-23 07:00:00,2026-08-25 07:00:00,48,31.0,24.643454
623,28.592308,77.153846,1,2.814,CANT_3,DELHI CANTT CHARGE 3,0.0,OpenAQ live network,2026-08-23 07:00:00,2026-08-25 07:00:00,48,71.6,83.874596
624,28.592308,77.169231,1,2.041,NDMC_9,NDMC CHARGE 9,0.0,OpenAQ live network,2026-08-23 07:00:00,2026-08-25 07:00:00,48,80.1,82.01526
625,28.592308,77.184615,0,0.777,NDMC_9,NDMC CHARGE 9,0.0,OpenAQ live network,2026-08-23 07:00:00,2026-08-25 07:00:00,48,65.2,67.784454
626,28.592308,77.2,1,1.247,NDMC_9,NDMC CHARGE 9,0.0,OpenAQ live network,2026-08-23 07:00:00,2026-08-25 07:00:00,48,68.3,58.121895
627,28.592308,77.215385,0,0.756,NDMC_5,NDMC CHARGE 5,0.0,OpenAQ live network,2026-08-23 07:00:00,2026-08-25 07:00:00,48,72.5,74.280495
628,28.592308,77.230769,0,0.342,NDMC_5,NDMC CHARGE 5,0.0,OpenAQ live network,2026-08-23 07:00:00,2026-08-25 07:00:00,48,107.8,27.436409
629,28.592308,77.246154,1,1.799,154,NIZAMUDDIN,0.0,OpenAQ live network,2026-08-23 07:00:00,2026-08-25 07:00:00,48,72.5,56.512486
630,28.592308,77.261538,1,2.807,,,0.0,OpenAQ live network,2026-08-23 07:00:00,2026-08-25 07:00:00,48,71.6,72.98504
631,28.592308,77.276923,1,2.659,,,0.0,OpenAQ live network,2026-08-23 07:00:00,2026-08-25 07:00:00,48,71.6,72.98504
632,28.592308,77.292308,1,2.915,211,TRILOK PURI,0.0,OpenAQ live network,2026-08-23 07:00:00,2026-08-25 07:00:00,48,71.2,59.544765
633,28.592308,77.307692,1,1.434,212,NEW ASHOK NAGAR,0.0,OpenAQ live network,2026-08-23 07:00:00,2026-08-25 07:00:00,48,45.0,44.30332
634,28.592308,77.323077,0,0.357,214,KHICHRIPUR,660.0365319402396,OpenAQ live network,2026-08-23 07:00:00,2026-08-25 07:00:00,48,105.7,115.70545
635,28.592308,77.338462,1,1.647,215,KONDLI,1211.8774811357894,OpenAQ live network,2026-08-23 07:00:00,2026-08-25 07:00:00,48,64.4,56.67937
636,28.592308,77.353846,1,2.394,215,KONDLI,2160.111832892552,OpenAQ live network,2026-08-23 07:00:00,2026-08-25 07:00:00,48,76.0,68.90737
637,28.592308,77.369231,1,3.383,215,KONDLI,3524.3741780301725,OpenAQ live network,2026-08-23 07:00:00,2026-08-25 07:00:00,48,54.9,50.92393
638,28.592308,77.384615,1,2.72,215,KONDLI,5103.098088581726,OpenAQ live network,2026-08-23 07:00:00,2026-08-25 07:00:00,48,78.5,71.51035
639,28.592308,77.4,1,2.636,215,KONDLI,6747.5213314060375,OpenAQ live network,2026-08-23 07:00:00,2026-08-25 07:00:00,48,78.5,71.51035
640,28.605128,76.8,1,10.754,140,KHERA,5230.48921193238,OpenAQ live network,2026-08-23 07:00:00,2026-08-25 07:00:00,48,75.2,70.28176
641,28.605128,76.815385,1,9.264,140,KHERA,3906.920493770471,OpenAQ live network,2026-08-23 07:00:00,2026-08-25 07:00:00,48,75.2,70.28176
642,28.605128,76.830769,1,7.778,140,KHERA,3006.092944748288,OpenAQ live network,2026-08-23 07:00:00,2026-08-25 07:00:00,48,86.0,87.437126
643,28.605128,76.846154,1,6.299,140,KHERA,2589.1762219769166,OpenAQ live network,2026-08-23 07:00:00,2026-08-25 07:00:00,48,30.7,29.89486
644,28.605128,76.861538,1,4.836,140,KHERA,1161.0332631309698,OpenAQ live network,2026-08-23 07:00:00,2026-08-25 07:00:00,48,57.8,50.33709
645,28.605128,76.876923,1,3.405,140,KHERA,0.0,OpenAQ live network,2026-08-23 07:00:00,2026-08-25 07:00:00,48,62.6,56.869137
646,28.605128,76.892308,1,2.079,140,KHERA,0.0,OpenAQ live network,2026-08-23 07:00:00,2026-08-25 07:00:00,48,66.1,63.588696
647,28.605128,76.907692,1,1.248,140,KHERA,0.0,OpenAQ live network,2026-08-23 07:00:00,2026-08-25 07:00:00,48,61.0,63.971455
648,28.605128,76.923077,1,1.818,140,KHERA,0.0,OpenAQ live network,2026-08-23 07:00:00,2026-08-25 07:00:00,48,68.7,66.10383
649,28.605128,76.938462,1,3.093,140,KHERA,0.0,OpenAQ live network,2026-08-23 07:00:00,2026-08-25 07:00:00,48,63.0,57.49545
650,28.605128,76.953846,1,4.353,140,KHERA,0.0,OpenAQ live network,2026-08-23 07:00:00,2026-08-25 07:00:00,48,69.2,67.602066
651,28.605128,76.969231,1,5.206,140,KHERA,0.0,OpenAQ live network,2026-08-23 07:00:00,2026-08-25 07:00:00,48,35.1,39.331467
652,28.605128,76.984615,1,4.699,137,ROSHANPURA,0.0,OpenAQ live network,2026-08-23 07:00:00,2026-08-25 07:00:00,48,67.9,61.785297
653,28.605128,77.0,1,3.207,137,ROSHANPURA,0.0,OpenAQ live network,2026-08-23 07:00:00,2026-08-25 07:00:00,48,67.4,52.911446
654,28.605128,77.015385,1,1.732,135,KAKRAULA,0.0,OpenAQ live network,2026-08-23 07:00:00,2026-08-25 07:00:00,48,65.7,54.523014
655,28.605128,77.030769,0,0.473,135,KAKRAULA,0.0,OpenAQ live network,2026-08-23 07:00:00,2026-08-25 07:00:00,48,107.9,124.24138
656,28.605128,77.046154,1,1.4,136,MATIALA,0.0,OpenAQ live network,2026-08-23 07:00:00,2026-08-25 07:00:00,48,51.1,42.943684
657,28.605128,77.061538,1,2.865,148,MADHU VIHAR,0.0,OpenAQ live network,2026-08-23 07:00:00,2026-08-25 07:00:00,48,106.6,98.17743
658,28.605128,77.076923,1,2.296,130,MANGLAPURI,0.0,OpenAQ live network,2026-08-23 07:00:00,2026-08-25 07:00:00,48,71.1,66.11767
659,28.605128,77.092308,0,0.923,129,DABRI,0.0,OpenAQ live network,2026-08-23 07:00:00,2026-08-25 07:00:00,48,66.3,67.693306
660,28.605128,77.107692,1,0.97,129,DABRI,0.0,OpenAQ live network,2026-08-23 07:00:00,2026-08-25 07:00:00,48,65.7,71.2941
661,28.605128,77.123077,1,1.234,CANT_8,DELHI CANTT CHARGE 8,0.0,OpenAQ live network,2026-08-23 07:00:00,2026-08-25 07:00:00,48,67.1,78.16743
662,28.605128,77.138462,1,1.785,CANT_2,DELHI CANTT CHARGE 2,0.0,OpenAQ live network,2026-08-23 07:00:00,2026-08-25 07:00:00,48,69.7,75.38799
663,28.605128,77.153846,1,3.06,CANT_2,DELHI CANTT CHARGE 2,0.0,OpenAQ live network,2026-08-23 07:00:00,2026-08-25 07:00:00,48,62.8,64.992386
664,28.605128,77.169231,1,2.088,150,PUSA,0.0,OpenAQ live network,2026-08-23 07:00:00,2026-08-25 07:00:00,48,65.1,58.748207
665,28.605128,77.184615,1,0.895,NDMC_3,NDMC CHARGE 3,0.0,OpenAQ live network,2026-08-23 07:00:00,2026-08-25 07:00:00,48,67.6,61.293556
666,28.605128,77.2,1,1.323,NDMC_5,NDMC CHARGE 5,0.0,OpenAQ live network,2026-08-23 07:00:00,2026-08-25 07:00:00,48,68.2,63.69632
667,28.605128,77.215385,1,1.882,NDMC_5,NDMC CHARGE 5,0.0,OpenAQ live network,2026-08-23 07:00:00,2026-08-25 07:00:00,48,79.5,70.53116
668,28.605128,77.230769,0,0.965,NDMC_5,NDMC CHARGE 5,0.0,OpenAQ live network,2026-08-23 07:00:00,2026-08-25 07:00:00,48,77.2,71.51666
669,28.605128,77.246154,1,1.069,154,NIZAMUDDIN,0.0,OpenAQ live network,2026-08-23 07:00:00,2026-08-25 07:00:00,48,75.7,71.51666
670,28.605128,77.261538,1,1.567,,,0.0,OpenAQ live network,2026-08-23 07:00:00,2026-08-25 07:00:00,48,39.7,42.486828
671,28.605128,77.276923,1,1.283,211,TRILOK PURI,0.0,OpenAQ live network,2026-08-23 07:00:00,2026-08-25 07:00:00,48,37.5,40.555393
672,28.605128,77.292308,1,2.13,220,PATPARGANJ,0.0,OpenAQ live network,2026-08-23 07:00:00,2026-08-25 07:00:00,48,69.1,72.55161
673,28.605128,77.307692,1,2.249,210,DALLOPURA,0.0,OpenAQ live network,2026-08-23 07:00:00,2026-08-25 07:00:00,48,91.5,89.23013
674,28.605128,77.323077,1,1.769,214,KHICHRIPUR,0.0,OpenAQ live network,2026-08-23 07:00:00,2026-08-25 07:00:00,48,76.9,65.855484
675,28.605128,77.338462,0,0.76,215,KONDLI,0.0,OpenAQ live network,2026-08-23 07:00:00,2026-08-25 07:00:00,48,93.1,88.20019
676,28.605128,77.353846,1,1.333,216,GHAROLI,1378.7867102266173,OpenAQ live network,2026-08-23 07:00:00,2026-08-25 07:00:00,48,41.7,32.259277
677,28.605128,77.369231,1,2.435,216,GHAROLI,3063.3609193606258,OpenAQ live network,2026-08-23 07:00:00,2026-08-25 07:00:00,48,83.6,87.30109
678,28.605128,77.384615,1,3.4,216,GHAROLI,4765.862486063799,OpenAQ live network,2026-08-23 07:00:00,2026-08-25 07:00:00,48,69.1,60.84602
679,28.605128,77.4,1,4.037,216,GHAROLI,6473.772369085362,OpenAQ live network,2026-08-23 07:00:00,2026-08-25 07:00:00,48,83.5,81.33777
680,28.617949,76.8,1,11.009,140,KHERA,6265.899896726538,OpenAQ live network,2026-08-23 07:00:00,2026-08-25 07:00:00,48,75.2,70.28176
681,28.617949,76.815385,1,9.558,140,KHERA,5212.246335727075,OpenAQ live network,2026-08-23 07:00:00,2026-08-25 07:00:00,48,75.2,70.28176
682,28.617949,76.830769,1,8.127,140,KHERA,4539.561102796694,OpenAQ live network,2026-08-23 07:00:00,2026-08-25 07:00:00,48,86.4,87.437126
683,28.617949,76.846154,1,6.726,140,KHERA,3430.09515300312,OpenAQ live network,2026-08-23 07:00:00,2026-08-25 07:00:00,48,33.1,35.204117
684,28.617949,76.861538,1,5.38,140,KHERA,2116.515507335378,OpenAQ live network,2026-08-23 07:00:00,2026-08-25 07:00:00,48,30.7,29.89486
685,28.617949,76.876923,1,4.142,140,KHERA,503.351867327096,OpenAQ live network,2026-08-23 07:00:00,2026-08-25 07:00:00,48,73.7,65.69292
686,28.617949,76.892308,1,3.143,140,KHERA,0.0,OpenAQ live network,2026-08-23 07:00:00,2026-08-25 07:00:00,48,62.6,56.869137
687,28.617949,76.907692,1,2.668,140,KHERA,0.0,OpenAQ live network,2026-08-23 07:00:00,2026-08-25 07:00:00,48,58.4,53.312927
688,28.617949,76.923077,1,2.978,140,KHERA,0.0,OpenAQ live network,2026-08-23 07:00:00,2026-08-25 07:00:00,48,53.0,46.536137
689,28.617949,76.938462,1,3.889,140,KHERA,0.0,OpenAQ live network,2026-08-23 07:00:00,2026-08-25 07:00:00,48,72.3,65.038376
690,28.617949,76.953846,1,5.089,139,DICHAON KALAN,0.0,OpenAQ live network,2026-08-23 07:00:00,2026-08-25 07:00:00,48,30.7,29.89486
691,28.617949,76.969231,1,6.258,139,DICHAON KALAN,0.0,OpenAQ live network,2026-08-23 07:00:00,2026-08-25 07:00:00,48,39.2,29.08256
692,28.617949,76.984615,1,4.781,138,NAJAFGARH,0.0,OpenAQ live network,2026-08-23 07:00:00,2026-08-25 07:00:00,48,67.9,61.785297
693,28.617949,77.0,1,3.326,137,ROSHANPURA,0.0,OpenAQ live network,2026-08-23 07:00:00,2026-08-25 07:00:00,48,67.4,52.911446
694,28.617949,77.015385,1,1.943,137,ROSHANPURA,0.0,OpenAQ live network,2026-08-23 07:00:00,2026-08-25 07:00:00,48,76.4,65.49019
695,28.617949,77.030769,1,1.0,135,KAKRAULA,0.0,OpenAQ live network,2026-08-23 07:00:00,2026-08-25 07:00:00,48,79.5,73.21857
696,28.617949,77.046154,1,1.654,127,UTTAM NAGAR,0.0,OpenAQ live network,2026-08-23 07:00:00,2026-08-25 07:00:00,48,66.5,56.559757
697,28.617949,77.061538,1,2.997,128,BINDAPUR,0.0,OpenAQ live network,2026-08-23 07:00:00,2026-08-25 07:00:00,48,71.4,54.611027
698,28.617949,77.076923,1,2.38,119,MILAP NAGAR,0.0,OpenAQ live network,2026-08-23 07:00:00,2026-08-25 07:00:00,48,71.1,66.11767
699,28.617949,77.092308,1,1.115,118,JANAK PURI SOUTH,0.0,OpenAQ live network,2026-08-23 07:00:00,2026-08-25 07:00:00,48,76.8,76.162636
700,28.617949,77.107692,1,1.154,110,NANGAL RAYA,0.0,OpenAQ live network,2026-08-23 07:00:00,2026-08-25 07:00:00,48,65.1,67.693306
701,28.617949,77.123077,1,2.436,CANT_2,DELHI CANTT CHARGE 2,0.0,OpenAQ live network,2026-08-23 07:00:00,2026-08-25 07:00:00,48,71.7,83.874596
702,28.617949,77.138462,1,2.53,152,NARAINA,0.0,OpenAQ live network,2026-08-23 07:00:00,2026-08-25 07:00:00,48,74.1,79.091515
703,28.617949,77.153846,1,2.523,CANT_2,DELHI CANTT CHARGE 2,0.0,OpenAQ live network,2026-08-23 07:00:00,2026-08-25 07:00:00,48,67.2,59.346745
704,28.617949,77.169231,1,2.5,150,PUSA,0.0,OpenAQ live network,2026-08-23 07:00:00,2026-08-25 07:00:00,48,57.9,53.251766
705,28.617949,77.184615,1,1.053,NDMC_3,NDMC CHARGE 3,0.0,OpenAQ live network,2026-08-23 07:00:00,2026-08-25 07:00:00,48,70.1,67.55937
706,28.617949,77.2,0,0.69,NDMC_4,NDMC CHARGE 4,0.0,OpenAQ live network,2026-08-23 07:00:00,2026-08-25 07:00:00,48,88.2,86.21991
707,28.617949,77.215385,1,1.919,NDMC_4,NDMC CHARGE 4,0.0,OpenAQ live network,2026-08-23 07:00:00,2026-08-25 07:00:00,48,92.3,94.12031
708,28.617949,77.230769,0,0.658,NDMC_1,NDMC CHARGE 1,0.0,OpenAQ live network,2026-08-23 07:00:00,2026-08-25 07:00:00,48,112.0,112.008965
709,28.617949,77.246154,0,0.694,154,NIZAMUDDIN,0.0,OpenAQ live network,2026-08-23 07:00:00,2026-08-25 07:00:00,48,79.4,71.51666
710,28.617949,77.261538,1,1.047,,,0.0,OpenAQ live network,2026-08-23 07:00:00,2026-08-25 07:00:00,48,73.0,72.07441
711,28.617949,77.276923,0,0.536,224,PANDAV NAGAR,0.0,OpenAQ live network,2026-08-23 07:00:00,2026-08-25 07:00:00,48,97.1,105.216
712,28.617949,77.292308,0,0.815,220,PATPARGANJ,0.0,OpenAQ live network,2026-08-23 07:00:00,2026-08-25 07:00:00,48,90.8,86.88039
713,28.617949,77.307692,1,2.101,219,MAYUR VIHAR PHASE II,0.0,OpenAQ live network,2026-08-23 07:00:00,2026-08-25 07:00:00,48,60.9,61.14961
714,28.617949,77.323077,1,2.0,214,KHICHRIPUR,0.0,OpenAQ live network,2026-08-23 07:00:00,2026-08-25 07:00:00,48,69.3,63.94577
715,28.617949,77.338462,1,0.83,216,GHAROLI,0.0,OpenAQ live network,2026-08-23 07:00:00,2026-08-25 07:00:00,48,90.9,88.20019
716,28.617949,77.353846,1,0.825,216,GHAROLI,1331.3912805564655,OpenAQ live network,2026-08-23 07:00:00,2026-08-25 07:00:00,48,117.8,124.08937
717,28.617949,77.369231,1,1.343,216,GHAROLI,3041.1475257415173,OpenAQ live network,2026-08-23 07:00:00,2026-08-25 07:00:00,48,52.7,49.645287
718,28.617949,77.384615,1,2.727,216,GHAROLI,4751.626431711141,OpenAQ live network,2026-08-23 07:00:00,2026-08-25 07:00:00,48,68.5,61.798435
719,28.617949,77.4,1,4.192,216,GHAROLI,6463.299250166189,OpenAQ live network,2026-08-23 07:00:00,2026-08-25 07:00:00,48,78.7,76.72871
720,28.630769,76.8,1,11.437,140,KHERA,7513.455220422215,OpenAQ live network,2026-08-23 07:00:00,2026-08-25 07:00:00,48,75.2,70.28176
721,28.630769,76.815385,1,10.049,140,KHERA,6660.181656516023,OpenAQ live network,2026-08-23 07:00:00,2026-08-25 07:00:00,48,75.2,70.28176
722,28.630769,76.830769,1,8.698,140,KHERA,5770.86514542467,OpenAQ live network,2026-08-23 07:00:00,2026-08-25 07:00:00,48,75.3,70.28176
723,28.630769,76.846154,1,7.406,140,KHERA,4248.239680340264,OpenAQ live network,2026-08-23 07:00:00,2026-08-25 07:00:00,48,86.0,87.437126
724,28.630769,76.861538,1,6.21,140,KHERA,2595.104916975264,OpenAQ live network,2026-08-23 07:00:00,2026-08-25 07:00:00,48,30.7,29.89486
725,28.630769,76.876923,1,5.175,140,KHERA,968.955339007216,OpenAQ live network,2026-08-23 07:00:00,2026-08-25 07:00:00,48,30.7,29.89486
726,28.630769,76.892308,1,4.416,140,KHERA,0.0,OpenAQ live network,2026-08-23 07:00:00,2026-08-25 07:00:00,48,63.6,54.66941
727,28.630769,76.907692,1,4.092,140,KHERA,393.4416218504357,OpenAQ live network,2026-08-23 07:00:00,2026-08-25 07:00:00,48,73.7,65.69292
728,28.630769,76.923077,1,4.3,140,KHERA,173.71535087028312,OpenAQ live network,2026-08-23 07:00:00,2026-08-25 07:00:00,48,73.7,65.69292
729,28.630769,76.938462,1,4.555,139,DICHAON KALAN,537.5400292499945,OpenAQ live network,2026-08-23 07:00:00,2026-08-25 07:00:00,48,69.2,66.62938
730,28.630769,76.953846,1,5.18,139,DICHAON KALAN,0.0,OpenAQ live network,2026-08-23 07:00:00,2026-08-25 07:00:00,48,37.1,33.182674
731,28.630769,76.969231,1,6.117,139,DICHAON KALAN,0.0,OpenAQ live network,2026-08-23 07:00:00,2026-08-25 07:00:00,48,37.1,33.182674
732,28.630769,76.984615,1,5.263,139,DICHAON KALAN,0.0,OpenAQ live network,2026-08-23 07:00:00,2026-08-25 07:00:00,48,39.2,29.08256
733,28.630769,77.0,1,3.987,137,ROSHANPURA,0.0,OpenAQ live network,2026-08-23 07:00:00,2026-08-25 07:00:00,48,80.1,79.394295
734,28.630769,77.015385,1,2.935,122,HASTSAL,0.0,OpenAQ live network,2026-08-23 07:00:00,2026-08-25 07:00:00,48,71.4,54.611027
735,28.630769,77.030769,1,2.417,122,HASTSAL,0.0,OpenAQ live network,2026-08-23 07:00:00,2026-08-25 07:00:00,48,84.6,75.22073
736,28.630769,77.046154,1,2.753,121,KUNWAR SINGH NAGAR,0.0,OpenAQ live network,2026-08-23 07:00:00,2026-08-25 07:00:00,48,80.9,70.29619
737,28.630769,77.061538,1,3.718,123,VIKAS PURI,0.0,OpenAQ live network,2026-08-23 07:00:00,2026-08-25 07:00:00,48,79.6,75.21692
738,28.630769,77.076923,1,3.181,113,MAHAVIR NAGAR,0.0,OpenAQ live network,2026-08-23 07:00:00,2026-08-25 07:00:00,48,86.9,102.66211
739,28.630769,77.092308,1,2.387,109,JANAK PURI NORTH,0.0,OpenAQ live network,2026-08-23 07:00:00,2026-08-25 07:00:00,48,32.8,27.383436
740,28.630769,77.107692,1,2.406,109,JANAK PURI NORTH,0.0,OpenAQ live network,2026-08-23 07:00:00,2026-08-25 07:00:00,48,81.6,78.2942
741,28.630769,77.123077,1,2.469,111,HARI NAGAR,0.0,OpenAQ live network,2026-08-23 07:00:00,2026-08-25 07:00:00,48,74.1,79.091515
742,28.630769,77.138462,1,1.246,152,NARAINA,0.0,OpenAQ live network,2026-08-23 07:00:00,2026-08-25 07:00:00,48,58.9,58.157772
743,28.630769,77.153846,1,1.234,150,PUSA,0.0,OpenAQ live network,2026-08-23 07:00:00,2026-08-25 07:00:00,48,74.3,70.61191
744,28.630769,77.169231,1,2.449,150,PUSA,0.0,OpenAQ live network,2026-08-23 07:00:00,2026-08-25 07:00:00,48,82.5,71.66606
745,28.630769,77.184615,1,1.384,149,RAJENDER NAGAR,0.0,OpenAQ live network,2026-08-23 07:00:00,2026-08-25 07:00:00,48,37.2,34.15699
746,28.630769,77.2,0,0.374,NDMC_3,NDMC CHARGE 3,0.0,OpenAQ live network,2026-08-23 07:00:00,2026-08-25 07:00:00,48,101.3,100.44206
747,28.630769,77.215385,1,1.044,NDMC_4,NDMC CHARGE 4,0.0,OpenAQ live network,2026-08-23 07:00:00,2026-08-25 07:00:00,48,82.2,98.03954
748,28.630769,77.230769,0,0.83,NDMC_1,NDMC CHARGE 1,0.0,OpenAQ live network,2026-08-23 07:00:00,2026-08-25 07:00:00,48,93.8,97.17954
749,28.630769,77.246154,0,0.551,153,DARYAGANJ,0.0,OpenAQ live network,2026-08-23 07:00:00,2026-08-25 07:00:00,48,110.9,41.8601
750,28.630769,77.261538,1,1.434,,,0.0,OpenAQ live network,2026-08-23 07:00:00,2026-08-25 07:00:00,48,69.6,67.067825
751,28.630769,77.276923,1,1.271,221,KISHAN KUNJ,0.0,OpenAQ live network,2026-08-23 07:00:00,2026-08-25 07:00:00,48,62.4,61.159176
752,28.630769,77.292308,1,0.926,218,MANDAWALI,0.0,OpenAQ live network,2026-08-23 07:00:00,2026-08-25 07:00:00,48,57.3,52.047283
753,28.630769,77.307692,1,1.963,227,I.P EXTENTION,0.0,OpenAQ live network,2026-08-23 07:00:00,2026-08-25 07:00:00,48,75.3,85.521126
754,28.630769,77.323077,1,1.914,227,I.P EXTENTION,0.0,OpenAQ live network,2026-08-23 07:00:00,2026-08-25 07:00:00,48,75.3,94.581276
755,28.630769,77.338462,1,2.002,214,KHICHRIPUR,570.811414395913,OpenAQ live network,2026-08-23 07:00:00,2026-08-25 07:00:00,48,81.9,78.87712
756,28.630769,77.353846,0,0.788,216,GHAROLI,1742.355907057653,OpenAQ live network,2026-08-23 07:00:00,2026-08-25 07:00:00,48,118.2,124.08937
757,28.630769,77.369231,1,1.32,216,GHAROLI,3328.976552705762,OpenAQ live network,2026-08-23 07:00:00,2026-08-25 07:00:00,48,52.7,49.645287
758,28.630769,77.384615,1,2.716,216,GHAROLI,4953.343941564543,OpenAQ live network,2026-08-23 07:00:00,2026-08-25 07:00:00,48,68.1,61.798435
759,28.630769,77.4,1,3.745,216,GHAROLI,6617.669919402579,OpenAQ live network,2026-08-23 07:00:00,2026-08-25 07:00:00,48,79.2,76.72871
760,28.64359,76.8,1,12.02,140,KHERA,8884.489921989303,OpenAQ live network,2026-08-23 07:00:00,2026-08-25 07:00:00,48,75.2,70.28176
761,28.64359,76.815385,1,10.708,140,KHERA,7979.772738008469,OpenAQ live network,2026-08-23 07:00:00,2026-08-25 07:00:00,48,75.2,70.28176
762,28.64359,76.830769,1,9.452,140,KHERA,6353.446526346839,OpenAQ live network,2026-08-23 07:00:00,2026-08-25 07:00:00,48,75.2,70.28176
763,28.64359,76.846154,1,8.275,140,KHERA,4757.237142750671,OpenAQ live network,2026-08-23 07:00:00,2026-08-25 07:00:00,48,115.5,117.51596
764,28.64359,76.861538,1,6.893,140,KHERA,3243.156055523201,OpenAQ live network,2026-08-23 07:00:00,2026-08-25 07:00:00,48,116.3,117.51596
765,28.64359,76.876923,1,5.573,140,KHERA,1948.695235139424,OpenAQ live network,2026-08-23 07:00:00,2026-08-25 07:00:00,48,37.1,33.182674
766,28.64359,76.892308,1,4.372,140,KHERA,1497.8727333006048,OpenAQ live network,2026-08-23 07:00:00,2026-08-25 07:00:00,48,69.2,66.62938
767,28.64359,76.907692,1,3.417,140,KHERA,1615.9709076940103,OpenAQ live network,2026-08-23 07:00:00,2026-08-25 07:00:00,48,65.2,60.5297
768,28.64359,76.923077,1,2.956,139,DICHAON KALAN,677.1263449140847,OpenAQ live network,2026-08-23 07:00:00,2026-08-25 07:00:00,48,70.9,62.60476
769,28.64359,76.938462,1,3.212,139,DICHAON KALAN,0.0,OpenAQ live network,2026-08-23 07:00:00,2026-08-25 07:00:00,48,65.2,60.5297
770,28.64359,76.953846,1,4.049,139,DICHAON KALAN,0.0,OpenAQ live network,2026-08-23 07:00:00,2026-08-25 07:00:00,48,78.7,78.34938
771,28.64359,76.969231,1,5.194,139,DICHAON KALAN,0.0,OpenAQ live network,2026-08-23 07:00:00,2026-08-25 07:00:00,48,37.1,33.182674
772,28.64359,76.984615,1,6.05,139,DICHAON KALAN,0.0,OpenAQ live network,2026-08-23 07:00:00,2026-08-25 07:00:00,48,39.2,29.08256
773,28.64359,77.0,1,4.98,139,DICHAON KALAN,0.0,OpenAQ live network,2026-08-23 07:00:00,2026-08-25 07:00:00,48,87.1,102.66211
774,28.64359,77.015385,1,4.186,122,HASTSAL,0.0,OpenAQ live network,2026-08-23 07:00:00,2026-08-25 07:00:00,48,80.1,79.394295
775,28.64359,77.030769,1,3.84,122,HASTSAL,0.0,OpenAQ live network,2026-08-23 07:00:00,2026-08-25 07:00:00,48,79.6,75.21692
776,28.64359,77.046154,1,4.06,122,HASTSAL,0.0,OpenAQ live network,2026-08-23 07:00:00,2026-08-25 07:00:00,48,80.1,79.394295
777,28.64359,77.061538,1,4.767,44,QUAMMRUDDIN NAGAR,0.0,OpenAQ live network,2026-08-23 07:00:00,2026-08-25 07:00:00,48,67.9,61.785297
778,28.64359,77.076923,1,4.317,116,VIKASPURI EAST,0.0,OpenAQ live network,2026-08-23 07:00:00,2026-08-25 07:00:00,48,72.3,67.46303
779,28.64359,77.092308,1,3.771,116,VIKASPURI EAST,0.0,OpenAQ live network,2026-08-23 07:00:00,2026-08-25 07:00:00,48,66.3,61.460514
780,28.64359,77.107692,1,3.783,105,RAJOURI GARDEN,0.0,OpenAQ live network,2026-08-23 07:00:00,2026-08-25 07:00:00,48,81.2,78.2942
781,28.64359,77.123077,1,2.305,105,RAJOURI GARDEN,0.0,OpenAQ live network,2026-08-23 07:00:00,2026-08-25 07:00:00,48,76.4,73.84554
782,28.64359,77.138462,0,0.879,98,MANSAROWER GARDEN,0.0,OpenAQ live network,2026-08-23 07:00:00,2026-08-25 07:00:00,48,86.9,75.27186
783,28.64359,77.153846,0,0.86,150,PUSA,0.0,OpenAQ live network,2026-08-23 07:00:00,2026-08-25 07:00:00,48,100.7,88.81172
784,28.64359,77.169231,1,1.854,150,PUSA,0.0,OpenAQ live network,2026-08-23 07:00:00,2026-08-25 07:00:00,48,89.3,58.423714
785,28.64359,77.184615,1,1.792,149,RAJENDER NAGAR,0.0,OpenAQ live network,2026-08-23 07:00:00,2026-08-25 07:00:00,48,76.7,70.84099
786,28.64359,77.2,0,0.803,NDMC_3,NDMC CHARGE 3,0.0,OpenAQ live network,2026-08-23 07:00:00,2026-08-25 07:00:00,48,102.1,100.44206
787,28.64359,77.215385,1,1.241,89,PAHAR GANJ,0.0,OpenAQ live network,2026-08-23 07:00:00,2026-08-25 07:00:00,48,86.5,98.03954
788,28.64359,77.230769,1,1.067,83,BAZAR SITARAM,0.0,OpenAQ live network,2026-08-23 07:00:00,2026-08-25 07:00:00,48,82.7,98.03954
789,28.64359,77.246154,1,1.737,153,DARYAGANJ,0.0,OpenAQ live network,2026-08-23 07:00:00,2026-08-25 07:00:00,48,67.0,82.75087
790,28.64359,77.261538,1,2.529,,,0.0,OpenAQ live network,2026-08-23 07:00:00,2026-08-25 07:00:00,48,80.3,59.18378
791,28.64359,77.276923,1,2.228,230,GEETA COLONY,0.0,OpenAQ live network,2026-08-23 07:00:00,2026-08-25 07:00:00,48,78.5,81.09448
792,28.64359,77.292308,1,1.396,228,PREET VIHAR,0.0,OpenAQ live network,2026-08-23 07:00:00,2026-08-25 07:00:00,48,79.8,85.521126
793,28.64359,77.307692,1,0.89,227,I.P EXTENTION,0.0,OpenAQ live network,2026-08-23 07:00:00,2026-08-25 07:00:00,48,110.9,63.478004
794,28.64359,77.323077,0,0.776,227,I.P EXTENTION,625.3077767706125,OpenAQ live network,2026-08-23 07:00:00,2026-08-25 07:00:00,48,112.4,64.05234
795,28.64359,77.338462,1,1.936,227,I.P EXTENTION,1716.0483335299457,OpenAQ live network,2026-08-23 07:00:00,2026-08-25 07:00:00,48,75.5,66.8397
796,28.64359,77.353846,0,0.507,216,GHAROLI,2900.661769699084,OpenAQ live network,2026-08-23 07:00:00,2026-08-25 07:00:00,48,111.8,119.2792
797,28.64359,77.369231,1,1.128,216,GHAROLI,4080.320732921669,OpenAQ live network,2026-08-23 07:00:00,2026-08-25 07:00:00,48,79.4,73.420525
798,28.64359,77.384615,1,1.767,216,GHAROLI,5528.159339197829,OpenAQ live network,2026-08-23 07:00:00,2026-08-25 07:00:00,48,78.2,72.764915
799,28.64359,77.4,1,2.701,216,GHAROLI,7095.007417973298,OpenAQ live network,2026-08-23 07:00:00,2026-08-25 07:00:00,48,81.4,77.191124
800,28.65641,76.8,1,12.329,140,KHERA,10128.765875237712,OpenAQ live network,2026-08-23 07:00:00,2026-08-25 07:00:00,48,96.0,91.00437
801,28.65641,76.815385,1,10.841,140,KHERA,8548.498624592146,OpenAQ live network,2026-08-23 07:00:00,2026-08-25 07:00:00,48,96.0,91.00437
802,28.65641,76.830769,1,9.358,140,KHERA,7026.8152052503465,OpenAQ live network,2026-08-23 07:00:00,2026-08-25 07:00:00,48,96.0,91.00437
803,28.65641,76.846154,1,7.88,140,KHERA,5569.317344180514,OpenAQ live network,2026-08-23 07:00:00,2026-08-25 07:00:00,48,116.2,117.51596
804,28.65641,76.861538,1,6.414,140,KHERA,4302.199225768829,OpenAQ live network,2026-08-23 07:00:00,2026-08-25 07:00:00,48,37.1,33.182674
805,28.65641,76.876923,1,4.969,140,KHERA,3351.432853618122,OpenAQ live network,2026-08-23 07:00:00,2026-08-25 07:00:00,48,86.0,89.20842
806,28.65641,76.892308,1,3.57,140,KHERA,3113.088707822481,OpenAQ live network,2026-08-23 07:00:00,2026-08-25 07:00:00,48,65.7,59.086002
807,28.65641,76.907692,1,2.303,139,DICHAON KALAN,2099.4311205490853,OpenAQ live network,2026-08-23 07:00:00,2026-08-25 07:00:00,48,76.4,75.5175
808,28.65641,76.923077,1,1.539,139,DICHAON KALAN,589.9816769251511,OpenAQ live network,2026-08-23 07:00:00,2026-08-25 07:00:00,48,48.1,46.00339
809,28.65641,76.938462,1,1.985,139,DICHAON KALAN,0.0,OpenAQ live network,2026-08-23 07:00:00,2026-08-25 07:00:00,48,73.0,69.53194
810,28.65641,76.953846,1,3.165,139,DICHAON KALAN,0.0,OpenAQ live network,2026-08-23 07:00:00,2026-08-25 07:00:00,48,65.2,60.5297
811,28.65641,76.969231,1,4.539,139,DICHAON KALAN,0.0,OpenAQ live network,2026-08-23 07:00:00,2026-08-25 07:00:00,48,69.2,66.62938
812,28.65641,76.984615,1,5.975,30,MUNDAKA,0.0,OpenAQ live network,2026-08-23 07:00:00,2026-08-25 07:00:00,48,37.1,33.182674
813,28.65641,77.0,1,6.146,30,MUNDAKA,0.0,OpenAQ live network,2026-08-23 07:00:00,2026-08-25 07:00:00,48,39.2,29.08256
814,28.65641,77.015385,1,5.522,122,HASTSAL,0.0,OpenAQ live network,2026-08-23 07:00:00,2026-08-25 07:00:00,48,39.2,29.08256
815,28.65641,77.030769,1,5.265,121,KUNWAR SINGH NAGAR,0.0,OpenAQ live network,2026-08-23 07:00:00,2026-08-25 07:00:00,48,39.2,29.08256
816,28.65641,77.046154,1,4.323,121,KUNWAR SINGH NAGAR,0.0,OpenAQ live network,2026-08-23 07:00:00,2026-08-25 07:00:00,48,84.2,80.68676
817,28.65641,77.061538,1,3.469,32,NILOTHI,0.0,OpenAQ live network,2026-08-23 07:00:00,2026-08-25 07:00:00,48,66.6,62.940357
818,28.65641,77.076923,1,3.143,44,QUAMMRUDDIN NAGAR,0.0,OpenAQ live network,2026-08-23 07:00:00,2026-08-25 07:00:00,48,66.6,62.940357
819,28.65641,77.092308,1,3.498,57,PASCHIM VIHAR SOUTH,0.0,OpenAQ live network,2026-08-23 07:00:00,2026-08-25 07:00:00,48,66.6,62.940357
820,28.65641,77.107692,1,3.004,108,KHYALA,0.0,OpenAQ live network,2026-08-23 07:00:00,2026-08-25 07:00:00,48,68.2,54.37843
821,28.65641,77.123077,1,2.109,101,RAJA GARDEN,0.0,OpenAQ live network,2026-08-23 07:00:00,2026-08-25 07:00:00,48,66.3,55.18371
822,28.65641,77.138462,0,1.023,97,KIRTI NAGAR,0.0,OpenAQ live network,2026-08-23 07:00:00,2026-08-25 07:00:00,48,78.5,77.54029
823,28.65641,77.153846,0,0.471,94,WEST PATEL NAGAR,0.0,OpenAQ live network,2026-08-23 07:00:00,2026-08-25 07:00:00,48,114.2,98.62748
824,28.65641,77.169231,1,1.048,95,EAST PATEL NAGAR,0.0,OpenAQ live network,2026-08-23 07:00:00,2026-08-25 07:00:00,48,74.8,91.55657
825,28.65641,77.184615,1,2.546,92,DEV NAGAR,0.0,OpenAQ live network,2026-08-23 07:00:00,2026-08-25 07:00:00,48,77.3,74.944435
826,28.65641,77.2,1,2.224,90,MODEL BASTI,0.0,OpenAQ live network,2026-08-23 07:00:00,2026-08-25 07:00:00,48,87.9,89.92074
827,28.65641,77.215385,1,1.157,85,IDGAH ROAD,0.0,OpenAQ live network,2026-08-23 07:00:00,2026-08-25 07:00:00,48,75.2,70.157196
828,28.65641,77.230769,0,0.347,80,CHANDNI CHOWK,0.0,OpenAQ live network,2026-08-23 07:00:00,2026-08-25 07:00:00,48,104.6,94.04385
829,28.65641,77.246154,1,1.847,80,CHANDNI CHOWK,0.0,OpenAQ live network,2026-08-23 07:00:00,2026-08-25 07:00:00,48,75.0,72.06269
830,28.65641,77.261538,1,3.256,234,GANDHI NAGAR,0.0,OpenAQ live network,2026-08-23 07:00:00,2026-08-25 07:00:00,48,65.5,85.36492
831,28.65641,77.276923,1,1.755,229,KRISHNA  NAGAR,0.0,OpenAQ live network,2026-08-23 07:00:00,2026-08-25 07:00:00,48,78.8,76.37344
832,28.65641,77.292308,0,0.259,226,VISHWASH NAGAR,0.0,OpenAQ live network,2026-08-23 07:00:00,2026-08-25 07:00:00,48,78.7,106.23372
833,28.65641,77.307692,1,1.249,225,ANAND VIHAR,0.0,OpenAQ live network,2026-08-23 07:00:00,2026-08-25 07:00:00,48,43.8,65.53737
834,28.65641,77.323077,0,1.207,225,ANAND VIHAR,329.43860165353874,OpenAQ live network,2026-08-23 07:00:00,2026-08-25 07:00:00,48,62.0,65.53737
835,28.65641,77.338462,1,1.885,225,ANAND VIHAR,2007.0576754849133,OpenAQ live network,2026-08-23 07:00:00,2026-08-25 07:00:00,48,78.0,87.48386
836,28.65641,77.353846,0,0.549,225,ANAND VIHAR,3691.084357988917,OpenAQ live network,2026-08-23 07:00:00,2026-08-25 07:00:00,48,102.9,73.420525
837,28.65641,77.369231,1,0.889,240,DILSHAD COLONY,5133.984228749139,OpenAQ live network,2026-08-23 07:00:00,2026-08-25 07:00:00,48,71.1,99.21267
838,28.65641,77.384615,0,0.677,216,GHAROLI,6435.589108556156,OpenAQ live network,2026-08-23 07:00:00,2026-08-25 07:00:00,48,78.1,72.764915
839,28.65641,77.4,1,2.153,216,GHAROLI,7822.748350528896,OpenAQ live network,2026-08-23 07:00:00,2026-08-25 07:00:00,48,80.0,77.191124
840,28.669231,76.8,1,12.235,140,KHERA,10812.021571542437,OpenAQ live network,2026-08-23 07:00:00,2026-08-25 07:00:00,48,96.0,91.00437
841,28.669231,76.815385,1,10.734,140,KHERA,9322.86456008643,OpenAQ live network,2026-08-23 07:00:00,2026-08-25 07:00:00,48,96.0,91.00437
842,28.669231,76.830769,1,9.233,140,KHERA,7916.810272106527,OpenAQ live network,2026-08-23 07:00:00,2026-08-25 07:00:00,48,96.0,91.00437
843,28.669231,76.846154,1,7.732,140,KHERA,6655.865263475631,OpenAQ live network,2026-08-23 07:00:00,2026-08-25 07:00:00,48,116.2,117.51596
844,28.669231,76.861538,1,6.231,140,KHERA,5591.349701256082,OpenAQ live network,2026-08-23 07:00:00,2026-08-25 07:00:00,48,37.1,33.182674
845,28.669231,76.876923,1,4.731,140,KHERA,4894.800258452998,OpenAQ live network,2026-08-23 07:00:00,2026-08-25 07:00:00,48,65.2,62.297024
846,28.669231,76.892308,1,3.23,139,DICHAON KALAN,4363.909589253472,OpenAQ live network,2026-08-23 07:00:00,2026-08-25 07:00:00,48,65.2,60.5297
847,28.669231,76.907692,1,1.73,139,DICHAON KALAN,2877.068855555289,OpenAQ live network,2026-08-23 07:00:00,2026-08-25 07:00:00,48,61.2,54.541603
848,28.669231,76.923077,0,0.246,139,DICHAON KALAN,1241.0204915229378,OpenAQ live network,2026-08-23 07:00:00,2026-08-25 07:00:00,48,104.2,114.15429
849,28.669231,76.938462,1,1.278,139,DICHAON KALAN,165.43170474104036,OpenAQ live network,2026-08-23 07:00:00,2026-08-25 07:00:00,48,41.6,42.307735
850,28.669231,76.953846,1,2.777,30,MUNDAKA,26.16926523623866,OpenAQ live network,2026-08-23 07:00:00,2026-08-25 07:00:00,48,76.8,76.02163
851,28.669231,76.969231,1,4.277,30,MUNDAKA,0.0,OpenAQ live network,2026-08-23 07:00:00,2026-08-25 07:00:00,48,78.7,78.34938
852,28.669231,76.984615,1,5.778,30,MUNDAKA,0.0,OpenAQ live network,2026-08-23 07:00:00,2026-08-25 07:00:00,48,37.1,33.182674
853,28.669231,77.0,1,7.279,30,MUNDAKA,0.0,OpenAQ live network,2026-08-23 07:00:00,2026-08-25 07:00:00,48,116.2,117.51596
854,28.669231,77.015385,1,6.212,30,MUNDAKA,0.0,OpenAQ live network,2026-08-23 07:00:00,2026-08-25 07:00:00,48,36.7,35.80479
855,28.669231,77.030769,1,4.787,30,MUNDAKA,0.0,OpenAQ live network,2026-08-23 07:00:00,2026-08-25 07:00:00,48,66.3,61.460514
856,28.669231,77.046154,1,3.429,32,NILOTHI,0.0,OpenAQ live network,2026-08-23 07:00:00,2026-08-25 07:00:00,48,66.6,62.940357
857,28.669231,77.061538,1,2.259,43,NANGLOI EAST,0.0,OpenAQ live network,2026-08-23 07:00:00,2026-08-25 07:00:00,48,90.8,97.75326
858,28.669231,77.076923,1,1.718,44,QUAMMRUDDIN NAGAR,0.0,OpenAQ live network,2026-08-23 07:00:00,2026-08-25 07:00:00,48,65.2,56.448475
859,28.669231,77.092308,1,2.304,41,GURU HARKISHAN NAGAR,0.0,OpenAQ live network,2026-08-23 07:00:00,2026-08-25 07:00:00,48,79.5,79.76733
860,28.669231,77.107692,1,2.338,57,PASCHIM VIHAR SOUTH,0.0,OpenAQ live network,2026-08-23 07:00:00,2026-08-25 07:00:00,48,77.6,65.90675
861,28.669231,77.123077,1,0.942,103,PUNJABI BAGH,0.0,OpenAQ live network,2026-08-23 07:00:00,2026-08-25 07:00:00,48,64.1,55.987583
862,28.669231,77.138462,0,0.902,99,MOTI NAGAR,0.0,OpenAQ live network,2026-08-23 07:00:00,2026-08-25 07:00:00,48,107.0,113.099686
863,28.669231,77.153846,1,1.395,99,MOTI NAGAR,0.0,OpenAQ live network,2026-08-23 07:00:00,2026-08-25 07:00:00,48,50.8,71.162476
864,28.669231,77.169231,1,1.68,74,INDER LOK COLONY,0.0,OpenAQ live network,2026-08-23 07:00:00,2026-08-25 07:00:00,48,78.2,66.36988
865,28.669231,77.184615,1,2.865,74,INDER LOK COLONY,0.0,OpenAQ live network,2026-08-23 07:00:00,2026-08-25 07:00:00,48,89.6,53.647106
866,28.669231,77.2,1,2.764,75,KISHAN GANJ,0.0,OpenAQ live network,2026-08-23 07:00:00,2026-08-25 07:00:00,48,65.4,57.398926
867,28.669231,77.215385,1,1.491,78,MAJNU KA TILA,0.0,OpenAQ live network,2026-08-23 07:00:00,2026-08-25 07:00:00,48,75.0,85.82766
868,28.669231,77.230769,1,1.143,77,KASHMERE GATE,0.0,OpenAQ live network,2026-08-23 07:00:00,2026-08-25 07:00:00,48,51.2,85.82766
869,28.669231,77.246154,1,2.213,,,0.0,OpenAQ live network,2026-08-23 07:00:00,2026-08-25 07:00:00,48,77.4,85.36492
870,28.669231,77.261538,1,3.575,233,DHARAMPURA,0.0,OpenAQ live network,2026-08-23 07:00:00,2026-08-25 07:00:00,48,67.1,77.560524
871,28.669231,77.276923,1,2.294,236,RAGHUBAR PURA,0.0,OpenAQ live network,2026-08-23 07:00:00,2026-08-25 07:00:00,48,74.4,72.89589
872,28.669231,77.292308,1,1.5,238,JHILMIL,0.0,OpenAQ live network,2026-08-23 07:00:00,2026-08-25 07:00:00,48,65.2,60.90357
873,28.669231,77.307692,0,0.815,238,JHILMIL,0.0,OpenAQ live network,2026-08-23 07:00:00,2026-08-25 07:00:00,48,92.8,82.803375
874,28.669231,77.323077,1,0.837,239,VIVEK VIHAR,0.0,OpenAQ live network,2026-08-23 07:00:00,2026-08-25 07:00:00,48,92.7,82.803375
875,28.669231,77.338462,1,2.084,240,DILSHAD COLONY,1480.3695011227198,OpenAQ live network,2026-08-23 07:00:00,2026-08-25 07:00:00,48,69.0,70.85821
876,28.669231,77.353846,1,1.044,240,DILSHAD COLONY,2791.7641100912915,OpenAQ live network,2026-08-23 07:00:00,2026-08-25 07:00:00,48,75.7,72.764915
877,28.669231,77.369231,1,1.481,240,DILSHAD COLONY,4315.271924379621,OpenAQ live network,2026-08-23 07:00:00,2026-08-25 07:00:00,48,49.1,72.764915
878,28.669231,77.384615,1,1.364,240,DILSHAD COLONY,5942.580546183546,OpenAQ live network,2026-08-23 07:00:00,2026-08-25 07:00:00,48,91.5,76.42673
879,28.669231,77.4,1,2.457,240,DILSHAD COLONY,7607.50894069519,OpenAQ live network,2026-08-23 07:00:00,2026-08-25 07:00:00,48,79.6,60.12409
880,28.682051,76.8,1,12.306,140,KHERA,11644.696505463116,OpenAQ live network,2026-08-23 07:00:00,2026-08-25 07:00:00,48,96.0,91.00437
881,28.682051,76.815385,1,10.815,140,KHERA,10270.896281502615,OpenAQ live network,2026-08-23 07:00:00,2026-08-25 07:00:00,48,96.0,91.00437
882,28.682051,76.830769,1,9.327,140,KHERA,9013.955386188693,OpenAQ live network,2026-08-23 07:00:00,2026-08-25 07:00:00,48,96.0,91.00437
883,28.682051,76.846154,1,7.844,140,KHERA,7902.645890344887,OpenAQ live network,2026-08-23 07:00:00,2026-08-25 07:00:00,48,116.2,117.51596
884,28.682051,76.861538,1,6.37,140,KHERA,7020.142042939084,OpenAQ live network,2026-08-23 07:00:00,2026-08-25 07:00:00,48,37.1,33.182674
885,28.682051,76.876923,1,4.912,140,KHERA,6479.064160158934,OpenAQ live network,2026-08-23 07:00:00,2026-08-25 07:00:00,48,85.8,89.20842
886,28.682051,76.892308,1,3.491,139,DICHAON KALAN,5032.684422875884,OpenAQ live network,2026-08-23 07:00:00,2026-08-25 07:00:00,48,65.2,60.5297
887,28.682051,76.907692,1,2.18,139,DICHAON KALAN,3552.834961522452,OpenAQ live network,2026-08-23 07:00:00,2026-08-25 07:00:00,48,88.4,88.855354
888,28.682051,76.923077,1,1.348,139,DICHAON KALAN,2281.432053268099,OpenAQ live network,2026-08-23 07:00:00,2026-08-25 07:00:00,48,41.6,42.307735
889,28.682051,76.938462,1,1.841,139,DICHAON KALAN,1768.415241112067,OpenAQ live network,2026-08-23 07:00:00,2026-08-25 07:00:00,48,73.0,69.53194
890,28.682051,76.953846,1,3.077,30,MUNDAKA,345.16216411534657,OpenAQ live network,2026-08-23 07:00:00,2026-08-25 07:00:00,48,70.9,62.60476
891,28.682051,76.969231,1,4.478,30,MUNDAKA,0.0,OpenAQ live network,2026-08-23 07:00:00,2026-08-25 07:00:00,48,69.2,66.62938
892,28.682051,76.984615,1,5.928,30,MUNDAKA,0.0,OpenAQ live network,2026-08-23 07:00:00,2026-08-25 07:00:00,48,37.1,33.182674
893,28.682051,77.0,1,7.398,30,MUNDAKA,0.0,OpenAQ live network,2026-08-23 07:00:00,2026-08-25 07:00:00,48,116.2,117.51596
894,28.682051,77.015385,1,5.976,30,MUNDAKA,0.0,OpenAQ live network,2026-08-23 07:00:00,2026-08-25 07:00:00,48,36.7,35.80479
895,28.682051,77.030769,1,4.478,30,MUNDAKA,0.0,OpenAQ live network,2026-08-23 07:00:00,2026-08-25 07:00:00,48,72.3,67.46303
896,28.682051,77.046154,1,2.982,31,NANGLOI JAT WEST,0.0,OpenAQ live network,2026-08-23 07:00:00,2026-08-25 07:00:00,48,67.7,68.46829
897,28.682051,77.061538,1,1.496,32,NILOTHI,0.0,OpenAQ live network,2026-08-23 07:00:00,2026-08-25 07:00:00,48,46.5,41.49652
898,28.682051,77.076923,0,0.294,42,PERAGHARHI,0.0,OpenAQ live network,2026-08-23 07:00:00,2026-08-25 07:00:00,48,100.4,104.669044
899,28.682051,77.092308,1,1.562,42,PERAGHARHI,0.0,OpenAQ live network,2026-08-23 07:00:00,2026-08-25 07:00:00,48,46.5,41.49652
900,28.682051,77.107692,1,2.444,58,PASCHIM VIHAR NORTH,0.0,OpenAQ live network,2026-08-23 07:00:00,2026-08-25 07:00:00,48,82.9,73.340164
901,28.682051,77.123077,1,1.18,59,RANI BAGH,0.0,OpenAQ live network,2026-08-23 07:00:00,2026-08-25 07:00:00,48,75.6,66.929565
902,28.682051,77.138462,1,1.149,62,RAMPURA,0.0,OpenAQ live network,2026-08-23 07:00:00,2026-08-25 07:00:00,48,74.1,66.929565
903,28.682051,77.153846,1,2.275,62,RAMPURA,0.0,OpenAQ live network,2026-08-23 07:00:00,2026-08-25 07:00:00,48,76.9,75.519424
904,28.682051,77.169231,1,1.915,65,NIMRI COLONY,0.0,OpenAQ live network,2026-08-23 07:00:00,2026-08-25 07:00:00,48,72.9,63.801224
905,28.682051,77.184615,1,1.51,66,SAWAN PARK,0.0,OpenAQ live network,2026-08-23 07:00:00,2026-08-25 07:00:00,48,44.0,40.49728
906,28.682051,77.2,1,2.323,69,KAMLA NAGAR,0.0,OpenAQ live network,2026-08-23 07:00:00,2026-08-25 07:00:00,48,74.9,64.90002
907,28.682051,77.215385,1,1.119,10,TIMAR PUR,0.0,OpenAQ live network,2026-08-23 07:00:00,2026-08-25 07:00:00,48,65.9,58.258022
908,28.682051,77.230769,0,0.581,,,0.0,OpenAQ live network,2026-08-23 07:00:00,2026-08-25 07:00:00,48,79.0,69.90268
909,28.682051,77.246154,1,1.982,,,0.0,OpenAQ live network,2026-08-23 07:00:00,2026-08-25 07:00:00,48,62.9,52.948975
910,28.682051,77.261538,1,3.376,251,NEW USMANPUR,0.0,OpenAQ live network,2026-08-23 07:00:00,2026-08-25 07:00:00,48,62.5,52.948975
911,28.682051,77.276923,1,2.499,259,JANTA COLONY,0.0,OpenAQ live network,2026-08-23 07:00:00,2026-08-25 07:00:00,48,74.3,72.89589
912,28.682051,77.292308,0,1.001,260,BABAR PUR,0.0,OpenAQ live network,2026-08-23 07:00:00,2026-08-25 07:00:00,48,78.3,75.149124
913,28.682051,77.307692,0,0.263,241,DILSHAD GARDEN,0.0,OpenAQ live network,2026-08-23 07:00:00,2026-08-25 07:00:00,48,109.2,106.94137
914,28.682051,77.323077,1,1.322,240,DILSHAD COLONY,0.0,OpenAQ live network,2026-08-23 07:00:00,2026-08-25 07:00:00,48,42.2,35.604836
915,28.682051,77.338462,1,2.508,240,DILSHAD COLONY,594.4140060980412,OpenAQ live network,2026-08-23 07:00:00,2026-08-25 07:00:00,48,76.6,73.79808
916,28.682051,77.353846,1,2.438,240,DILSHAD COLONY,2305.3152838502906,OpenAQ live network,2026-08-23 07:00:00,2026-08-25 07:00:00,48,81.7,78.63717
917,28.682051,77.369231,1,2.683,240,DILSHAD COLONY,4017.723670550144,OpenAQ live network,2026-08-23 07:00:00,2026-08-25 07:00:00,48,75.3,77.191124
918,28.682051,77.384615,1,2.707,240,DILSHAD COLONY,5730.165378018251,OpenAQ live network,2026-08-23 07:00:00,2026-08-25 07:00:00,48,66.7,60.12409
919,28.682051,77.4,1,3.391,240,DILSHAD COLONY,7442.763196173661,OpenAQ live network,2026-08-23 07:00:00,2026-08-25 07:00:00,48,63.1,36.519646
920,28.694872,76.8,1,12.539,140,KHERA,12628.205181322935,OpenAQ live network,2026-08-23 07:00:00,2026-08-25 07:00:00,48,96.0,91.00437
921,28.694872,76.815385,1,11.08,140,KHERA,11373.82608547497,OpenAQ live network,2026-08-23 07:00:00,2026-08-25 07:00:00,48,96.0,91.00437
922,28.694872,76.830769,1,9.634,140,KHERA,10237.403561269024,OpenAQ live network,2026-08-23 07:00:00,2026-08-25 07:00:00,48,96.0,91.00437
923,28.694872,76.846154,1,8.207,140,KHERA,9261.10176840738,OpenAQ live network,2026-08-23 07:00:00,2026-08-25 07:00:00,48,115.5,117.51596
924,28.694872,76.861538,1,6.812,140,KHERA,8520.480514598592,OpenAQ live network,2026-08-23 07:00:00,2026-08-25 07:00:00,48,111.0,115.203285
925,28.694872,76.876923,1,5.473,139,DICHAON KALAN,7312.478084940057,OpenAQ live network,2026-08-23 07:00:00,2026-08-25 07:00:00,48,37.1,33.182674
926,28.694872,76.892308,1,4.244,139,DICHAON KALAN,5887.228214000969,OpenAQ live network,2026-08-23 07:00:00,2026-08-25 07:00:00,48,78.7,78.34938
927,28.694872,76.907692,1,3.251,139,DICHAON KALAN,4621.245671792117,OpenAQ live network,2026-08-23 07:00:00,2026-08-25 07:00:00,48,65.2,60.5297
928,28.694872,76.923077,1,2.764,30,MUNDAKA,3594.69353528828,OpenAQ live network,2026-08-23 07:00:00,2026-08-25 07:00:00,48,76.8,76.02163
929,28.694872,76.938462,1,3.035,30,MUNDAKA,2393.8745440954312,OpenAQ live network,2026-08-23 07:00:00,2026-08-25 07:00:00,48,70.9,62.60476
930,28.694872,76.953846,1,3.91,30,MUNDAKA,1059.286205671534,OpenAQ live network,2026-08-23 07:00:00,2026-08-25 07:00:00,48,78.8,77.584984
931,28.694872,76.969231,1,5.086,30,MUNDAKA,0.0,OpenAQ live network,2026-08-23 07:00:00,2026-08-25 07:00:00,48,37.1,33.182674
932,28.694872,76.984615,1,6.4,30,MUNDAKA,0.0,OpenAQ live network,2026-08-23 07:00:00,2026-08-25 07:00:00,48,37.1,33.182674
933,28.694872,77.0,1,7.555,30,MUNDAKA,0.0,OpenAQ live network,2026-08-23 07:00:00,2026-08-25 07:00:00,48,115.9,115.72927
934,28.694872,77.015385,1,6.075,30,MUNDAKA,0.0,OpenAQ live network,2026-08-23 07:00:00,2026-08-25 07:00:00,48,36.7,35.80479
935,28.694872,77.030769,1,4.61,30,MUNDAKA,0.0,OpenAQ live network,2026-08-23 07:00:00,2026-08-25 07:00:00,48,66.3,61.460514
936,28.694872,77.046154,1,3.176,36,PRATAP VIHAR,0.0,OpenAQ live network,2026-08-23 07:00:00,2026-08-25 07:00:00,48,66.6,62.940357
937,28.694872,77.061538,1,1.854,35,KIRARI SULEMAN NAGAR,0.0,OpenAQ live network,2026-08-23 07:00:00,2026-08-25 07:00:00,48,79.4,73.780136
938,28.694872,77.076923,1,1.134,37,SULTANPURI  EAST,0.0,OpenAQ live network,2026-08-23 07:00:00,2026-08-25 07:00:00,48,70.7,63.530567
939,28.694872,77.092308,1,1.908,46,MANGOLPURI  EAST,0.0,OpenAQ live network,2026-08-23 07:00:00,2026-08-25 07:00:00,48,79.4,73.780136
940,28.694872,77.107692,1,3.24,60,SARASWATI VIHAR,0.0,OpenAQ live network,2026-08-23 07:00:00,2026-08-25 07:00:00,48,66.6,62.940357
941,28.694872,77.123077,1,2.442,60,SARASWATI VIHAR,0.0,OpenAQ live network,2026-08-23 07:00:00,2026-08-25 07:00:00,48,84.0,73.340164
942,28.694872,77.138462,1,2.427,63,KOHAT ENCLAVE,0.0,OpenAQ live network,2026-08-23 07:00:00,2026-08-25 07:00:00,48,83.5,73.340164
943,28.694872,77.153846,1,1.257,53,PITAMPURA SOUTH,0.0,OpenAQ live network,2026-08-23 07:00:00,2026-08-25 07:00:00,48,61.8,58.738735
944,28.694872,77.169231,0,0.66,68,ASHOK VIHAR,0.0,OpenAQ live network,2026-08-23 07:00:00,2026-08-25 07:00:00,48,111.5,116.74283
945,28.694872,77.184615,0,0.293,71,SANGAM PARK,0.0,OpenAQ live network,2026-08-23 07:00:00,2026-08-25 07:00:00,48,108.6,105.502945
946,28.694872,77.2,1,1.789,72,MODEL TOWN,0.0,OpenAQ live network,2026-08-23 07:00:00,2026-08-25 07:00:00,48,72.9,63.801224
947,28.694872,77.215385,1,2.085,10,TIMAR PUR,0.0,OpenAQ live network,2026-08-23 07:00:00,2026-08-25 07:00:00,48,65.7,57.398926
948,28.694872,77.230769,1,1.853,,,0.0,OpenAQ live network,2026-08-23 07:00:00,2026-08-25 07:00:00,48,73.5,75.47103
949,28.694872,77.246154,1,1.769,,,0.0,OpenAQ live network,2026-08-23 07:00:00,2026-08-25 07:00:00,48,73.7,62.82482
950,28.694872,77.261538,1,2.099,253,BHAJANPURA,0.0,OpenAQ live network,2026-08-23 07:00:00,2026-08-25 07:00:00,48,62.2,55.079365
951,28.694872,77.276923,1,2.925,258,KARDAM PURI,0.0,OpenAQ live network,2026-08-23 07:00:00,2026-08-25 07:00:00,48,64.7,61.861763
952,28.694872,77.292308,1,1.82,246,ASHOK NAGAR,0.0,OpenAQ live network,2026-08-23 07:00:00,2026-08-25 07:00:00,48,72.4,67.04756
953,28.694872,77.307692,1,1.444,244,SUNDER NAGARI,0.0,OpenAQ live network,2026-08-23 07:00:00,2026-08-25 07:00:00,48,64.6,58.142033
954,28.694872,77.323077,1,2.264,244,SUNDER NAGARI,0.0,OpenAQ live network,2026-08-23 07:00:00,2026-08-25 07:00:00,48,74.4,72.89589
955,28.694872,77.338462,1,3.376,242,NEW SEEMA PURI,1110.4744082810244,OpenAQ live network,2026-08-23 07:00:00,2026-08-25 07:00:00,48,66.7,64.05234
956,28.694872,77.353846,1,3.855,242,NEW SEEMA PURI,2705.7632089077856,OpenAQ live network,2026-08-23 07:00:00,2026-08-25 07:00:00,48,79.2,64.74052
957,28.694872,77.369231,1,4.014,242,NEW SEEMA PURI,4323.943031165239,OpenAQ live network,2026-08-23 07:00:00,2026-08-25 07:00:00,48,77.3,36.519646
958,28.694872,77.384615,1,4.106,240,DILSHAD COLONY,5970.612147379304,OpenAQ live network,2026-08-23 07:00:00,2026-08-25 07:00:00,48,63.1,36.519646
959,28.694872,77.4,1,4.586,240,DILSHAD COLONY,7629.425807314167,OpenAQ live network,2026-08-23 07:00:00,2026-08-25 07:00:00,48,37.1,37.726448
960,28.707692,76.8,1,12.927,140,KHERA,13734.609583466205,OpenAQ live network,2026-08-23 07:00:00,2026-08-25 07:00:00,48,96.0,91.00437
961,28.707692,76.815385,1,11.517,140,KHERA,12582.4037734987,OpenAQ live network,2026-08-23 07:00:00,2026-08-25 07:00:00,48,96.0,91.00437
962,28.707692,76.830769,1,10.133,140,KHERA,11550.58118602743,OpenAQ live network,2026-08-23 07:00:00,2026-08-25 07:00:00,48,96.0,91.00437
963,28.707692,76.846154,1,8.788,140,KHERA,10694.835203196237,OpenAQ live network,2026-08-23 07:00:00,2026-08-25 07:00:00,48,96.1,91.00437
964,28.707692,76.861538,1,7.502,139,DICHAON KALAN,9632.101869780969,OpenAQ live network,2026-08-23 07:00:00,2026-08-25 07:00:00,48,116.2,117.51596
965,28.707692,76.876923,1,6.311,30,MUNDAKA,7955.611167724224,OpenAQ live network,2026-08-23 07:00:00,2026-08-25 07:00:00,48,37.1,33.182674
966,28.707692,76.892308,1,5.281,30,MUNDAKA,6249.961489882172,OpenAQ live network,2026-08-23 07:00:00,2026-08-25 07:00:00,48,37.1,33.182674
967,28.707692,76.907692,1,4.523,30,MUNDAKA,4549.685011152735,OpenAQ live network,2026-08-23 07:00:00,2026-08-25 07:00:00,48,69.2,66.62938
968,28.707692,76.923077,1,4.186,30,MUNDAKA,2863.949558493384,OpenAQ live network,2026-08-23 07:00:00,2026-08-25 07:00:00,48,78.7,78.34938
969,28.707692,76.938462,1,4.37,30,MUNDAKA,1253.4444534223796,OpenAQ live network,2026-08-23 07:00:00,2026-08-25 07:00:00,48,69.2,66.62938
970,28.707692,76.953846,1,5.017,30,MUNDAKA,77.37925468195694,OpenAQ live network,2026-08-23 07:00:00,2026-08-25 07:00:00,48,53.1,49.087868
971,28.707692,76.969231,1,5.979,30,MUNDAKA,0.0,OpenAQ live network,2026-08-23 07:00:00,2026-08-25 07:00:00,48,37.1,33.182674
972,28.707692,76.984615,1,7.13,30,MUNDAKA,0.0,OpenAQ live network,2026-08-23 07:00:00,2026-08-25 07:00:00,48,116.3,117.51596
973,28.707692,77.0,1,7.895,30,MUNDAKA,0.0,OpenAQ live network,2026-08-23 07:00:00,2026-08-25 07:00:00,48,115.9,115.72927
974,28.707692,77.015385,1,6.494,30,MUNDAKA,0.0,OpenAQ live network,2026-08-23 07:00:00,2026-08-25 07:00:00,48,36.7,35.80479
975,28.707692,77.030769,1,5.149,34,NITHARI,0.0,OpenAQ live network,2026-08-23 07:00:00,2026-08-25 07:00:00,48,36.7,35.80479
976,28.707692,77.046154,1,3.918,34,NITHARI,0.0,OpenAQ live network,2026-08-23 07:00:00,2026-08-25 07:00:00,48,83.9,80.66692
977,28.707692,77.061538,1,2.949,25,POOTH KALAN,0.0,OpenAQ live network,2026-08-23 07:00:00,2026-08-25 07:00:00,48,67.7,68.46829
978,28.707692,77.076923,1,2.559,25,POOTH KALAN,0.0,OpenAQ live network,2026-08-23 07:00:00,2026-08-25 07:00:00,48,78.4,85.01045
979,28.707692,77.092308,1,2.984,24,VIJAY VIHAR,0.0,OpenAQ live network,2026-08-23 07:00:00,2026-08-25 07:00:00,48,67.7,68.46829
980,28.707692,77.107692,1,3.008,45,ROHINI SOUTH,0.0,OpenAQ live network,2026-08-23 07:00:00,2026-08-25 07:00:00,48,59.8,51.464172
981,28.707692,77.123077,1,2.779,51,ROHINI EAST,0.0,OpenAQ live network,2026-08-23 07:00:00,2026-08-25 07:00:00,48,70.8,63.92981
982,28.707692,77.138462,1,2.775,54,PITAMPUR NORTH,0.0,OpenAQ live network,2026-08-23 07:00:00,2026-08-25 07:00:00,48,78.3,75.80667
983,28.707692,77.153846,1,1.433,56,SHALIMAR BAGH SOUTH,0.0,OpenAQ live network,2026-08-23 07:00:00,2026-08-25 07:00:00,48,44.0,42.166748
984,28.707692,77.169231,1,0.952,56,SHALIMAR BAGH SOUTH,0.0,OpenAQ live network,2026-08-23 07:00:00,2026-08-25 07:00:00,48,65.3,59.290882
985,28.707692,77.184615,1,1.399,72,MODEL TOWN,0.0,OpenAQ live network,2026-08-23 07:00:00,2026-08-25 07:00:00,48,40.0,38.073967
986,28.707692,77.2,1,2.0,13,DHIR PUR,0.0,OpenAQ live network,2026-08-23 07:00:00,2026-08-25 07:00:00,48,84.0,75.86005
987,28.707692,77.215385,1,2.432,11,MUKHERJEE NAGAR,0.0,OpenAQ live network,2026-08-23 07:00:00,2026-08-25 07:00:00,48,86.0,52.948975
988,28.707692,77.230769,1,1.852,,,0.0,OpenAQ live network,2026-08-23 07:00:00,2026-08-25 07:00:00,48,73.7,62.82482
989,28.707692,77.246154,0,0.451,272,SONIA VIHAR,0.0,OpenAQ live network,2026-08-23 07:00:00,2026-08-25 07:00:00,48,95.0,92.75553
990,28.707692,77.261538,1,1.216,269,KHAJOORI KHAS,0.0,OpenAQ live network,2026-08-23 07:00:00,2026-08-25 07:00:00,48,69.8,67.72027
991,28.707692,77.276923,1,2.694,261,JIWANPUR,0.0,OpenAQ live network,2026-08-23 07:00:00,2026-08-25 07:00:00,48,73.5,75.47103
992,28.707692,77.292308,1,3.103,262,GOKALPUR,186.1729297014976,OpenAQ live network,2026-08-23 07:00:00,2026-08-25 07:00:00,48,67.9,65.84752
993,28.707692,77.307692,1,2.858,263,SABOLI,0.0,OpenAQ live network,2026-08-23 07:00:00,2026-08-25 07:00:00,48,65.1,61.861763
994,28.707692,77.323077,1,3.348,264,HARSH VIHAR,0.0,OpenAQ live network,2026-08-23 07:00:00,2026-08-25 07:00:00,48,65.2,62.286404
995,28.707692,77.338462,1,4.33,264,HARSH VIHAR,1077.334274199197,OpenAQ live network,2026-08-23 07:00:00,2026-08-25 07:00:00,48,72.7,64.74052
996,28.707692,77.353846,1,5.276,264,HARSH VIHAR,2650.664099556091,OpenAQ live network,2026-08-23 07:00:00,2026-08-25 07:00:00,48,35.1,37.363728
997,28.707692,77.369231,1,5.394,264,HARSH VIHAR,4331.041948920209,OpenAQ live network,2026-08-23 07:00:00,2026-08-25 07:00:00,48,35.4,37.82584
998,28.707692,77.384615,1,5.518,264,HARSH VIHAR,6029.497210618033,OpenAQ live network,2026-08-23 07:00:00,2026-08-25 07:00:00,48,48.5,112.075035
999,28.707692,77.4,1,5.885,264,HARSH VIHAR,7734.277251780907,OpenAQ live network,2026-08-23 07:00:00,2026-08-25 07:00:00,48,48.6,112.075035
1000,28.720513,76.8,1,13.455,140,KHERA,14933.145028275543,OpenAQ live network,2026-08-23 07:00:00,2026-08-25 07:00:00,48,96.0,91.00437
1001,28.720513,76.815385,1,12.107,140,KHERA,13864.70666563318,OpenAQ live network,2026-08-23 07:00:00,2026-08-25 07:00:00,48,96.0,91.00437
1002,28.720513,76.830769,1,10.799,140,KHERA,12935.5762121256,OpenAQ live network,2026-08-23 07:00:00,2026-08-25 07:00:00,48,96.0,91.00437
1003,28.720513,76.846154,1,9.548,30,MUNDAKA,11398.382429162932,OpenAQ live network,2026-08-23 07:00:00,2026-08-25 07:00:00,48,96.0,91.00437
1004,28.720513,76.861538,1,8.38,30,MUNDAKA,9693.463499148496,OpenAQ live network,2026-08-23 07:00:00,2026-08-25 07:00:00,48,115.4,117.51596
1005,28.720513,76.876923,1,7.334,30,MUNDAKA,7991.69328934504,OpenAQ live network,2026-08-23 07:00:00,2026-08-25 07:00:00,48,116.2,117.51596
1006,28.720513,76.892308,1,6.469,30,MUNDAKA,6295.826490934635,OpenAQ live network,2026-08-23 07:00:00,2026-08-25 07:00:00,48,37.1,33.182674
1007,28.720513,76.907692,1,5.866,30,MUNDAKA,4612.488079079663,OpenAQ live network,2026-08-23 07:00:00,2026-08-25 07:00:00,48,37.1,33.182674
1008,28.720513,76.923077,1,5.61,30,MUNDAKA,2962.704786599332,OpenAQ live network,2026-08-23 07:00:00,2026-08-25 07:00:00,48,37.1,33.182674
1009,28.720513,76.938462,1,5.749,30,MUNDAKA,1412.2801299499658,OpenAQ live network,2026-08-23 07:00:00,2026-08-25 07:00:00,48,37.1,33.182674
1010,28.720513,76.953846,1,6.255,30,MUNDAKA,0.0,OpenAQ live network,2026-08-23 07:00:00,2026-08-25 07:00:00,48,37.1,33.182674
1011,28.720513,76.969231,1,7.05,30,MUNDAKA,0.0,OpenAQ live network,2026-08-23 07:00:00,2026-08-25 07:00:00,48,116.3,117.51596
1012,28.720513,76.984615,1,8.049,29,KARALA,0.0,OpenAQ live network,2026-08-23 07:00:00,2026-08-25 07:00:00,48,115.5,117.51596
1013,28.720513,77.0,1,7.946,29,KARALA,0.0,OpenAQ live network,2026-08-23 07:00:00,2026-08-25 07:00:00,48,102.8,106.50771
1014,28.720513,77.015385,1,7.103,30,MUNDAKA,0.0,OpenAQ live network,2026-08-23 07:00:00,2026-08-25 07:00:00,48,112.2,106.50771
1015,28.720513,77.030769,1,5.986,34,NITHARI,0.0,OpenAQ live network,2026-08-23 07:00:00,2026-08-25 07:00:00,48,36.7,35.80479
1016,28.720513,77.046154,1,4.968,29,KARALA,0.0,OpenAQ live network,2026-08-23 07:00:00,2026-08-25 07:00:00,48,90.3,84.490944
1017,28.720513,77.061538,1,4.246,25,POOTH KALAN,0.0,OpenAQ live network,2026-08-23 07:00:00,2026-08-25 07:00:00,48,84.2,80.68676
1018,28.720513,77.076923,1,3.985,25,POOTH KALAN,0.0,OpenAQ live network,2026-08-23 07:00:00,2026-08-25 07:00:00,48,84.2,80.68676
1019,28.720513,77.092308,1,3.006,23,BUDH VIHAR,0.0,OpenAQ live network,2026-08-23 07:00:00,2026-08-25 07:00:00,48,59.8,51.464172
1020,28.720513,77.107692,1,1.791,21,ROHINI,0.0,OpenAQ live network,2026-08-23 07:00:00,2026-08-25 07:00:00,48,71.7,60.843887
1021,28.720513,77.123077,1,1.371,50,ROHINI CENTRAL,0.0,OpenAQ live network,2026-08-23 07:00:00,2026-08-25 07:00:00,48,37.2,28.787045
1022,28.720513,77.138462,1,2.248,49,ROHINI NORTH,0.0,OpenAQ live network,2026-08-23 07:00:00,2026-08-25 07:00:00,48,80.5,73.97008
1023,28.720513,77.153846,1,2.134,55,SHALIMAR BAGH NORTH,0.0,OpenAQ live network,2026-08-23 07:00:00,2026-08-25 07:00:00,48,85.4,80.426674
1024,28.720513,77.169231,1,1.375,15,SARAI PIPAL THALA,0.0,OpenAQ live network,2026-08-23 07:00:00,2026-08-25 07:00:00,48,38.3,33.071968
1025,28.720513,77.184615,1,1.711,13,DHIR PUR,0.0,OpenAQ live network,2026-08-23 07:00:00,2026-08-25 07:00:00,48,66.7,69.17781
1026,28.720513,77.2,0,0.582,13,DHIR PUR,0.0,OpenAQ live network,2026-08-23 07:00:00,2026-08-25 07:00:00,48,108.5,52.08809
1027,28.720513,77.215385,1,1.5,13,DHIR PUR,0.0,OpenAQ live network,2026-08-23 07:00:00,2026-08-25 07:00:00,48,51.2,52.948975
1028,28.720513,77.230769,1,2.138,8,JHARODA,0.0,OpenAQ live network,2026-08-23 07:00:00,2026-08-25 07:00:00,48,84.9,89.64146
1029,28.720513,77.246154,1,1.159,272,SONIA VIHAR,0.0,OpenAQ live network,2026-08-23 07:00:00,2026-08-25 07:00:00,48,69.8,67.72027
1030,28.720513,77.261538,1,1.618,271,KARAWAL NAGAR WEST,0.0,OpenAQ live network,2026-08-23 07:00:00,2026-08-25 07:00:00,48,61.7,53.228527
1031,28.720513,77.276923,1,2.097,266,KARAWAL NAGAR EAST,0.0,OpenAQ live network,2026-08-23 07:00:00,2026-08-25 07:00:00,48,63.8,58.40579
1032,28.720513,77.292308,1,2.757,261,JIWANPUR,216.12684956914785,OpenAQ live network,2026-08-23 07:00:00,2026-08-25 07:00:00,48,75.3,72.76173
1033,28.720513,77.307692,1,3.912,263,SABOLI,834.9921603854574,OpenAQ live network,2026-08-23 07:00:00,2026-08-25 07:00:00,48,80.8,74.21719
1034,28.720513,77.323077,1,4.621,264,HARSH VIHAR,865.5736601160812,OpenAQ live network,2026-08-23 07:00:00,2026-08-25 07:00:00,48,64.6,60.056774
1035,28.720513,77.338462,1,5.375,264,HARSH VIHAR,1296.4304431574146,OpenAQ live network,2026-08-23 07:00:00,2026-08-25 07:00:00,48,34.1,38.564335
1036,28.720513,77.353846,1,6.399,264,HARSH VIHAR,2747.0170957343025,OpenAQ live network,2026-08-23 07:00:00,2026-08-25 07:00:00,48,36.4,37.363728
1037,28.720513,77.369231,1,6.793,264,HARSH VIHAR,4390.672741037252,OpenAQ live network,2026-08-23 07:00:00,2026-08-25 07:00:00,48,51.4,110.19349
1038,28.720513,77.384615,1,6.936,264,HARSH VIHAR,6072.47226164366,OpenAQ live network,2026-08-23 07:00:00,2026-08-25 07:00:00,48,102.6,92.43843
1039,28.720513,77.4,1,7.231,264,HARSH VIHAR,7767.826424618192,OpenAQ live network,2026-08-23 07:00:00,2026-08-25 07:00:00,48,101.6,95.382195
1040,28.733333,76.8,1,14.108,140,KHERA,16192.911988681186,OpenAQ live network,2026-08-23 07:00:00,2026-08-25 07:00:00,48,96.1,91.00437
1041,28.733333,76.815385,1,12.829,29,KARALA,14599.224189137982,OpenAQ live network,2026-08-23 07:00:00,2026-08-25 07:00:00,48,96.0,91.00437
1042,28.733333,76.830769,1,11.603,29,KARALA,12917.713649851528,OpenAQ live network,2026-08-23 07:00:00,2026-08-25 07:00:00,48,96.0,91.00437
1043,28.733333,76.846154,1,10.449,29,KARALA,11245.463493456597,OpenAQ live network,2026-08-23 07:00:00,2026-08-25 07:00:00,48,96.0,91.00437
1044,28.733333,76.861538,1,9.393,29,KARALA,9587.594558422365,OpenAQ live network,2026-08-23 07:00:00,2026-08-25 07:00:00,48,96.0,91.00437
1045,28.733333,76.876923,1,8.473,29,KARALA,7952.823175430965,OpenAQ live network,2026-08-23 07:00:00,2026-08-25 07:00:00,48,97.4,92.98182
1046,28.733333,76.892308,1,7.737,29,KARALA,6359.17966832244,OpenAQ live network,2026-08-23 07:00:00,2026-08-25 07:00:00,48,116.2,117.51596
1047,28.733333,76.907692,1,7.24,29,KARALA,4847.493038247128,OpenAQ live network,2026-08-23 07:00:00,2026-08-25 07:00:00,48,116.3,117.51596
1048,28.733333,76.923077,1,7.035,29,KARALA,3524.5229677339858,OpenAQ live network,2026-08-23 07:00:00,2026-08-25 07:00:00,48,116.3,117.51596
1049,28.733333,76.938462,1,7.146,29,KARALA,2048.6925258132374,OpenAQ live network,2026-08-23 07:00:00,2026-08-25 07:00:00,48,116.3,117.51596
1050,28.733333,76.953846,1,7.559,29,KARALA,559.3982287054498,OpenAQ live network,2026-08-23 07:00:00,2026-08-25 07:00:00,48,116.2,117.51596
1051,28.733333,76.969231,1,8.229,29,KARALA,0.0,OpenAQ live network,2026-08-23 07:00:00,2026-08-25 07:00:00,48,115.5,117.51596
1052,28.733333,76.984615,1,8.043,29,KARALA,0.0,OpenAQ live network,2026-08-23 07:00:00,2026-08-25 07:00:00,48,101.7,106.50771
1053,28.733333,77.0,1,6.893,29,KARALA,0.0,OpenAQ live network,2026-08-23 07:00:00,2026-08-25 07:00:00,48,102.7,106.50771
1054,28.733333,77.015385,1,5.901,29,KARALA,0.0,OpenAQ live network,2026-08-23 07:00:00,2026-08-25 07:00:00,48,79.8,21.425121
1055,28.733333,77.030769,1,5.161,29,KARALA,0.0,OpenAQ live network,2026-08-23 07:00:00,2026-08-25 07:00:00,48,79.8,21.425121
1056,28.733333,77.046154,1,4.791,29,KARALA,0.0,OpenAQ live network,2026-08-23 07:00:00,2026-08-25 07:00:00,48,48.3,60.89892
1057,28.733333,77.061538,1,4.875,27,BEGUMPUR,0.0,OpenAQ live network,2026-08-23 07:00:00,2026-08-25 07:00:00,48,48.3,60.89892
1058,28.733333,77.076923,1,3.829,26,SAHIBABAD DAULAT PUR,0.0,OpenAQ live network,2026-08-23 07:00:00,2026-08-25 07:00:00,48,79.2,75.622856
1059,28.733333,77.092308,1,2.621,25,POOTH KALAN,0.0,OpenAQ live network,2026-08-23 07:00:00,2026-08-25 07:00:00,48,76.4,70.921486
1060,28.733333,77.107692,1,1.196,21,ROHINI,0.0,OpenAQ live network,2026-08-23 07:00:00,2026-08-25 07:00:00,48,71.7,70.43138
1061,28.733333,77.123077,0,0.321,21,ROHINI,0.0,OpenAQ live network,2026-08-23 07:00:00,2026-08-25 07:00:00,48,110.8,106.760284
1062,28.733333,77.138462,1,1.81,17,SAMAYPUR BADLI,0.0,OpenAQ live network,2026-08-23 07:00:00,2026-08-25 07:00:00,48,71.7,60.843887
1063,28.733333,77.153846,1,1.638,15,SARAI PIPAL THALA,0.0,OpenAQ live network,2026-08-23 07:00:00,2026-08-25 07:00:00,48,63.8,56.181664
1064,28.733333,77.169231,0,0.148,5,BHALASWA JAHAGIR PUR,0.0,OpenAQ live network,2026-08-23 07:00:00,2026-08-25 07:00:00,48,102.4,99.0449
1065,28.733333,77.184615,1,1.364,6,MUKUND PUR,0.0,OpenAQ live network,2026-08-23 07:00:00,2026-08-25 07:00:00,48,38.3,33.071968
1066,28.733333,77.2,1,0.862,8,JHARODA,0.0,OpenAQ live network,2026-08-23 07:00:00,2026-08-25 07:00:00,48,106.7,104.33338
1067,28.733333,77.215385,1,1.629,8,JHARODA,0.0,OpenAQ live network,2026-08-23 07:00:00,2026-08-25 07:00:00,48,73.9,70.55722
1068,28.733333,77.230769,1,3.011,8,JHARODA,0.0,OpenAQ live network,2026-08-23 07:00:00,2026-08-25 07:00:00,48,61.5,66.371185
1069,28.733333,77.246154,1,2.559,,,0.0,OpenAQ live network,2026-08-23 07:00:00,2026-08-25 07:00:00,48,73.5,75.47103
1070,28.733333,77.261538,1,1.348,271,KARAWAL NAGAR WEST,0.0,OpenAQ live network,2026-08-23 07:00:00,2026-08-25 07:00:00,48,39.4,37.319958
1071,28.733333,77.276923,0,0.721,265,SHIV VIHAR,0.0,OpenAQ live network,2026-08-23 07:00:00,2026-08-25 07:00:00,48,93.8,86.34385
1072,28.733333,77.292308,1,1.929,265,SHIV VIHAR,1055.3372449944052,OpenAQ live network,2026-08-23 07:00:00,2026-08-25 07:00:00,48,72.9,65.52883
1073,28.733333,77.307692,1,3.38,261,JIWANPUR,2308.304094258588,OpenAQ live network,2026-08-23 07:00:00,2026-08-25 07:00:00,48,65.0,58.98521
1074,28.733333,77.323077,1,4.861,263,SABOLI,2479.0727532285423,OpenAQ live network,2026-08-23 07:00:00,2026-08-25 07:00:00,48,65.6,58.77962
1075,28.733333,77.338462,1,6.351,264,HARSH VIHAR,2738.192289395003,OpenAQ live network,2026-08-23 07:00:00,2026-08-25 07:00:00,48,31.1,37.157925
1076,28.733333,77.353846,1,7.426,264,HARSH VIHAR,3655.553042155652,OpenAQ live network,2026-08-23 07:00:00,2026-08-25 07:00:00,48,116.9,111.87604
1077,28.733333,77.369231,1,8.201,264,HARSH VIHAR,5009.488221230238,OpenAQ live network,2026-08-23 07:00:00,2026-08-25 07:00:00,48,102.1,94.97105
1078,28.733333,77.384615,1,8.357,264,HARSH VIHAR,6533.902699626662,OpenAQ live network,2026-08-23 07:00:00,2026-08-25 07:00:00,48,91.3,92.43843
1079,28.733333,77.4,1,8.603,264,HARSH VIHAR,8133.639559431777,OpenAQ live network,2026-08-23 07:00:00,2026-08-25 07:00:00,48,88.7,95.382195
1080,28.746154,76.8,1,14.869,29,KARALA,16107.6045341057,OpenAQ live network,2026-08-23 07:00:00,2026-08-25 07:00:00,48,96.1,91.00437
1081,28.746154,76.815385,1,13.662,29,KARALA,14398.46322599146,OpenAQ live network,2026-08-23 07:00:00,2026-08-25 07:00:00,48,96.0,91.00437
1082,28.746154,76.830769,1,12.518,29,KARALA,12690.37912298436,OpenAQ live network,2026-08-23 07:00:00,2026-08-25 07:00:00,48,96.0,91.00437
1083,28.746154,76.846154,1,11.456,29,KARALA,10983.571619841234,OpenAQ live network,2026-08-23 07:00:00,2026-08-25 07:00:00,48,96.0,91.00437
1084,28.746154,76.861538,1,10.503,29,KARALA,9279.028276829791,OpenAQ live network,2026-08-23 07:00:00,2026-08-25 07:00:00,48,96.0,91.00437
1085,28.746154,76.876923,1,9.689,29,KARALA,7577.980786805192,OpenAQ live network,2026-08-23 07:00:00,2026-08-25 07:00:00,48,96.0,91.00437
1086,28.746154,76.892308,1,9.052,29,KARALA,5883.669127298226,OpenAQ live network,2026-08-23 07:00:00,2026-08-25 07:00:00,48,96.0,91.00437
1087,28.746154,76.907692,1,8.631,29,KARALA,4204.353113306631,OpenAQ live network,2026-08-23 07:00:00,2026-08-25 07:00:00,48,96.1,91.00437
1088,28.746154,76.923077,1,8.46,29,KARALA,2569.17467206906,OpenAQ live network,2026-08-23 07:00:00,2026-08-25 07:00:00,48,97.4,92.98182
1089,28.746154,76.938462,1,8.552,29,KARALA,1179.2439497581502,OpenAQ live network,2026-08-23 07:00:00,2026-08-25 07:00:00,48,97.4,92.98182
1090,28.746154,76.953846,1,8.9,29,KARALA,120.22655779714536,OpenAQ live network,2026-08-23 07:00:00,2026-08-25 07:00:00,48,96.1,91.00437
1091,28.746154,76.969231,1,8.649,29,KARALA,0.0,OpenAQ live network,2026-08-23 07:00:00,2026-08-25 07:00:00,48,95.1,88.25675
1092,28.746154,76.984615,1,7.289,29,KARALA,0.0,OpenAQ live network,2026-08-23 07:00:00,2026-08-25 07:00:00,48,101.6,106.50771
1093,28.746154,77.0,1,5.996,29,KARALA,0.0,OpenAQ live network,2026-08-23 07:00:00,2026-08-25 07:00:00,48,68.4,21.425121
1094,28.746154,77.015385,1,4.823,29,KARALA,0.0,OpenAQ live network,2026-08-23 07:00:00,2026-08-25 07:00:00,48,81.4,60.89892
1095,28.746154,77.030769,1,3.883,29,KARALA,0.0,OpenAQ live network,2026-08-23 07:00:00,2026-08-25 07:00:00,48,94.9,74.0326
1096,28.746154,77.046154,1,3.375,27,BEGUMPUR,0.0,OpenAQ live network,2026-08-23 07:00:00,2026-08-25 07:00:00,48,49.6,53.841885
1097,28.746154,77.061538,1,3.493,27,BEGUMPUR,0.0,OpenAQ live network,2026-08-23 07:00:00,2026-08-25 07:00:00,48,62.6,53.841885
1098,28.746154,77.076923,1,3.376,26,SAHIBABAD DAULAT PUR,0.0,OpenAQ live network,2026-08-23 07:00:00,2026-08-25 07:00:00,48,65.2,59.27044
1099,28.746154,77.092308,1,1.898,26,SAHIBABAD DAULAT PUR,0.0,OpenAQ live network,2026-08-23 07:00:00,2026-08-25 07:00:00,48,73.3,68.54714
1100,28.746154,77.107692,0,0.556,26,SAHIBABAD DAULAT PUR,0.0,OpenAQ live network,2026-08-23 07:00:00,2026-08-25 07:00:00,48,108.9,108.4547
1101,28.746154,77.123077,0,0.384,26,SAHIBABAD DAULAT PUR,0.0,OpenAQ live network,2026-08-23 07:00:00,2026-08-25 07:00:00,48,80.4,72.930016
1102,28.746154,77.138462,1,1.816,17,SAMAYPUR BADLI,0.0,OpenAQ live network,2026-08-23 07:00:00,2026-08-25 07:00:00,48,77.1,70.82653
1103,28.746154,77.153846,1,2.208,19,BHALSWA,0.0,OpenAQ live network,2026-08-23 07:00:00,2026-08-25 07:00:00,48,85.4,80.426674
1104,28.746154,77.169231,1,1.489,5,BHALASWA JAHAGIR PUR,0.0,OpenAQ live network,2026-08-23 07:00:00,2026-08-25 07:00:00,48,40.8,36.41426
1105,28.746154,77.184615,1,2.014,6,MUKUND PUR,0.0,OpenAQ live network,2026-08-23 07:00:00,2026-08-25 07:00:00,48,75.7,69.17781
1106,28.746154,77.2,1,2.283,6,MUKUND PUR,0.0,OpenAQ live network,2026-08-23 07:00:00,2026-08-25 07:00:00,48,75.9,52.08809
1107,28.746154,77.215385,1,2.669,8,JHARODA,0.0,OpenAQ live network,2026-08-23 07:00:00,2026-08-25 07:00:00,48,69.4,61.544693
1108,28.746154,77.230769,1,3.679,8,JHARODA,0.0,OpenAQ live network,2026-08-23 07:00:00,2026-08-25 07:00:00,48,78.6,74.87174
1109,28.746154,77.246154,1,2.793,272,SONIA VIHAR,0.0,OpenAQ live network,2026-08-23 07:00:00,2026-08-25 07:00:00,48,75.3,72.76173
1110,28.746154,77.261538,1,1.416,272,SONIA VIHAR,405.3191702770334,OpenAQ live network,2026-08-23 07:00:00,2026-08-25 07:00:00,48,39.7,37.45111
1111,28.746154,77.276923,1,0.841,271,KARAWAL NAGAR WEST,1274.1235667134358,OpenAQ live network,2026-08-23 07:00:00,2026-08-25 07:00:00,48,92.6,86.34385
1112,28.746154,77.292308,1,1.808,265,SHIV VIHAR,2119.705445135304,OpenAQ live network,2026-08-23 07:00:00,2026-08-25 07:00:00,48,75.8,76.526375
1113,28.746154,77.307692,1,3.078,265,SHIV VIHAR,3417.3771430155366,OpenAQ live network,2026-08-23 07:00:00,2026-08-25 07:00:00,48,69.4,63.7768
1114,28.746154,77.323077,1,4.491,263,SABOLI,4039.605770595922,OpenAQ live network,2026-08-23 07:00:00,2026-08-25 07:00:00,48,72.1,71.40705
1115,28.746154,77.338462,1,5.947,264,HARSH VIHAR,4314.441051974432,OpenAQ live network,2026-08-23 07:00:00,2026-08-25 07:00:00,48,35.4,29.12591
1116,28.746154,77.353846,1,7.421,264,HARSH VIHAR,4947.703772587182,OpenAQ live network,2026-08-23 07:00:00,2026-08-25 07:00:00,48,120.9,121.90651
1117,28.746154,77.369231,1,8.903,264,HARSH VIHAR,6017.613880592912,OpenAQ live network,2026-08-23 07:00:00,2026-08-25 07:00:00,48,107.1,94.93693
1118,28.746154,77.384615,1,9.779,264,HARSH VIHAR,7335.433802131171,OpenAQ live network,2026-08-23 07:00:00,2026-08-25 07:00:00,48,90.1,94.93693
1119,28.746154,77.4,1,9.99,264,HARSH VIHAR,8790.494699390561,OpenAQ live network,2026-08-23 07:00:00,2026-08-25 07:00:00,48,89.0,92.43843
1120,28.758974,76.8,1,15.723,29,KARALA,16091.380270548194,OpenAQ live network,2026-08-23 07:00:00,2026-08-25 07:00:00,48,96.1,91.00437
1121,28.758974,76.815385,1,14.587,29,KARALA,14380.31079130328,OpenAQ live network,2026-08-23 07:00:00,2026-08-25 07:00:00,48,96.1,91.00437
1122,28.758974,76.830769,1,13.521,29,KARALA,12669.779693006602,OpenAQ live network,2026-08-23 07:00:00,2026-08-25 07:00:00,48,96.0,91.00437
1123,28.758974,76.846154,1,12.545,29,KARALA,10959.764628514016,OpenAQ live network,2026-08-23 07:00:00,2026-08-25 07:00:00,48,96.0,91.00437
1124,28.758974,76.861538,1,11.681,29,KARALA,9250.83568908518,OpenAQ live network,2026-08-23 07:00:00,2026-08-25 07:00:00,48,96.0,91.00437
1125,28.758974,76.876923,1,10.955,29,KARALA,7543.433435076751,OpenAQ live network,2026-08-23 07:00:00,2026-08-25 07:00:00,48,96.0,91.00437
1126,28.758974,76.892308,1,10.396,29,KARALA,5839.105889069617,OpenAQ live network,2026-08-23 07:00:00,2026-08-25 07:00:00,48,96.0,91.00437
1127,28.758974,76.907692,1,10.032,29,KARALA,4141.760529728434,OpenAQ live network,2026-08-23 07:00:00,2026-08-25 07:00:00,48,96.0,91.00437
1128,28.758974,76.923077,1,9.885,29,KARALA,2465.411462585173,OpenAQ live network,2026-08-23 07:00:00,2026-08-25 07:00:00,48,96.0,91.00437
1129,28.758974,76.938462,1,9.964,29,KARALA,830.7358369289515,OpenAQ live network,2026-08-23 07:00:00,2026-08-25 07:00:00,48,96.0,91.00437
1130,28.758974,76.953846,1,9.669,29,KARALA,0.0,OpenAQ live network,2026-08-23 07:00:00,2026-08-25 07:00:00,48,95.0,88.25675
1131,28.758974,76.969231,1,8.204,29,KARALA,0.0,OpenAQ live network,2026-08-23 07:00:00,2026-08-25 07:00:00,48,101.7,106.50771
1132,28.758974,76.984615,1,6.755,29,KARALA,0.0,OpenAQ live network,2026-08-23 07:00:00,2026-08-25 07:00:00,48,70.0,25.027344
1133,28.758974,77.0,1,5.334,27,BEGUMPUR,0.0,OpenAQ live network,2026-08-23 07:00:00,2026-08-25 07:00:00,48,69.3,21.425121
1134,28.758974,77.015385,1,3.971,27,BEGUMPUR,0.0,OpenAQ live network,2026-08-23 07:00:00,2026-08-25 07:00:00,48,86.7,77.86972
1135,28.758974,77.030769,1,2.754,27,BEGUMPUR,0.0,OpenAQ live network,2026-08-23 07:00:00,2026-08-25 07:00:00,48,92.8,62.854374
1136,28.758974,77.046154,1,1.975,27,BEGUMPUR,0.0,OpenAQ live network,2026-08-23 07:00:00,2026-08-25 07:00:00,48,55.3,61.547997
1137,28.758974,77.061538,1,2.17,27,BEGUMPUR,0.0,OpenAQ live network,2026-08-23 07:00:00,2026-08-25 07:00:00,48,84.7,75.973755
1138,28.758974,77.076923,1,3.165,26,SAHIBABAD DAULAT PUR,0.0,OpenAQ live network,2026-08-23 07:00:00,2026-08-25 07:00:00,48,61.6,53.841885
1139,28.758974,77.092308,1,2.097,3,ALIPUR,0.0,OpenAQ live network,2026-08-23 07:00:00,2026-08-25 07:00:00,48,63.9,59.365917
1140,28.758974,77.107692,1,1.052,26,SAHIBABAD DAULAT PUR,0.0,OpenAQ live network,2026-08-23 07:00:00,2026-08-25 07:00:00,48,78.3,72.930016
1141,28.758974,77.123077,1,1.52,3,ALIPUR,0.0,OpenAQ live network,2026-08-23 07:00:00,2026-08-25 07:00:00,48,50.2,42.935074
1142,28.758974,77.138462,1,2.452,18,LIBAS PUR,0.0,OpenAQ live network,2026-08-23 07:00:00,2026-08-25 07:00:00,48,76.3,70.921486
1143,28.758974,77.153846,1,3.337,18,LIBAS PUR,0.0,OpenAQ live network,2026-08-23 07:00:00,2026-08-25 07:00:00,48,59.5,52.08809
1144,28.758974,77.169231,1,2.911,18,LIBAS PUR,0.0,OpenAQ live network,2026-08-23 07:00:00,2026-08-25 07:00:00,48,66.2,53.38125
1145,28.758974,77.184615,1,3.212,6,MUKUND PUR,0.0,OpenAQ live network,2026-08-23 07:00:00,2026-08-25 07:00:00,48,59.5,52.08809
1146,28.758974,77.2,1,3.707,7,BURARI,0.0,OpenAQ live network,2026-08-23 07:00:00,2026-08-25 07:00:00,48,78.6,80.643974
1147,28.758974,77.215385,1,3.957,7,BURARI,0.0,OpenAQ live network,2026-08-23 07:00:00,2026-08-25 07:00:00,48,78.5,21.74642
1148,28.758974,77.230769,1,4.685,8,JHARODA,0.0,OpenAQ live network,2026-08-23 07:00:00,2026-08-25 07:00:00,48,67.3,67.07473
1149,28.758974,77.246154,1,3.187,272,SONIA VIHAR,294.892642673768,OpenAQ live network,2026-08-23 07:00:00,2026-08-25 07:00:00,48,66.0,57.67597
1150,28.758974,77.261538,1,1.692,272,SONIA VIHAR,612.52799963502,OpenAQ live network,2026-08-23 07:00:00,2026-08-25 07:00:00,48,67.9,63.70933
1151,28.758974,77.276923,0,0.261,272,SONIA VIHAR,2182.8114408628308,OpenAQ live network,2026-08-23 07:00:00,2026-08-25 07:00:00,48,116.5,133.99911
1152,28.758974,77.292308,1,1.331,265,SHIV VIHAR,3450.7624819309863,OpenAQ live network,2026-08-23 07:00:00,2026-08-25 07:00:00,48,46.8,48.549133
1153,28.758974,77.307692,1,2.823,265,SHIV VIHAR,4471.490127938892,OpenAQ live network,2026-08-23 07:00:00,2026-08-25 07:00:00,48,77.6,80.82787
1154,28.758974,77.323077,1,4.321,263,SABOLI,5638.345703522856,OpenAQ live network,2026-08-23 07:00:00,2026-08-25 07:00:00,48,85.8,85.95649
1155,28.758974,77.338462,1,5.82,264,HARSH VIHAR,5916.222695092609,OpenAQ live network,2026-08-23 07:00:00,2026-08-25 07:00:00,48,35.4,29.12591
1156,28.758974,77.353846,1,7.319,264,HARSH VIHAR,6395.0319672406185,OpenAQ live network,2026-08-23 07:00:00,2026-08-25 07:00:00,48,120.9,121.90651
1157,28.758974,77.369231,1,8.818,264,HARSH VIHAR,7254.539134683917,OpenAQ live network,2026-08-23 07:00:00,2026-08-25 07:00:00,48,107.1,94.93693
1158,28.758974,77.384615,1,10.317,264,HARSH VIHAR,8380.050734106839,OpenAQ live network,2026-08-23 07:00:00,2026-08-25 07:00:00,48,107.0,94.93693
1159,28.758974,77.4,1,11.387,264,HARSH VIHAR,9679.331500716851,OpenAQ live network,2026-08-23 07:00:00,2026-08-25 07:00:00,48,90.1,94.93693
1160,28.771795,76.8,1,16.655,28,BAWANA,16170.4035808703,OpenAQ live network,2026-08-23 07:00:00,2026-08-25 07:00:00,48,96.4,91.00437
1161,28.771795,76.815385,1,15.587,28,BAWANA,14499.662071444252,OpenAQ live network,2026-08-23 07:00:00,2026-08-25 07:00:00,48,96.1,91.00437
1162,28.771795,76.830769,1,14.595,28,BAWANA,12840.0759205031,OpenAQ live network,2026-08-23 07:00:00,2026-08-25 07:00:00,48,96.1,91.00437
1163,28.771795,76.846154,1,13.696,29,KARALA,11175.647872372734,OpenAQ live network,2026-08-23 07:00:00,2026-08-25 07:00:00,48,96.0,91.00437
1164,28.771795,76.861538,1,12.909,29,KARALA,9505.610217197753,OpenAQ live network,2026-08-23 07:00:00,2026-08-25 07:00:00,48,96.0,91.00437
1165,28.771795,76.876923,1,12.256,29,KARALA,7853.494590499925,OpenAQ live network,2026-08-23 07:00:00,2026-08-25 07:00:00,48,96.0,91.00437
1166,28.771795,76.892308,1,11.759,29,KARALA,6214.793812020929,OpenAQ live network,2026-08-23 07:00:00,2026-08-25 07:00:00,48,96.0,91.00437
1167,28.771795,76.907692,1,11.439,29,KARALA,4623.248609613516,OpenAQ live network,2026-08-23 07:00:00,2026-08-25 07:00:00,48,96.0,91.00437
1168,28.771795,76.923077,1,11.31,27,BEGUMPUR,2986.062374610944,OpenAQ live network,2026-08-23 07:00:00,2026-08-25 07:00:00,48,96.0,91.00437
1169,28.771795,76.938462,1,10.987,27,BEGUMPUR,1362.1994818691203,OpenAQ live network,2026-08-23 07:00:00,2026-08-25 07:00:00,48,95.0,88.25675
1170,28.771795,76.953846,1,9.489,27,BEGUMPUR,0.0,OpenAQ live network,2026-08-23 07:00:00,2026-08-25 07:00:00,48,95.0,88.25675
1171,28.771795,76.969231,1,7.992,27,BEGUMPUR,0.0,OpenAQ live network,2026-08-23 07:00:00,2026-08-25 07:00:00,48,101.7,106.50771
1172,28.771795,76.984615,1,6.496,27,BEGUMPUR,0.0,OpenAQ live network,2026-08-23 07:00:00,2026-08-25 07:00:00,48,69.3,21.425121
1173,28.771795,77.0,1,5.002,27,BEGUMPUR,0.0,OpenAQ live network,2026-08-23 07:00:00,2026-08-25 07:00:00,48,76.5,42.465588
1174,28.771795,77.015385,1,3.513,27,BEGUMPUR,0.0,OpenAQ live network,2026-08-23 07:00:00,2026-08-25 07:00:00,48,79.6,53.841885
1175,28.771795,77.030769,1,2.039,27,BEGUMPUR,0.0,OpenAQ live network,2026-08-23 07:00:00,2026-08-25 07:00:00,48,91.8,61.547997
1176,28.771795,77.046154,0,0.685,27,BEGUMPUR,0.0,OpenAQ live network,2026-08-23 07:00:00,2026-08-25 07:00:00,48,76.4,115.183464
1177,28.771795,77.061538,1,1.131,27,BEGUMPUR,0.0,OpenAQ live network,2026-08-23 07:00:00,2026-08-25 07:00:00,48,59.8,75.143265
1178,28.771795,77.076923,1,2.567,3,ALIPUR,0.0,OpenAQ live network,2026-08-23 07:00:00,2026-08-25 07:00:00,48,75.0,62.854374
1179,28.771795,77.092308,1,3.043,3,ALIPUR,0.0,OpenAQ live network,2026-08-23 07:00:00,2026-08-25 07:00:00,48,65.4,57.86526
1180,28.771795,77.107692,1,2.443,3,ALIPUR,0.0,OpenAQ live network,2026-08-23 07:00:00,2026-08-25 07:00:00,48,78.9,75.56364
1181,28.771795,77.123077,1,2.678,3,ALIPUR,0.0,OpenAQ live network,2026-08-23 07:00:00,2026-08-25 07:00:00,48,76.4,70.921486
1182,28.771795,77.138462,1,3.576,5,BHALASWA JAHAGIR PUR,0.0,OpenAQ live network,2026-08-23 07:00:00,2026-08-25 07:00:00,48,65.9,60.415394
1183,28.771795,77.153846,1,4.521,5,BHALASWA JAHAGIR PUR,0.0,OpenAQ live network,2026-08-23 07:00:00,2026-08-25 07:00:00,48,64.5,61.544693
1184,28.771795,77.169231,1,4.336,5,BHALASWA JAHAGIR PUR,0.0,OpenAQ live network,2026-08-23 07:00:00,2026-08-25 07:00:00,48,68.4,67.54723
1185,28.771795,77.184615,1,4.543,7,BURARI,0.0,OpenAQ live network,2026-08-23 07:00:00,2026-08-25 07:00:00,48,68.4,67.54723
1186,28.771795,77.2,1,5.132,7,BURARI,0.0,OpenAQ live network,2026-08-23 07:00:00,2026-08-25 07:00:00,48,38.4,21.74642
1187,28.771795,77.215385,1,5.315,7,BURARI,0.0,OpenAQ live network,2026-08-23 07:00:00,2026-08-25 07:00:00,48,38.4,21.74642
1188,28.771795,77.230769,1,4.951,8,JHARODA,420.0266087537199,OpenAQ live network,2026-08-23 07:00:00,2026-08-25 07:00:00,48,99.5,102.76122
1189,28.771795,77.246154,1,3.567,,,1752.542294984418,OpenAQ live network,2026-08-23 07:00:00,2026-08-25 07:00:00,48,67.2,60.11826
1190,28.771795,77.261538,1,2.33,272,SONIA VIHAR,2040.574324940687,OpenAQ live network,2026-08-23 07:00:00,2026-08-25 07:00:00,48,78.5,81.34721
1191,28.771795,77.276923,1,1.623,272,SONIA VIHAR,2969.8946347238275,OpenAQ live network,2026-08-23 07:00:00,2026-08-25 07:00:00,48,66.0,61.759567
1192,28.771795,77.292308,1,2.082,272,SONIA VIHAR,4398.061761554486,OpenAQ live network,2026-08-23 07:00:00,2026-08-25 07:00:00,48,65.8,58.33959
1193,28.771795,77.307692,1,3.246,271,KARAWAL NAGAR WEST,5752.249181996998,OpenAQ live network,2026-08-23 07:00:00,2026-08-25 07:00:00,48,66.0,57.67597
1194,28.771795,77.323077,1,4.608,265,SHIV VIHAR,6831.158383178327,OpenAQ live network,2026-08-23 07:00:00,2026-08-25 07:00:00,48,67.3,67.07473
1195,28.771795,77.338462,1,6.036,264,HARSH VIHAR,7515.008012494009,OpenAQ live network,2026-08-23 07:00:00,2026-08-25 07:00:00,48,35.4,29.12591
1196,28.771795,77.353846,1,7.491,264,HARSH VIHAR,7913.126206315382,OpenAQ live network,2026-08-23 07:00:00,2026-08-25 07:00:00,48,120.9,121.90651
1197,28.771795,77.369231,1,8.962,264,HARSH VIHAR,8622.613904826443,OpenAQ live network,2026-08-23 07:00:00,2026-08-25 07:00:00,48,107.0,94.93693
1198,28.771795,77.384615,1,10.44,264,HARSH VIHAR,9588.867649584616,OpenAQ live network,2026-08-23 07:00:00,2026-08-25 07:00:00,48,107.0,94.93693
1199,28.771795,77.4,1,11.924,264,HARSH VIHAR,10742.932132142294,OpenAQ live network,2026-08-23 07:00:00,2026-08-25 07:00:00,48,107.0,94.93693
1200,28.784615,76.8,1,17.654,28,BAWANA,15911.334108797888,OpenAQ live network,2026-08-23 07:00:00,2026-08-25 07:00:00,48,96.4,91.00437
1201,28.784615,76.815385,1,16.65,28,BAWANA,14210.165422670176,OpenAQ live network,2026-08-23 07:00:00,2026-08-25 07:00:00,48,96.4,91.00437
1202,28.784615,76.830769,1,15.725,28,BAWANA,12512.240039171864,OpenAQ live network,2026-08-23 07:00:00,2026-08-25 07:00:00,48,96.1,91.00437
1203,28.784615,76.846154,1,14.895,28,BAWANA,10818.812449420138,OpenAQ live network,2026-08-23 07:00:00,2026-08-25 07:00:00,48,96.1,91.00437
1204,28.784615,76.861538,1,14.175,28,BAWANA,9132.666286091366,OpenAQ live network,2026-08-23 07:00:00,2026-08-25 07:00:00,48,96.1,91.00437
1205,28.784615,76.876923,1,13.583,28,BAWANA,7458.448183828905,OpenAQ live network,2026-08-23 07:00:00,2026-08-25 07:00:00,48,96.0,91.00437
1206,28.784615,76.892308,1,13.136,28,BAWANA,5806.689907336403,OpenAQ live network,2026-08-23 07:00:00,2026-08-25 07:00:00,48,96.0,91.00437
1207,28.784615,76.907692,1,12.85,28,BAWANA,4204.050526000835,OpenAQ live network,2026-08-23 07:00:00,2026-08-25 07:00:00,48,96.0,91.00437
1208,28.784615,76.923077,1,12.51,28,BAWANA,2737.798932384733,OpenAQ live network,2026-08-23 07:00:00,2026-08-25 07:00:00,48,95.0,88.25675
1209,28.784615,76.938462,1,11.015,27,BEGUMPUR,1304.9242750934188,OpenAQ live network,2026-08-23 07:00:00,2026-08-25 07:00:00,48,95.0,88.25675
1210,28.784615,76.953846,1,9.522,27,BEGUMPUR,0.0,OpenAQ live network,2026-08-23 07:00:00,2026-08-25 07:00:00,48,95.0,88.25675
1211,28.784615,76.969231,1,8.031,27,BEGUMPUR,0.0,OpenAQ live network,2026-08-23 07:00:00,2026-08-25 07:00:00,48,101.7,106.50771
1212,28.784615,76.984615,1,6.544,27,BEGUMPUR,0.0,OpenAQ live network,2026-08-23 07:00:00,2026-08-25 07:00:00,48,71.0,21.425121
1213,28.784615,77.0,1,5.065,28,BAWANA,0.0,OpenAQ live network,2026-08-23 07:00:00,2026-08-25 07:00:00,48,71.2,21.425121
1214,28.784615,77.015385,1,3.602,28,BAWANA,0.0,OpenAQ live network,2026-08-23 07:00:00,2026-08-25 07:00:00,48,83.1,50.854195
1215,28.784615,77.030769,1,2.189,28,BAWANA,0.0,OpenAQ live network,2026-08-23 07:00:00,2026-08-25 07:00:00,48,91.9,75.973755
1216,28.784615,77.046154,1,1.051,28,BAWANA,0.0,OpenAQ live network,2026-08-23 07:00:00,2026-08-25 07:00:00,48,92.0,75.143265
1217,28.784615,77.061538,1,1.384,27,BEGUMPUR,0.0,OpenAQ live network,2026-08-23 07:00:00,2026-08-25 07:00:00,48,38.5,36.06446
1218,28.784615,77.076923,1,2.687,3,ALIPUR,0.0,OpenAQ live network,2026-08-23 07:00:00,2026-08-25 07:00:00,48,80.1,62.854374
1219,28.784615,77.092308,1,4.126,3,ALIPUR,0.0,OpenAQ live network,2026-08-23 07:00:00,2026-08-25 07:00:00,48,81.0,77.86972
1220,28.784615,77.107692,1,3.859,3,ALIPUR,0.0,OpenAQ live network,2026-08-23 07:00:00,2026-08-25 07:00:00,48,79.3,75.622856
1221,28.784615,77.123077,1,4.012,3,ALIPUR,0.0,OpenAQ live network,2026-08-23 07:00:00,2026-08-25 07:00:00,48,79.2,76.277405
1222,28.784615,77.138462,1,3.698,3,ALIPUR,0.0,OpenAQ live network,2026-08-23 07:00:00,2026-08-25 07:00:00,48,81.7,78.890686
1223,28.784615,77.153846,1,3.416,5,BHALASWA JAHAGIR PUR,0.0,OpenAQ live network,2026-08-23 07:00:00,2026-08-25 07:00:00,48,66.7,51.55934
1224,28.784615,77.169231,1,3.763,5,BHALASWA JAHAGIR PUR,0.0,OpenAQ live network,2026-08-23 07:00:00,2026-08-25 07:00:00,48,81.4,78.890686
1225,28.784615,77.184615,1,4.599,4,BAKHTAWAR PUR,0.0,OpenAQ live network,2026-08-23 07:00:00,2026-08-25 07:00:00,48,68.1,65.22217
1226,28.784615,77.2,1,5.712,7,BURARI,0.0,OpenAQ live network,2026-08-23 07:00:00,2026-08-25 07:00:00,48,30.1,25.975605
1227,28.784615,77.215385,1,6.702,7,BURARI,0.0,OpenAQ live network,2026-08-23 07:00:00,2026-08-25 07:00:00,48,38.4,121.90651
1228,28.784615,77.230769,1,5.58,7,BURARI,0.0,OpenAQ live network,2026-08-23 07:00:00,2026-08-25 07:00:00,48,35.4,29.12591
1229,28.784615,77.246154,1,4.399,7,BURARI,1513.5324394714503,OpenAQ live network,2026-08-23 07:00:00,2026-08-25 07:00:00,48,72.1,71.40705
1230,28.784615,77.261538,1,3.472,7,BURARI,3226.0696992161484,OpenAQ live network,2026-08-23 07:00:00,2026-08-25 07:00:00,48,66.0,57.67597
1231,28.784615,77.276923,1,3.043,272,SONIA VIHAR,4232.169732431213,OpenAQ live network,2026-08-23 07:00:00,2026-08-25 07:00:00,48,69.4,63.7768
1232,28.784615,77.292308,1,3.311,272,SONIA VIHAR,5332.34786573356,OpenAQ live network,2026-08-23 07:00:00,2026-08-25 07:00:00,48,66.0,57.67597
1233,28.784615,77.307692,1,4.143,272,SONIA VIHAR,6694.900561714026,OpenAQ live network,2026-08-23 07:00:00,2026-08-25 07:00:00,48,85.8,85.95649
1234,28.784615,77.323077,1,5.278,265,SHIV VIHAR,8081.593959687954,OpenAQ live network,2026-08-23 07:00:00,2026-08-25 07:00:00,48,35.4,29.12591
1235,28.784615,77.338462,1,6.562,264,HARSH VIHAR,9124.25486750766,OpenAQ live network,2026-08-23 07:00:00,2026-08-25 07:00:00,48,36.8,30.729136
1236,28.784615,77.353846,1,7.921,264,HARSH VIHAR,9467.932032185026,OpenAQ live network,2026-08-23 07:00:00,2026-08-25 07:00:00,48,120.9,121.90651
1237,28.784615,77.369231,1,9.324,264,HARSH VIHAR,10068.447802948893,OpenAQ live network,2026-08-23 07:00:00,2026-08-25 07:00:00,48,107.0,94.93693
1238,28.784615,77.384615,1,10.752,264,HARSH VIHAR,10907.36234890225,OpenAQ live network,2026-08-23 07:00:00,2026-08-25 07:00:00,48,107.0,94.93693
1239,28.784615,77.4,1,12.198,264,HARSH VIHAR,11934.603529435546,OpenAQ live network,2026-08-23 07:00:00,2026-08-25 07:00:00,48,107.0,94.93693
1240,28.797436,76.8,1,18.708,28,BAWANA,15816.487120720443,OpenAQ live network,2026-08-23 07:00:00,2026-08-25 07:00:00,48,96.3,91.00437
1241,28.797436,76.815385,1,17.764,28,BAWANA,14103.882907120706,OpenAQ live network,2026-08-23 07:00:00,2026-08-25 07:00:00,48,96.4,91.00437
1242,28.797436,76.830769,1,16.9,28,BAWANA,12391.40276627211,OpenAQ live network,2026-08-23 07:00:00,2026-08-25 07:00:00,48,96.4,91.00437
1243,28.797436,76.846154,1,16.13,28,BAWANA,10678.83020437392,OpenAQ live network,2026-08-23 07:00:00,2026-08-25 07:00:00,48,96.1,91.00437
1244,28.797436,76.861538,1,15.468,28,BAWANA,8966.398675679684,OpenAQ live network,2026-08-23 07:00:00,2026-08-25 07:00:00,48,96.1,91.00437
1245,28.797436,76.876923,1,14.927,28,BAWANA,7253.906604649749,OpenAQ live network,2026-08-23 07:00:00,2026-08-25 07:00:00,48,96.1,91.00437
1246,28.797436,76.892308,1,14.522,28,BAWANA,5541.51237462148,OpenAQ live network,2026-08-23 07:00:00,2026-08-25 07:00:00,48,96.1,91.00437
1247,28.797436,76.907692,1,14.171,28,BAWANA,3829.45851828799,OpenAQ live network,2026-08-23 07:00:00,2026-08-25 07:00:00,48,95.2,88.25675
1248,28.797436,76.923077,1,12.695,28,BAWANA,2118.078070394842,OpenAQ live network,2026-08-23 07:00:00,2026-08-25 07:00:00,48,95.0,88.25675
1249,28.797436,76.938462,1,11.226,28,BAWANA,417.2522409986464,OpenAQ live network,2026-08-23 07:00:00,2026-08-25 07:00:00,48,95.0,88.25675
1250,28.797436,76.953846,1,9.765,28,BAWANA,0.0,OpenAQ live network,2026-08-23 07:00:00,2026-08-25 07:00:00,48,95.0,88.25675
1251,28.797436,76.969231,1,8.318,28,BAWANA,0.0,OpenAQ live network,2026-08-23 07:00:00,2026-08-25 07:00:00,48,102.6,106.50771
1252,28.797436,76.984615,1,6.894,28,BAWANA,0.0,OpenAQ live network,2026-08-23 07:00:00,2026-08-25 07:00:00,48,103.6,106.50771
1253,28.797436,77.0,1,5.509,28,BAWANA,0.0,OpenAQ live network,2026-08-23 07:00:00,2026-08-25 07:00:00,48,70.9,21.425121
1254,28.797436,77.015385,1,4.204,28,BAWANA,0.0,OpenAQ live network,2026-08-23 07:00:00,2026-08-25 07:00:00,48,86.0,77.86972
1255,28.797436,77.030769,1,3.081,28,BAWANA,0.0,OpenAQ live network,2026-08-23 07:00:00,2026-08-25 07:00:00,48,86.4,49.689255
1256,28.797436,77.046154,1,2.41,28,BAWANA,0.0,OpenAQ live network,2026-08-23 07:00:00,2026-08-25 07:00:00,48,61.7,69.75114
1257,28.797436,77.061538,1,2.572,28,BAWANA,0.0,OpenAQ live network,2026-08-23 07:00:00,2026-08-25 07:00:00,48,67.7,62.854374
1258,28.797436,77.076923,1,3.453,3,ALIPUR,0.0,OpenAQ live network,2026-08-23 07:00:00,2026-08-25 07:00:00,48,70.1,53.841885
1259,28.797436,77.092308,1,2.977,3,ALIPUR,0.0,OpenAQ live network,2026-08-23 07:00:00,2026-08-25 07:00:00,48,64.9,59.5749
1260,28.797436,77.107692,1,2.879,3,ALIPUR,0.0,OpenAQ live network,2026-08-23 07:00:00,2026-08-25 07:00:00,48,66.2,59.5749
1261,28.797436,77.123077,1,3.493,3,ALIPUR,0.0,OpenAQ live network,2026-08-23 07:00:00,2026-08-25 07:00:00,48,65.3,60.127438
1262,28.797436,77.138462,1,2.443,3,ALIPUR,0.0,OpenAQ live network,2026-08-23 07:00:00,2026-08-25 07:00:00,48,87.9,84.1636
1263,28.797436,77.153846,1,1.991,3,ALIPUR,0.0,OpenAQ live network,2026-08-23 07:00:00,2026-08-25 07:00:00,48,75.4,72.1858
1264,28.797436,77.169231,1,2.541,4,BAKHTAWAR PUR,0.0,OpenAQ live network,2026-08-23 07:00:00,2026-08-25 07:00:00,48,83.3,77.26685
1265,28.797436,77.184615,1,3.666,4,BAKHTAWAR PUR,0.0,OpenAQ live network,2026-08-23 07:00:00,2026-08-25 07:00:00,48,83.8,78.890686
1266,28.797436,77.2,1,4.992,4,BAKHTAWAR PUR,0.0,OpenAQ live network,2026-08-23 07:00:00,2026-08-25 07:00:00,48,52.7,48.46211
1267,28.797436,77.215385,1,6.395,4,BAKHTAWAR PUR,832.1238117583605,OpenAQ live network,2026-08-23 07:00:00,2026-08-25 07:00:00,48,32.9,25.975605
1268,28.797436,77.230769,1,6.468,7,BURARI,1402.0850643613994,OpenAQ live network,2026-08-23 07:00:00,2026-08-25 07:00:00,48,35.4,29.12591
1269,28.797436,77.246154,1,5.481,7,BURARI,2220.932484557268,OpenAQ live network,2026-08-23 07:00:00,2026-08-25 07:00:00,48,35.4,29.12591
1270,28.797436,77.261538,1,4.77,7,BURARI,3612.379597969999,OpenAQ live network,2026-08-23 07:00:00,2026-08-25 07:00:00,48,67.3,67.07473
1271,28.797436,77.276923,1,4.467,7,BURARI,5199.299099704346,OpenAQ live network,2026-08-23 07:00:00,2026-08-25 07:00:00,48,72.1,71.40705
1272,28.797436,77.292308,1,4.654,272,SONIA VIHAR,6544.503642498688,OpenAQ live network,2026-08-23 07:00:00,2026-08-25 07:00:00,48,67.3,67.07473
1273,28.797436,77.307692,1,5.278,272,SONIA VIHAR,7695.341948004917,OpenAQ live network,2026-08-23 07:00:00,2026-08-25 07:00:00,48,35.4,29.12591
1274,28.797436,77.323077,1,6.209,272,SONIA VIHAR,9026.254185081842,OpenAQ live network,2026-08-23 07:00:00,2026-08-25 07:00:00,48,35.4,29.12591
1275,28.797436,77.338462,1,7.331,265,SHIV VIHAR,10415.056850211373,OpenAQ live network,2026-08-23 07:00:00,2026-08-25 07:00:00,48,120.9,121.90651
1276,28.797436,77.353846,1,8.569,264,HARSH VIHAR,11044.234649930564,OpenAQ live network,2026-08-23 07:00:00,2026-08-25 07:00:00,48,106.8,95.95478
1277,28.797436,77.369231,1,9.88,264,HARSH VIHAR,11563.175307732645,OpenAQ live network,2026-08-23 07:00:00,2026-08-25 07:00:00,48,107.0,94.93693
1278,28.797436,77.384615,1,11.238,264,HARSH VIHAR,12300.566468537212,OpenAQ live network,2026-08-23 07:00:00,2026-08-25 07:00:00,48,107.0,94.93693
1279,28.797436,77.4,1,12.628,264,HARSH VIHAR,13219.990296572349,OpenAQ live network,2026-08-23 07:00:00,2026-08-25 07:00:00,48,107.0,94.93693
1280,28.810256,76.8,1,19.808,28,BAWANA,15888.880162910147,OpenAQ live network,2026-08-23 07:00:00,2026-08-25 07:00:00,48,96.4,91.00437
1281,28.810256,76.815385,1,18.919,28,BAWANA,14185.01889491782,OpenAQ live network,2026-08-23 07:00:00,2026-08-25 07:00:00,48,96.3,91.00437
1282,28.810256,76.830769,1,18.111,28,BAWANA,12483.673758448673,OpenAQ live network,2026-08-23 07:00:00,2026-08-25 07:00:00,48,96.4,91.00437
1283,28.810256,76.846154,1,17.395,28,BAWANA,10785.762028028092,OpenAQ live network,2026-08-23 07:00:00,2026-08-25 07:00:00,48,96.4,91.00437
1284,28.810256,76.861538,1,16.782,28,BAWANA,9093.48960535142,OpenAQ live network,2026-08-23 07:00:00,2026-08-25 07:00:00,48,96.4,91.00437
1285,28.810256,76.876923,1,16.286,28,BAWANA,7410.425697649574,OpenAQ live network,2026-08-23 07:00:00,2026-08-25 07:00:00,48,96.4,91.00437
1286,28.810256,76.892308,1,15.915,28,BAWANA,5744.876620910751,OpenAQ live network,2026-08-23 07:00:00,2026-08-25 07:00:00,48,96.1,91.00437
1287,28.810256,76.907692,1,14.476,28,BAWANA,4117.621206821911,OpenAQ live network,2026-08-23 07:00:00,2026-08-25 07:00:00,48,95.2,88.25675
1288,28.810256,76.923077,1,13.035,28,BAWANA,2527.8131077928247,OpenAQ live network,2026-08-23 07:00:00,2026-08-25 07:00:00,48,95.0,88.25675
1289,28.810256,76.938462,1,11.609,28,BAWANA,817.5974212370461,OpenAQ live network,2026-08-23 07:00:00,2026-08-25 07:00:00,48,95.0,88.25675
1290,28.810256,76.953846,1,10.203,28,BAWANA,0.0,OpenAQ live network,2026-08-23 07:00:00,2026-08-25 07:00:00,48,95.4,88.25675
1291,28.810256,76.969231,1,8.829,28,BAWANA,0.0,OpenAQ live network,2026-08-23 07:00:00,2026-08-25 07:00:00,48,95.4,88.25675
1292,28.810256,76.984615,1,7.502,28,BAWANA,0.0,OpenAQ live network,2026-08-23 07:00:00,2026-08-25 07:00:00,48,103.6,106.50771
1293,28.810256,77.0,1,6.254,28,BAWANA,0.0,OpenAQ live network,2026-08-23 07:00:00,2026-08-25 07:00:00,48,70.9,21.425121
1294,28.810256,77.015385,1,5.142,28,BAWANA,0.0,OpenAQ live network,2026-08-23 07:00:00,2026-08-25 07:00:00,48,71.0,21.425121
1295,28.810256,77.030769,1,4.273,28,BAWANA,0.0,OpenAQ live network,2026-08-23 07:00:00,2026-08-25 07:00:00,48,91.9,77.86972
1296,28.810256,77.046154,1,3.817,28,BAWANA,0.0,OpenAQ live network,2026-08-23 07:00:00,2026-08-25 07:00:00,48,63.0,74.0326
1297,28.810256,77.061538,1,3.922,3,ALIPUR,0.0,OpenAQ live network,2026-08-23 07:00:00,2026-08-25 07:00:00,48,82.9,74.0326
1298,28.810256,77.076923,1,2.814,3,ALIPUR,0.0,OpenAQ live network,2026-08-23 07:00:00,2026-08-25 07:00:00,48,74.6,72.18519
1299,28.810256,77.092308,1,1.687,3,ALIPUR,0.0,OpenAQ live network,2026-08-23 07:00:00,2026-08-25 07:00:00,48,62.8,59.79714
1300,28.810256,77.107692,1,1.505,3,ALIPUR,0.0,OpenAQ live network,2026-08-23 07:00:00,2026-08-25 07:00:00,48,46.6,40.510593
1301,28.810256,77.123077,1,2.486,3,ALIPUR,0.0,OpenAQ live network,2026-08-23 07:00:00,2026-08-25 07:00:00,48,74.6,72.18519
1302,28.810256,77.138462,1,1.526,4,BAKHTAWAR PUR,0.0,OpenAQ live network,2026-08-23 07:00:00,2026-08-25 07:00:00,48,43.1,43.04143
1303,28.810256,77.153846,0,0.57,4,BAKHTAWAR PUR,0.0,OpenAQ live network,2026-08-23 07:00:00,2026-08-25 07:00:00,48,103.7,115.063835
1304,28.810256,77.169231,1,1.678,4,BAKHTAWAR PUR,0.0,OpenAQ live network,2026-08-23 07:00:00,2026-08-25 07:00:00,48,66.2,59.678696
1305,28.810256,77.184615,1,3.13,4,BAKHTAWAR PUR,0.0,OpenAQ live network,2026-08-23 07:00:00,2026-08-25 07:00:00,48,76.8,65.94518
1306,28.810256,77.2,1,4.613,4,BAKHTAWAR PUR,23.03044689278691,OpenAQ live network,2026-08-23 07:00:00,2026-08-25 07:00:00,48,68.7,65.22217
1307,28.810256,77.215385,1,6.103,4,BAKHTAWAR PUR,0.0,OpenAQ live network,2026-08-23 07:00:00,2026-08-25 07:00:00,48,32.9,25.975605
1308,28.810256,77.230769,1,7.522,4,BAKHTAWAR PUR,1317.8820949256765,OpenAQ live network,2026-08-23 07:00:00,2026-08-25 07:00:00,48,120.9,121.90651
1309,28.810256,77.246154,1,6.693,4,BAKHTAWAR PUR,2962.021706388579,OpenAQ live network,2026-08-23 07:00:00,2026-08-25 07:00:00,48,36.8,30.729136
1310,28.810256,77.261538,1,6.124,4,BAKHTAWAR PUR,4545.357542940646,OpenAQ live network,2026-08-23 07:00:00,2026-08-25 07:00:00,48,35.4,29.12591
1311,28.810256,77.276923,1,5.892,7,BURARI,5914.326872919186,OpenAQ live network,2026-08-23 07:00:00,2026-08-25 07:00:00,48,35.4,29.12591
1312,28.810256,77.292308,1,6.035,7,BURARI,7404.662698559121,OpenAQ live network,2026-08-23 07:00:00,2026-08-25 07:00:00,48,35.4,29.12591
1313,28.810256,77.307692,1,6.528,272,SONIA VIHAR,8883.704262127167,OpenAQ live network,2026-08-23 07:00:00,2026-08-25 07:00:00,48,35.4,29.12591
1314,28.810256,77.323077,1,7.301,272,SONIA VIHAR,10058.587293150054,OpenAQ live network,2026-08-23 07:00:00,2026-08-25 07:00:00,48,120.9,121.90651
1315,28.810256,77.338462,1,8.276,272,SONIA VIHAR,11370.861788020044,OpenAQ live network,2026-08-23 07:00:00,2026-08-25 07:00:00,48,120.2,121.90651
1316,28.810256,77.353846,1,9.391,264,HARSH VIHAR,12633.868281995166,OpenAQ live network,2026-08-23 07:00:00,2026-08-25 07:00:00,48,107.0,94.93693
1317,28.810256,77.369231,1,10.6,264,HARSH VIHAR,13089.940105341757,OpenAQ live network,2026-08-23 07:00:00,2026-08-25 07:00:00,48,107.0,94.93693
1318,28.810256,77.384615,1,11.876,264,HARSH VIHAR,13745.670016808152,OpenAQ live network,2026-08-23 07:00:00,2026-08-25 07:00:00,48,107.0,94.93693
1319,28.810256,77.4,1,13.199,264,HARSH VIHAR,14574.211889688704,OpenAQ live network,2026-08-23 07:00:00,2026-08-25 07:00:00,48,107.0,94.93693
1320,28.823077,76.8,1,20.948,28,BAWANA,16126.332924608125,OpenAQ live network,2026-08-23 07:00:00,2026-08-25 07:00:00,48,96.4,91.00437
1321,28.823077,76.815385,1,20.109,28,BAWANA,14450.49694000715,OpenAQ live network,2026-08-23 07:00:00,2026-08-25 07:00:00,48,96.4,91.00437
1322,28.823077,76.830769,1,19.351,28,BAWANA,12784.530154501592,OpenAQ live network,2026-08-23 07:00:00,2026-08-25 07:00:00,48,96.4,91.00437
1323,28.823077,76.846154,1,18.683,28,BAWANA,11132.599125506727,OpenAQ live network,2026-08-23 07:00:00,2026-08-25 07:00:00,48,96.3,91.00437
1324,28.823077,76.861538,1,18.114,28,BAWANA,9502.297299422638,OpenAQ live network,2026-08-23 07:00:00,2026-08-25 07:00:00,48,96.4,91.00437
1325,28.823077,76.876923,1,17.655,28,BAWANA,7840.014791538322,OpenAQ live network,2026-08-23 07:00:00,2026-08-25 07:00:00,48,96.4,91.00437
1326,28.823077,76.892308,1,16.325,28,BAWANA,6175.235240806585,OpenAQ live network,2026-08-23 07:00:00,2026-08-25 07:00:00,48,95.4,88.25675
1327,28.823077,76.907692,1,14.912,28,BAWANA,4539.668442958497,OpenAQ live network,2026-08-23 07:00:00,2026-08-25 07:00:00,48,95.2,88.25675
1328,28.823077,76.923077,1,13.518,28,BAWANA,2960.4077369793126,OpenAQ live network,2026-08-23 07:00:00,2026-08-25 07:00:00,48,95.0,88.25675
1329,28.823077,76.938462,1,12.148,28,BAWANA,1484.3101872727027,OpenAQ live network,2026-08-23 07:00:00,2026-08-25 07:00:00,48,95.4,88.25675
1330,28.823077,76.953846,1,10.813,28,BAWANA,689.8599109778314,OpenAQ live network,2026-08-23 07:00:00,2026-08-25 07:00:00,48,95.4,88.25675
1331,28.823077,76.969231,1,9.527,28,BAWANA,0.0,OpenAQ live network,2026-08-23 07:00:00,2026-08-25 07:00:00,48,95.4,88.25675
1332,28.823077,76.984615,1,8.313,28,BAWANA,0.0,OpenAQ live network,2026-08-23 07:00:00,2026-08-25 07:00:00,48,103.2,106.50771
1333,28.823077,77.0,1,7.207,28,BAWANA,0.0,OpenAQ live network,2026-08-23 07:00:00,2026-08-25 07:00:00,48,103.6,106.50771
1334,28.823077,77.015385,1,6.266,28,BAWANA,0.0,OpenAQ live network,2026-08-23 07:00:00,2026-08-25 07:00:00,48,71.3,21.425121
1335,28.823077,77.030769,1,5.575,28,BAWANA,0.0,OpenAQ live network,2026-08-23 07:00:00,2026-08-25 07:00:00,48,73.2,21.425121
1336,28.823077,77.046154,1,5.234,28,BAWANA,0.0,OpenAQ live network,2026-08-23 07:00:00,2026-08-25 07:00:00,48,31.8,21.425121
1337,28.823077,77.061538,1,3.94,3,ALIPUR,0.0,OpenAQ live network,2026-08-23 07:00:00,2026-08-25 07:00:00,48,80.0,77.78571
1338,28.823077,77.076923,1,2.441,3,ALIPUR,0.0,OpenAQ live network,2026-08-23 07:00:00,2026-08-25 07:00:00,48,82.6,78.79954
1339,28.823077,77.092308,1,0.943,3,ALIPUR,0.0,OpenAQ live network,2026-08-23 07:00:00,2026-08-25 07:00:00,48,62.3,53.69362
1340,28.823077,77.107692,0,0.557,1,NARELA,0.0,OpenAQ live network,2026-08-23 07:00:00,2026-08-25 07:00:00,48,104.6,102.17379
1341,28.823077,77.123077,1,2.055,4,BAKHTAWAR PUR,0.0,OpenAQ live network,2026-08-23 07:00:00,2026-08-25 07:00:00,48,73.5,66.12173
1342,28.823077,77.138462,1,1.659,4,BAKHTAWAR PUR,0.0,OpenAQ live network,2026-08-23 07:00:00,2026-08-25 07:00:00,48,67.6,59.678696
1343,28.823077,77.153846,1,0.865,4,BAKHTAWAR PUR,0.0,OpenAQ live network,2026-08-23 07:00:00,2026-08-25 07:00:00,48,95.4,104.93815
1344,28.823077,77.169231,1,1.8,4,BAKHTAWAR PUR,0.0,OpenAQ live network,2026-08-23 07:00:00,2026-08-25 07:00:00,48,75.4,72.1858
1345,28.823077,77.184615,1,3.197,4,BAKHTAWAR PUR,0.0,OpenAQ live network,2026-08-23 07:00:00,2026-08-25 07:00:00,48,67.3,51.55934
1346,28.823077,77.2,1,4.658,4,BAKHTAWAR PUR,0.0,OpenAQ live network,2026-08-23 07:00:00,2026-08-25 07:00:00,48,68.9,65.22217
1347,28.823077,77.215385,1,6.138,4,BAKHTAWAR PUR,0.0,OpenAQ live network,2026-08-23 07:00:00,2026-08-25 07:00:00,48,32.9,25.975605
1348,28.823077,77.230769,1,7.624,4,BAKHTAWAR PUR,777.6769024713352,OpenAQ live network,2026-08-23 07:00:00,2026-08-25 07:00:00,48,116.5,123.69561
1349,28.823077,77.246154,1,7.976,4,BAKHTAWAR PUR,2471.137442299169,OpenAQ live network,2026-08-23 07:00:00,2026-08-25 07:00:00,48,120.9,121.90651
1350,28.823077,77.261538,1,7.505,4,BAKHTAWAR PUR,4180.15126639659,OpenAQ live network,2026-08-23 07:00:00,2026-08-25 07:00:00,48,120.9,121.90651
1351,28.823077,77.276923,1,7.317,4,BAKHTAWAR PUR,5891.32410881089,OpenAQ live network,2026-08-23 07:00:00,2026-08-25 07:00:00,48,120.9,121.90651
1352,28.823077,77.292308,1,7.432,4,BAKHTAWAR PUR,7603.162332312894,OpenAQ live network,2026-08-23 07:00:00,2026-08-25 07:00:00,48,120.9,121.90651
1353,28.823077,77.307692,1,7.838,4,BAKHTAWAR PUR,9315.187827979658,OpenAQ live network,2026-08-23 07:00:00,2026-08-25 07:00:00,48,120.9,121.90651
1354,28.823077,77.323077,1,8.493,4,BAKHTAWAR PUR,11027.484108665443,OpenAQ live network,2026-08-23 07:00:00,2026-08-25 07:00:00,48,106.8,95.95478
1355,28.823077,77.338462,1,9.344,272,SONIA VIHAR,12422.107893734488,OpenAQ live network,2026-08-23 07:00:00,2026-08-25 07:00:00,48,107.0,94.93693
1356,28.823077,77.353846,1,10.344,272,SONIA VIHAR,13722.027064592528,OpenAQ live network,2026-08-23 07:00:00,2026-08-25 07:00:00,48,107.0,94.93693
1357,28.823077,77.369231,1,11.453,264,HARSH VIHAR,14638.98906063405,OpenAQ live network,2026-08-23 07:00:00,2026-08-25 07:00:00,48,107.0,94.93693
1358,28.823077,77.384615,1,12.643,264,HARSH VIHAR,15228.161838084972,OpenAQ live network,2026-08-23 07:00:00,2026-08-25 07:00:00,48,107.0,94.93693
1359,28.823077,77.4,1,13.893,264,HARSH VIHAR,15980.022558227896,OpenAQ live network,2026-08-23 07:00:00,2026-08-25 07:00:00,48,107.0,94.93693
1360,28.835897,76.8,1,22.121,28,BAWANA,16521.753581823483,OpenAQ live network,2026-08-23 07:00:00,2026-08-25 07:00:00,48,96.4,91.00437
1361,28.835897,76.815385,1,21.328,28,BAWANA,14880.383081800212,OpenAQ live network,2026-08-23 07:00:00,2026-08-25 07:00:00,48,96.4,91.00437
1362,28.835897,76.830769,1,20.615,28,BAWANA,13214.830399713075,OpenAQ live network,2026-08-23 07:00:00,2026-08-25 07:00:00,48,96.4,91.00437
1363,28.835897,76.846154,1,19.989,28,BAWANA,11562.905970806458,OpenAQ live network,2026-08-23 07:00:00,2026-08-25 07:00:00,48,96.4,91.00437
1364,28.835897,76.861538,1,19.459,28,BAWANA,9928.019971736809,OpenAQ live network,2026-08-23 07:00:00,2026-08-25 07:00:00,48,96.4,91.00437
1365,28.835897,76.876923,1,18.221,28,BAWANA,8321.892900545517,OpenAQ live network,2026-08-23 07:00:00,2026-08-25 07:00:00,48,95.4,88.25675
1366,28.835897,76.892308,1,16.833,28,BAWANA,6752.994213015574,OpenAQ live network,2026-08-23 07:00:00,2026-08-25 07:00:00,48,95.4,88.25675
1367,28.835897,76.907692,1,15.467,28,BAWANA,5247.390072945181,OpenAQ live network,2026-08-23 07:00:00,2026-08-25 07:00:00,48,95.2,88.25675
1368,28.835897,76.923077,1,14.128,28,BAWANA,3843.668263908628,OpenAQ live network,2026-08-23 07:00:00,2026-08-25 07:00:00,48,95.6,88.25675
1369,28.835897,76.938462,1,12.824,28,BAWANA,2657.1421979397383,OpenAQ live network,2026-08-23 07:00:00,2026-08-25 07:00:00,48,95.4,88.25675
1370,28.835897,76.953846,1,11.568,28,BAWANA,1689.7521275818513,OpenAQ live network,2026-08-23 07:00:00,2026-08-25 07:00:00,48,95.4,88.25675
1371,28.835897,76.969231,1,10.376,28,BAWANA,988.9509455675392,OpenAQ live network,2026-08-23 07:00:00,2026-08-25 07:00:00,48,95.4,88.25675
1372,28.835897,76.984615,1,9.273,28,BAWANA,335.6046709860727,OpenAQ live network,2026-08-23 07:00:00,2026-08-25 07:00:00,48,95.4,88.25675
1373,28.835897,77.0,1,8.296,28,BAWANA,0.0,OpenAQ live network,2026-08-23 07:00:00,2026-08-25 07:00:00,48,102.8,106.50771
1374,28.835897,77.015385,1,7.494,28,BAWANA,0.0,OpenAQ live network,2026-08-23 07:00:00,2026-08-25 07:00:00,48,104.0,106.50771
1375,28.835897,77.030769,1,6.927,28,BAWANA,8.771866671881982,OpenAQ live network,2026-08-23 07:00:00,2026-08-25 07:00:00,48,108.4,106.50771
1376,28.835897,77.046154,1,5.629,2,BANKNER,0.0,OpenAQ live network,2026-08-23 07:00:00,2026-08-25 07:00:00,48,35.3,37.39194
1377,28.835897,77.061538,1,4.199,2,BANKNER,0.0,OpenAQ live network,2026-08-23 07:00:00,2026-08-25 07:00:00,48,81.0,78.44026
1378,28.835897,77.076923,1,2.84,2,BANKNER,0.0,OpenAQ live network,2026-08-23 07:00:00,2026-08-25 07:00:00,48,103.4,102.59876
1379,28.835897,77.092308,1,1.731,1,NARELA,0.0,OpenAQ live network,2026-08-23 07:00:00,2026-08-25 07:00:00,48,57.9,52.46136
1380,28.835897,77.107692,1,1.555,1,NARELA,0.0,OpenAQ live network,2026-08-23 07:00:00,2026-08-25 07:00:00,48,48.3,40.510593
1381,28.835897,77.123077,1,2.516,4,BAKHTAWAR PUR,0.0,OpenAQ live network,2026-08-23 07:00:00,2026-08-25 07:00:00,48,75.1,72.18519
1382,28.835897,77.138462,1,2.691,4,BAKHTAWAR PUR,0.0,OpenAQ live network,2026-08-23 07:00:00,2026-08-25 07:00:00,48,82.9,77.26685
1383,28.835897,77.153846,1,2.289,4,BAKHTAWAR PUR,0.0,OpenAQ live network,2026-08-23 07:00:00,2026-08-25 07:00:00,48,80.7,78.249504
1384,28.835897,77.169231,1,2.78,4,BAKHTAWAR PUR,0.0,OpenAQ live network,2026-08-23 07:00:00,2026-08-25 07:00:00,48,80.9,77.26685
1385,28.835897,77.184615,1,3.835,4,BAKHTAWAR PUR,0.0,OpenAQ live network,2026-08-23 07:00:00,2026-08-25 07:00:00,48,82.5,78.890686
1386,28.835897,77.2,1,5.117,4,BAKHTAWAR PUR,0.0,OpenAQ live network,2026-08-23 07:00:00,2026-08-25 07:00:00,48,31.3,25.975605
1387,28.835897,77.215385,1,6.493,4,BAKHTAWAR PUR,0.0,OpenAQ live network,2026-08-23 07:00:00,2026-08-25 07:00:00,48,32.9,25.975605
1388,28.835897,77.230769,1,7.913,4,BAKHTAWAR PUR,1101.3977215941395,OpenAQ live network,2026-08-23 07:00:00,2026-08-25 07:00:00,48,116.5,123.69561
1389,28.835897,77.246154,1,9.301,4,BAKHTAWAR PUR,2661.042091542436,OpenAQ live network,2026-08-23 07:00:00,2026-08-25 07:00:00,48,107.0,94.93693
1390,28.835897,77.261538,1,8.9,4,BAKHTAWAR PUR,4307.982517014007,OpenAQ live network,2026-08-23 07:00:00,2026-08-25 07:00:00,48,107.1,94.93693
1391,28.835897,77.276923,1,8.742,4,BAKHTAWAR PUR,5984.707644526239,OpenAQ live network,2026-08-23 07:00:00,2026-08-25 07:00:00,48,107.1,94.93693
1392,28.835897,77.292308,1,8.839,4,BAKHTAWAR PUR,7677.309448325573,OpenAQ live network,2026-08-23 07:00:00,2026-08-25 07:00:00,48,107.1,94.93693
1393,28.835897,77.307692,1,9.183,4,BAKHTAWAR PUR,9377.083912622824,OpenAQ live network,2026-08-23 07:00:00,2026-08-25 07:00:00,48,107.0,94.93693
1394,28.835897,77.323077,1,9.748,4,BAKHTAWAR PUR,11080.900743132364,OpenAQ live network,2026-08-23 07:00:00,2026-08-25 07:00:00,48,107.0,94.93693
1395,28.835897,77.338462,1,10.498,4,BAKHTAWAR PUR,12787.077946321351,OpenAQ live network,2026-08-23 07:00:00,2026-08-25 07:00:00,48,107.0,94.93693
1396,28.835897,77.353846,1,11.397,4,BAKHTAWAR PUR,14494.67099357859,OpenAQ live network,2026-08-23 07:00:00,2026-08-25 07:00:00,48,107.0,94.93693
1397,28.835897,77.369231,1,12.412,272,SONIA VIHAR,16076.950256663613,OpenAQ live network,2026-08-23 07:00:00,2026-08-25 07:00:00,48,107.0,94.93693
1398,28.835897,77.384615,1,13.518,264,HARSH VIHAR,16737.96894006578,OpenAQ live network,2026-08-23 07:00:00,2026-08-25 07:00:00,48,107.0,94.93693
1399,28.835897,77.4,1,14.693,264,HARSH VIHAR,17424.804510615657,OpenAQ live network,2026-08-23 07:00:00,2026-08-25 07:00:00,48,107.1,94.93693
1400,28.848718,76.8,1,23.322,28,BAWANA,16952.093205913432,OpenAQ live network,2026-08-23 07:00:00,2026-08-25 07:00:00,48,96.4,91.00437
1401,28.848718,76.815385,1,22.572,28,BAWANA,15317.462791624012,OpenAQ live network,2026-08-23 07:00:00,2026-08-25 07:00:00,48,96.4,91.00437
1402,28.848718,76.830769,1,21.899,28,BAWANA,13701.006555887196,OpenAQ live network,2026-08-23 07:00:00,2026-08-25 07:00:00,48,96.4,91.00437
1403,28.848718,76.846154,1,21.311,28,BAWANA,12110.887570014527,OpenAQ live network,2026-08-23 07:00:00,2026-08-25 07:00:00,48,96.4,91.00437
1404,28.848718,76.861538,1,20.15,28,BAWANA,10545.910992208905,OpenAQ live network,2026-08-23 07:00:00,2026-08-25 07:00:00,48,95.4,88.25675
1405,28.848718,76.876923,1,18.786,28,BAWANA,9023.011774629582,OpenAQ live network,2026-08-23 07:00:00,2026-08-25 07:00:00,48,95.3,88.25675
1406,28.848718,76.892308,1,17.444,28,BAWANA,7562.510579794229,OpenAQ live network,2026-08-23 07:00:00,2026-08-25 07:00:00,48,95.4,88.25675
1407,28.848718,76.907692,1,16.13,28,BAWANA,6198.799815653738,OpenAQ live network,2026-08-23 07:00:00,2026-08-25 07:00:00,48,95.6,88.25675
1408,28.848718,76.923077,1,14.851,28,BAWANA,4981.068602482169,OpenAQ live network,2026-08-23 07:00:00,2026-08-25 07:00:00,48,95.6,88.25675
1409,28.848718,76.938462,1,13.616,28,BAWANA,4048.2711985023466,OpenAQ live network,2026-08-23 07:00:00,2026-08-25 07:00:00,48,95.4,88.25675
1410,28.848718,76.953846,1,12.44,28,BAWANA,2971.423718880674,OpenAQ live network,2026-08-23 07:00:00,2026-08-25 07:00:00,48,95.4,88.25675
1411,28.848718,76.969231,1,11.34,28,BAWANA,2598.297219911418,OpenAQ live network,2026-08-23 07:00:00,2026-08-25 07:00:00,48,95.4,88.25675
1412,28.848718,76.984615,1,10.342,28,BAWANA,1517.541951519754,OpenAQ live network,2026-08-23 07:00:00,2026-08-25 07:00:00,48,95.4,88.25675
1413,28.848718,77.0,1,9.475,28,BAWANA,1209.1498697693412,OpenAQ live network,2026-08-23 07:00:00,2026-08-25 07:00:00,48,95.4,88.25675
1414,28.848718,77.015385,1,8.781,28,BAWANA,1077.9185548395149,OpenAQ live network,2026-08-23 07:00:00,2026-08-25 07:00:00,48,95.4,88.25675
1415,28.848718,77.030769,1,7.51,28,BAWANA,1464.802628386708,OpenAQ live network,2026-08-23 07:00:00,2026-08-25 07:00:00,48,114.1,112.9693
1416,28.848718,77.046154,1,6.153,2,BANKNER,67.88350489475093,OpenAQ live network,2026-08-23 07:00:00,2026-08-25 07:00:00,48,40.3,37.39194
1417,28.848718,77.061538,1,4.879,2,BANKNER,0.0,OpenAQ live network,2026-08-23 07:00:00,2026-08-25 07:00:00,48,69.9,61.129562
1418,28.848718,77.076923,1,3.774,2,BANKNER,0.0,OpenAQ live network,2026-08-23 07:00:00,2026-08-25 07:00:00,48,84.0,77.78571
1419,28.848718,77.092308,1,3.028,1,NARELA,0.0,OpenAQ live network,2026-08-23 07:00:00,2026-08-25 07:00:00,48,70.4,59.5749
1420,28.848718,77.107692,1,2.931,1,NARELA,0.0,OpenAQ live network,2026-08-23 07:00:00,2026-08-25 07:00:00,48,63.0,59.5749
1421,28.848718,77.123077,1,3.536,1,NARELA,0.0,OpenAQ live network,2026-08-23 07:00:00,2026-08-25 07:00:00,48,65.8,60.127438
1422,28.848718,77.138462,1,3.974,1,NARELA,0.0,OpenAQ live network,2026-08-23 07:00:00,2026-08-25 07:00:00,48,83.8,82.727806
1423,28.848718,77.153846,1,3.714,4,BAKHTAWAR PUR,1062.7869291007703,OpenAQ live network,2026-08-23 07:00:00,2026-08-25 07:00:00,48,81.4,78.890686
1424,28.848718,77.169231,1,4.035,4,BAKHTAWAR PUR,0.0,OpenAQ live network,2026-08-23 07:00:00,2026-08-25 07:00:00,48,84.1,82.727806
1425,28.848718,77.184615,1,4.823,4,BAKHTAWAR PUR,0.0,OpenAQ live network,2026-08-23 07:00:00,2026-08-25 07:00:00,48,68.9,65.22217
1426,28.848718,77.2,1,5.894,4,BAKHTAWAR PUR,0.0,OpenAQ live network,2026-08-23 07:00:00,2026-08-25 07:00:00,48,31.3,25.975605
1427,28.848718,77.215385,1,7.121,4,BAKHTAWAR PUR,202.58846144228056,OpenAQ live network,2026-08-23 07:00:00,2026-08-25 07:00:00,48,116.5,123.69561
1428,28.848718,77.230769,1,8.436,4,BAKHTAWAR PUR,1868.459201813316,OpenAQ live network,2026-08-23 07:00:00,2026-08-25 07:00:00,48,96.1,95.37575
1429,28.848718,77.246154,1,9.803,4,BAKHTAWAR PUR,3387.0044848930406,OpenAQ live network,2026-08-23 07:00:00,2026-08-25 07:00:00,48,94.0,94.357895
1430,28.848718,77.261538,1,10.304,4,BAKHTAWAR PUR,4890.475547759619,OpenAQ live network,2026-08-23 07:00:00,2026-08-25 07:00:00,48,107.0,94.93693
1431,28.848718,77.276923,1,10.168,4,BAKHTAWAR PUR,6445.59666338717,OpenAQ live network,2026-08-23 07:00:00,2026-08-25 07:00:00,48,107.0,94.93693
1432,28.848718,77.292308,1,10.251,4,BAKHTAWAR PUR,8050.071916788337,OpenAQ live network,2026-08-23 07:00:00,2026-08-25 07:00:00,48,107.0,94.93693
1433,28.848718,77.307692,1,10.549,4,BAKHTAWAR PUR,9691.535392550642,OpenAQ live network,2026-08-23 07:00:00,2026-08-25 07:00:00,48,107.0,94.93693
1434,28.848718,77.323077,1,11.044,4,BAKHTAWAR PUR,11349.467164190834,OpenAQ live network,2026-08-23 07:00:00,2026-08-25 07:00:00,48,107.0,94.93693
1435,28.848718,77.338462,1,11.711,4,BAKHTAWAR PUR,13020.499454214209,OpenAQ live network,2026-08-23 07:00:00,2026-08-25 07:00:00,48,107.0,94.93693
1436,28.848718,77.353846,1,12.523,4,BAKHTAWAR PUR,14701.004416160928,OpenAQ live network,2026-08-23 07:00:00,2026-08-25 07:00:00,48,107.0,94.93693
1437,28.848718,77.369231,1,13.454,4,BAKHTAWAR PUR,16388.252981022335,OpenAQ live network,2026-08-23 07:00:00,2026-08-25 07:00:00,48,107.0,94.93693
1438,28.848718,77.384615,1,14.48,4,BAKHTAWAR PUR,18080.16874357248,OpenAQ live network,2026-08-23 07:00:00,2026-08-25 07:00:00,48,107.1,94.93693
1439,28.848718,77.4,1,15.583,264,HARSH VIHAR,18899.873556883493,OpenAQ live network,2026-08-23 07:00:00,2026-08-25 07:00:00,48,107.1,94.93693
1440,28.861538,76.8,1,24.547,28,BAWANA,17482.674606365123,OpenAQ live network,2026-08-23 07:00:00,2026-08-25 07:00:00,48,96.4,91.00437
1441,28.861538,76.815385,1,23.835,28,BAWANA,15901.81199364061,OpenAQ live network,2026-08-23 07:00:00,2026-08-25 07:00:00,48,96.4,91.00437
1442,28.861538,76.830769,1,23.199,28,BAWANA,14338.844592120127,OpenAQ live network,2026-08-23 07:00:00,2026-08-25 07:00:00,48,96.4,91.00437
1443,28.861538,76.846154,1,22.104,28,BAWANA,12808.929044483308,OpenAQ live network,2026-08-23 07:00:00,2026-08-25 07:00:00,48,95.4,88.25675
1444,28.861538,76.861538,1,20.761,28,BAWANA,11330.742693226975,OpenAQ live network,2026-08-23 07:00:00,2026-08-25 07:00:00,48,95.4,88.25675
1445,28.861538,76.876923,1,19.44,28,BAWANA,9898.554451234411,OpenAQ live network,2026-08-23 07:00:00,2026-08-25 07:00:00,48,95.4,88.25675
1446,28.861538,76.892308,1,18.146,28,BAWANA,8556.713167495389,OpenAQ live network,2026-08-23 07:00:00,2026-08-25 07:00:00,48,95.8,88.25675
1447,28.861538,76.907692,1,16.887,28,BAWANA,7330.646614180619,OpenAQ live network,2026-08-23 07:00:00,2026-08-25 07:00:00,48,95.8,88.25675
1448,28.861538,76.923077,1,15.67,28,BAWANA,6334.374874451513,OpenAQ live network,2026-08-23 07:00:00,2026-08-25 07:00:00,48,95.6,88.25675
1449,28.861538,76.938462,1,14.505,28,BAWANA,5264.617604175852,OpenAQ live network,2026-08-23 07:00:00,2026-08-25 07:00:00,48,95.6,88.25675
1450,28.861538,76.953846,1,13.408,28,BAWANA,4462.35867954018,OpenAQ live network,2026-08-23 07:00:00,2026-08-25 07:00:00,48,95.4,88.25675
1451,28.861538,76.969231,1,12.394,28,BAWANA,3833.154874829238,OpenAQ live network,2026-08-23 07:00:00,2026-08-25 07:00:00,48,95.4,88.25675
1452,28.861538,76.984615,1,11.488,28,BAWANA,2980.458638646249,OpenAQ live network,2026-08-23 07:00:00,2026-08-25 07:00:00,48,95.4,88.25675
1453,28.861538,77.0,1,10.715,28,BAWANA,2766.45925765806,OpenAQ live network,2026-08-23 07:00:00,2026-08-25 07:00:00,48,95.4,88.25675
1454,28.861538,77.015385,1,9.469,28,BAWANA,2697.725443610412,OpenAQ live network,2026-08-23 07:00:00,2026-08-25 07:00:00,48,96.0,95.76941
1455,28.861538,77.030769,1,8.163,2,BANKNER,2383.522705127184,OpenAQ live network,2026-08-23 07:00:00,2026-08-25 07:00:00,48,113.4,112.9693
1456,28.861538,77.046154,1,6.935,2,BANKNER,721.9704477376047,OpenAQ live network,2026-08-23 07:00:00,2026-08-25 07:00:00,48,114.1,112.9693
1457,28.861538,77.061538,1,5.834,2,BANKNER,0.0,OpenAQ live network,2026-08-23 07:00:00,2026-08-25 07:00:00,48,38.2,37.39194
1458,28.861538,77.076923,1,4.947,2,BANKNER,0.0,OpenAQ live network,2026-08-23 07:00:00,2026-08-25 07:00:00,48,85.4,84.904785
1459,28.861538,77.092308,1,4.405,2,BANKNER,0.0,OpenAQ live network,2026-08-23 07:00:00,2026-08-25 07:00:00,48,73.3,65.4619
1460,28.861538,77.107692,1,4.339,2,BANKNER,0.0,OpenAQ live network,2026-08-23 07:00:00,2026-08-25 07:00:00,48,66.5,65.4619
1461,28.861538,77.123077,1,4.769,1,NARELA,297.5164662398799,OpenAQ live network,2026-08-23 07:00:00,2026-08-25 07:00:00,48,62.8,61.129562
1462,28.861538,77.138462,1,5.33,1,NARELA,0.0,OpenAQ live network,2026-08-23 07:00:00,2026-08-25 07:00:00,48,30.1,25.975605
1463,28.861538,77.153846,1,5.139,1,NARELA,1345.3124070850097,OpenAQ live network,2026-08-23 07:00:00,2026-08-25 07:00:00,48,30.1,25.975605
1464,28.861538,77.169231,1,5.376,4,BAKHTAWAR PUR,680.0727436717048,OpenAQ live network,2026-08-23 07:00:00,2026-08-25 07:00:00,48,31.8,25.975605
1465,28.861538,77.184615,1,5.99,4,BAKHTAWAR PUR,457.7734502548162,OpenAQ live network,2026-08-23 07:00:00,2026-08-25 07:00:00,48,31.3,25.975605
1466,28.861538,77.2,1,6.881,4,BAKHTAWAR PUR,296.2475709736353,OpenAQ live network,2026-08-23 07:00:00,2026-08-25 07:00:00,48,116.5,123.69561
1467,28.861538,77.215385,1,7.957,4,BAKHTAWAR PUR,629.6555281333782,OpenAQ live network,2026-08-23 07:00:00,2026-08-25 07:00:00,48,116.4,123.69561
1468,28.861538,77.230769,1,9.153,4,BAKHTAWAR PUR,2173.777608904624,OpenAQ live network,2026-08-23 07:00:00,2026-08-25 07:00:00,48,94.0,94.357895
1469,28.861538,77.246154,1,10.427,4,BAKHTAWAR PUR,3845.0446550103406,OpenAQ live network,2026-08-23 07:00:00,2026-08-25 07:00:00,48,94.0,94.357895
1470,28.861538,77.261538,1,11.713,4,BAKHTAWAR PUR,5500.743702954508,OpenAQ live network,2026-08-23 07:00:00,2026-08-25 07:00:00,48,107.0,94.93693
1471,28.861538,77.276923,1,11.593,4,BAKHTAWAR PUR,7158.280656542462,OpenAQ live network,2026-08-23 07:00:00,2026-08-25 07:00:00,48,107.0,94.93693
1472,28.861538,77.292308,1,11.666,4,BAKHTAWAR PUR,8683.093326235974,OpenAQ live network,2026-08-23 07:00:00,2026-08-25 07:00:00,48,107.0,94.93693
1473,28.861538,77.307692,1,11.929,4,BAKHTAWAR PUR,10236.419497103368,OpenAQ live network,2026-08-23 07:00:00,2026-08-25 07:00:00,48,107.0,94.93693
1474,28.861538,77.323077,1,12.368,4,BAKHTAWAR PUR,11822.627856739698,OpenAQ live network,2026-08-23 07:00:00,2026-08-25 07:00:00,48,107.0,94.93693
1475,28.861538,77.338462,1,12.968,4,BAKHTAWAR PUR,13439.907637651466,OpenAQ live network,2026-08-23 07:00:00,2026-08-25 07:00:00,48,107.0,94.93693
1476,28.861538,77.353846,1,13.705,4,BAKHTAWAR PUR,15078.15705502398,OpenAQ live network,2026-08-23 07:00:00,2026-08-25 07:00:00,48,107.0,94.93693
1477,28.861538,77.369231,1,14.56,4,BAKHTAWAR PUR,16730.48272933087,OpenAQ live network,2026-08-23 07:00:00,2026-08-25 07:00:00,48,107.1,94.93693
1478,28.861538,77.384615,1,15.513,4,BAKHTAWAR PUR,18390.94120436761,OpenAQ live network,2026-08-23 07:00:00,2026-08-25 07:00:00,48,107.1,94.93693
1479,28.861538,77.4,1,16.548,4,BAKHTAWAR PUR,20060.26737380359,OpenAQ live network,2026-08-23 07:00:00,2026-08-25 07:00:00,48,107.4,94.93693
1480,28.874359,76.8,1,25.792,28,BAWANA,18131.950245334585,OpenAQ live network,2026-08-23 07:00:00,2026-08-25 07:00:00,48,96.4,91.00437
1481,28.874359,76.815385,1,25.117,28,BAWANA,16598.23830799231,OpenAQ live network,2026-08-23 07:00:00,2026-08-25 07:00:00,48,96.4,91.00437
1482,28.874359,76.830769,1,24.078,28,BAWANA,15103.133548324548,OpenAQ live network,2026-08-23 07:00:00,2026-08-25 07:00:00,48,95.4,88.25675
1483,28.874359,76.846154,1,22.752,28,BAWANA,13646.26606098496,OpenAQ live network,2026-08-23 07:00:00,2026-08-25 07:00:00,48,95.4,88.25675
1484,28.874359,76.861538,1,21.449,28,BAWANA,12245.50665651901,OpenAQ live network,2026-08-23 07:00:00,2026-08-25 07:00:00,48,95.4,88.25675
1485,28.874359,76.876923,1,20.173,28,BAWANA,10917.49453683873,OpenAQ live network,2026-08-23 07:00:00,2026-08-25 07:00:00,48,95.9,88.25675
1486,28.874359,76.892308,1,18.93,28,BAWANA,9687.378821440543,OpenAQ live network,2026-08-23 07:00:00,2026-08-25 07:00:00,48,95.8,88.25675
1487,28.874359,76.907692,1,17.727,28,BAWANA,8623.592521757018,OpenAQ live network,2026-08-23 07:00:00,2026-08-25 07:00:00,48,95.8,88.25675
1488,28.874359,76.923077,1,16.571,28,BAWANA,7598.69424013955,OpenAQ live network,2026-08-23 07:00:00,2026-08-25 07:00:00,48,95.8,88.25675
1489,28.874359,76.938462,1,15.475,28,BAWANA,6652.340410492326,OpenAQ live network,2026-08-23 07:00:00,2026-08-25 07:00:00,48,95.6,88.25675
1490,28.874359,76.953846,1,14.451,28,BAWANA,6025.760278473554,OpenAQ live network,2026-08-23 07:00:00,2026-08-25 07:00:00,48,95.6,88.25675
1491,28.874359,76.969231,1,13.517,28,BAWANA,5199.244626091063,OpenAQ live network,2026-08-23 07:00:00,2026-08-25 07:00:00,48,95.4,88.25675
1492,28.874359,76.984615,1,12.69,28,BAWANA,4535.090243467308,OpenAQ live network,2026-08-23 07:00:00,2026-08-25 07:00:00,48,95.4,88.25675
1493,28.874359,77.0,1,11.466,28,BAWANA,4359.068540627112,OpenAQ live network,2026-08-23 07:00:00,2026-08-25 07:00:00,48,96.0,95.76941
1494,28.874359,77.015385,1,10.196,28,BAWANA,4315.396246193765,OpenAQ live network,2026-08-23 07:00:00,2026-08-25 07:00:00,48,96.0,95.76941
1495,28.874359,77.030769,1,8.996,2,BANKNER,3000.936247170902,OpenAQ live network,2026-08-23 07:00:00,2026-08-25 07:00:00,48,96.0,95.76941
1496,28.874359,77.046154,1,7.899,2,BANKNER,1574.5168304055542,OpenAQ live network,2026-08-23 07:00:00,2026-08-25 07:00:00,48,114.1,112.9693
1497,28.874359,77.061538,1,6.953,2,BANKNER,448.53144940259085,OpenAQ live network,2026-08-23 07:00:00,2026-08-25 07:00:00,48,114.1,112.9693
1498,28.874359,77.076923,1,6.227,2,BANKNER,222.4717566171219,OpenAQ live network,2026-08-23 07:00:00,2026-08-25 07:00:00,48,38.2,37.39194
1499,28.874359,77.092308,1,5.806,1,NARELA,199.1120015999633,OpenAQ live network,2026-08-23 07:00:00,2026-08-25 07:00:00,48,38.2,37.39194
1500,28.874359,77.107692,1,5.756,1,NARELA,591.9403635461932,OpenAQ live network,2026-08-23 07:00:00,2026-08-25 07:00:00,48,41.7,37.39194
1501,28.874359,77.123077,1,6.086,1,NARELA,1481.5421339165623,OpenAQ live network,2026-08-23 07:00:00,2026-08-25 07:00:00,48,41.7,37.39194
1502,28.874359,77.138462,1,6.715,1,NARELA,1531.5543220213124,OpenAQ live network,2026-08-23 07:00:00,2026-08-25 07:00:00,48,35.4,27.987648
1503,28.874359,77.153846,1,6.564,1,NARELA,2195.277275955373,OpenAQ live network,2026-08-23 07:00:00,2026-08-25 07:00:00,48,36.5,27.987648
1504,28.874359,77.169231,1,6.751,4,BAKHTAWAR PUR,2115.728600138661,OpenAQ live network,2026-08-23 07:00:00,2026-08-25 07:00:00,48,36.5,27.987648
1505,28.874359,77.184615,1,7.25,4,BAKHTAWAR PUR,2075.7893158198967,OpenAQ live network,2026-08-23 07:00:00,2026-08-25 07:00:00,48,116.5,123.69561
1506,28.874359,77.2,1,8.002,4,BAKHTAWAR PUR,1924.6992342667984,OpenAQ live network,2026-08-23 07:00:00,2026-08-25 07:00:00,48,115.8,123.69561
1507,28.874359,77.215385,1,8.944,4,BAKHTAWAR PUR,2093.253344870573,OpenAQ live network,2026-08-23 07:00:00,2026-08-25 07:00:00,48,94.2,94.357895
1508,28.874359,77.230769,1,10.022,4,BAKHTAWAR PUR,2992.7392008380007,OpenAQ live network,2026-08-23 07:00:00,2026-08-25 07:00:00,48,94.2,94.357895
1509,28.874359,77.246154,1,11.198,4,BAKHTAWAR PUR,4378.519493874947,OpenAQ live network,2026-08-23 07:00:00,2026-08-25 07:00:00,48,94.0,94.357895
1510,28.874359,77.261538,1,12.443,4,BAKHTAWAR PUR,5937.296072040423,OpenAQ live network,2026-08-23 07:00:00,2026-08-25 07:00:00,48,94.0,94.357895
1511,28.874359,77.276923,1,13.018,4,BAKHTAWAR PUR,7562.413020098757,OpenAQ live network,2026-08-23 07:00:00,2026-08-25 07:00:00,48,107.0,94.93693
1512,28.874359,77.292308,1,13.083,4,BAKHTAWAR PUR,9214.727288525211,OpenAQ live network,2026-08-23 07:00:00,2026-08-25 07:00:00,48,107.0,94.93693
1513,28.874359,77.307692,1,13.318,4,BAKHTAWAR PUR,10879.316778487551,OpenAQ live network,2026-08-23 07:00:00,2026-08-25 07:00:00,48,107.0,94.93693
1514,28.874359,77.323077,1,13.713,4,BAKHTAWAR PUR,12476.054653779183,OpenAQ live network,2026-08-23 07:00:00,2026-08-25 07:00:00,48,107.0,94.93693
1515,28.874359,77.338462,1,14.256,4,BAKHTAWAR PUR,14028.66186670735,OpenAQ live network,2026-08-23 07:00:00,2026-08-25 07:00:00,48,107.1,94.93693
1516,28.874359,77.353846,1,14.93,4,BAKHTAWAR PUR,15605.225299167463,OpenAQ live network,2026-08-23 07:00:00,2026-08-25 07:00:00,48,107.1,94.93693
1517,28.874359,77.369231,1,15.719,4,BAKHTAWAR PUR,17207.903658124033,OpenAQ live network,2026-08-23 07:00:00,2026-08-25 07:00:00,48,107.1,94.93693
1518,28.874359,77.384615,1,16.605,4,BAKHTAWAR PUR,18829.848443201103,OpenAQ live network,2026-08-23 07:00:00,2026-08-25 07:00:00,48,107.4,94.93693
1519,28.874359,77.4,1,17.575,4,BAKHTAWAR PUR,20466.66528439364,OpenAQ live network,2026-08-23 07:00:00,2026-08-25 07:00:00,48,107.4,94.93693
1520,28.887179,76.8,1,27.056,28,BAWANA,18883.41443059439,OpenAQ live network,2026-08-23 07:00:00,2026-08-25 07:00:00,48,96.4,91.00437
1521,28.887179,76.815385,1,26.065,28,BAWANA,17413.704926367325,OpenAQ live network,2026-08-23 07:00:00,2026-08-25 07:00:00,48,95.4,88.25675
1522,28.887179,76.830769,1,24.755,28,BAWANA,15976.152037054377,OpenAQ live network,2026-08-23 07:00:00,2026-08-25 07:00:00,48,95.4,88.25675
1523,28.887179,76.846154,1,23.468,28,BAWANA,14597.971789092397,OpenAQ live network,2026-08-23 07:00:00,2026-08-25 07:00:00,48,95.4,88.25675
1524,28.887179,76.861538,1,22.207,28,BAWANA,13279.526847222263,OpenAQ live network,2026-08-23 07:00:00,2026-08-25 07:00:00,48,95.9,88.25675
1525,28.887179,76.876923,1,20.978,28,BAWANA,12047.120494248138,OpenAQ live network,2026-08-23 07:00:00,2026-08-25 07:00:00,48,95.9,88.25675
1526,28.887179,76.892308,1,19.786,28,BAWANA,10944.71258969941,OpenAQ live network,2026-08-23 07:00:00,2026-08-25 07:00:00,48,95.9,88.25675
1527,28.887179,76.907692,1,18.638,28,BAWANA,9947.046216554694,OpenAQ live network,2026-08-23 07:00:00,2026-08-25 07:00:00,48,95.8,88.25675
1528,28.887179,76.923077,1,17.543,28,BAWANA,8927.207523087236,OpenAQ live network,2026-08-23 07:00:00,2026-08-25 07:00:00,48,95.8,88.25675
1529,28.887179,76.938462,1,16.511,28,BAWANA,8121.824910694325,OpenAQ live network,2026-08-23 07:00:00,2026-08-25 07:00:00,48,95.8,88.25675
1530,28.887179,76.953846,1,15.556,28,BAWANA,7477.627146199175,OpenAQ live network,2026-08-23 07:00:00,2026-08-25 07:00:00,48,95.6,88.25675
1531,28.887179,76.969231,1,14.692,28,BAWANA,6653.369320062555,OpenAQ live network,2026-08-23 07:00:00,2026-08-25 07:00:00,48,95.6,88.25675
1532,28.887179,76.984615,1,13.485,28,BAWANA,6128.948065131617,OpenAQ live network,2026-08-23 07:00:00,2026-08-25 07:00:00,48,96.1,95.76941
1533,28.887179,77.0,1,12.241,28,BAWANA,5971.825187406518,OpenAQ live network,2026-08-23 07:00:00,2026-08-25 07:00:00,48,96.0,95.76941
1534,28.887179,77.015385,1,11.06,2,BANKNER,5342.45406620485,OpenAQ live network,2026-08-23 07:00:00,2026-08-25 07:00:00,48,96.0,95.76941
1535,28.887179,77.030769,1,9.964,2,BANKNER,3916.5688840214816,OpenAQ live network,2026-08-23 07:00:00,2026-08-25 07:00:00,48,96.0,95.76941
1536,28.887179,77.046154,1,8.986,2,BANKNER,2664.1501775944034,OpenAQ live network,2026-08-23 07:00:00,2026-08-25 07:00:00,48,96.0,95.76941
1537,28.887179,77.061538,1,8.167,2,BANKNER,2076.720138748677,OpenAQ live network,2026-08-23 07:00:00,2026-08-25 07:00:00,48,113.8,112.9693
1538,28.887179,77.076923,1,7.559,2,BANKNER,791.5499972714344,OpenAQ live network,2026-08-23 07:00:00,2026-08-25 07:00:00,48,114.5,112.9693
1539,28.887179,77.092308,1,7.216,2,BANKNER,929.3149586156694,OpenAQ live network,2026-08-23 07:00:00,2026-08-25 07:00:00,48,114.6,112.9693
1540,28.887179,77.107692,1,7.176,1,NARELA,2171.446004197235,OpenAQ live network,2026-08-23 07:00:00,2026-08-25 07:00:00,48,114.6,112.9693
1541,28.887179,77.123077,1,7.444,1,NARELA,2636.047005596918,OpenAQ live network,2026-08-23 07:00:00,2026-08-25 07:00:00,48,114.5,112.9693
1542,28.887179,77.138462,1,7.988,1,NARELA,3106.7981772540043,OpenAQ live network,2026-08-23 07:00:00,2026-08-25 07:00:00,48,113.4,112.9693
1543,28.887179,77.153846,1,7.99,1,NARELA,3538.148845867637,OpenAQ live network,2026-08-23 07:00:00,2026-08-25 07:00:00,48,115.8,123.69561
1544,28.887179,77.169231,1,8.144,4,BAKHTAWAR PUR,3702.0987941716025,OpenAQ live network,2026-08-23 07:00:00,2026-08-25 07:00:00,48,115.8,123.69561
1545,28.887179,77.184615,1,8.562,4,BAKHTAWAR PUR,3694.640199647964,OpenAQ live network,2026-08-23 07:00:00,2026-08-25 07:00:00,48,94.6,95.37575
1546,28.887179,77.2,1,9.207,4,BAKHTAWAR PUR,3553.2248169751147,OpenAQ live network,2026-08-23 07:00:00,2026-08-25 07:00:00,48,94.2,94.357895
1547,28.887179,77.215385,1,10.037,4,BAKHTAWAR PUR,3672.891760635385,OpenAQ live network,2026-08-23 07:00:00,2026-08-25 07:00:00,48,94.2,94.357895
1548,28.887179,77.230769,1,11.008,4,BAKHTAWAR PUR,4274.087182982533,OpenAQ live network,2026-08-23 07:00:00,2026-08-25 07:00:00,48,94.2,94.357895
1549,28.887179,77.246154,1,12.088,4,BAKHTAWAR PUR,5356.680771987425,OpenAQ live network,2026-08-23 07:00:00,2026-08-25 07:00:00,48,94.0,94.357895
1550,28.887179,77.261538,1,13.25,4,BAKHTAWAR PUR,6691.343705251098,OpenAQ live network,2026-08-23 07:00:00,2026-08-25 07:00:00,48,94.0,94.357895
1551,28.887179,77.276923,1,14.444,4,BAKHTAWAR PUR,8168.312519469707,OpenAQ live network,2026-08-23 07:00:00,2026-08-25 07:00:00,48,107.1,94.93693
1552,28.887179,77.292308,1,14.502,4,BAKHTAWAR PUR,9722.907013902712,OpenAQ live network,2026-08-23 07:00:00,2026-08-25 07:00:00,48,107.1,94.93693
1553,28.887179,77.307692,1,14.714,4,BAKHTAWAR PUR,11323.094760604616,OpenAQ live network,2026-08-23 07:00:00,2026-08-25 07:00:00,48,107.1,94.93693
1554,28.887179,77.323077,1,15.073,4,BAKHTAWAR PUR,12952.133074751597,OpenAQ live network,2026-08-23 07:00:00,2026-08-25 07:00:00,48,107.1,94.93693
1555,28.887179,77.338462,1,15.569,4,BAKHTAWAR PUR,14597.333560320902,OpenAQ live network,2026-08-23 07:00:00,2026-08-25 07:00:00,48,107.1,94.93693
1556,28.887179,77.353846,1,16.188,4,BAKHTAWAR PUR,16256.221167155634,OpenAQ live network,2026-08-23 07:00:00,2026-08-25 07:00:00,48,107.1,94.93693
1557,28.887179,77.369231,1,16.918,4,BAKHTAWAR PUR,17821.26369128231,OpenAQ live network,2026-08-23 07:00:00,2026-08-25 07:00:00,48,107.4,94.93693
1558,28.887179,77.384615,1,17.745,4,BAKHTAWAR PUR,19391.97472257175,OpenAQ live network,2026-08-23 07:00:00,2026-08-25 07:00:00,48,107.4,94.93693
1559,28.887179,77.4,1,18.655,4,BAKHTAWAR PUR,20984.99175864366,OpenAQ live network,2026-08-23 07:00:00,2026-08-25 07:00:00,48,107.2,94.93693
1560,28.9,76.8,1,28.064,28,BAWANA,19730.83734271664,OpenAQ live network,2026-08-23 07:00:00,2026-08-25 07:00:00,48,95.4,88.25675
1561,28.9,76.815385,1,26.768,28,BAWANA,18314.938844800425,OpenAQ live network,2026-08-23 07:00:00,2026-08-25 07:00:00,48,95.4,88.25675
1562,28.9,76.830769,1,25.495,28,BAWANA,16953.975921218793,OpenAQ live network,2026-08-23 07:00:00,2026-08-25 07:00:00,48,95.4,88.25675
1563,28.9,76.846154,1,24.247,28,BAWANA,15642.35260373908,OpenAQ live network,2026-08-23 07:00:00,2026-08-25 07:00:00,48,95.9,88.25675
1564,28.9,76.861538,1,23.029,28,BAWANA,14408.564538602996,OpenAQ live network,2026-08-23 07:00:00,2026-08-25 07:00:00,48,95.9,88.25675
1565,28.9,76.876923,1,21.846,28,BAWANA,13281.340707169757,OpenAQ live network,2026-08-23 07:00:00,2026-08-25 07:00:00,48,95.9,88.25675
1566,28.9,76.892308,1,20.704,28,BAWANA,12290.14371145088,OpenAQ live network,2026-08-23 07:00:00,2026-08-25 07:00:00,48,95.9,88.25675
1567,28.9,76.907692,1,19.61,28,BAWANA,11234.64635747357,OpenAQ live network,2026-08-23 07:00:00,2026-08-25 07:00:00,48,95.9,88.25675
1568,28.9,76.923077,1,18.573,28,BAWANA,10334.581857978314,OpenAQ live network,2026-08-23 07:00:00,2026-08-25 07:00:00,48,95.8,88.25675
1569,28.9,76.938462,1,17.602,28,BAWANA,9643.291341923774,OpenAQ live network,2026-08-23 07:00:00,2026-08-25 07:00:00,48,95.8,88.25675
1570,28.9,76.953846,1,16.709,28,BAWANA,8881.714944161504,OpenAQ live network,2026-08-23 07:00:00,2026-08-25 07:00:00,48,95.8,88.25675
1571,28.9,76.969231,1,15.516,28,BAWANA,8159.776688633945,OpenAQ live network,2026-08-23 07:00:00,2026-08-25 07:00:00,48,96.2,95.76941
1572,28.9,76.984615,1,14.292,28,BAWANA,7738.128758576255,OpenAQ live network,2026-08-23 07:00:00,2026-08-25 07:00:00,48,96.2,95.76941
1573,28.9,77.0,1,13.124,28,BAWANA,7592.2010894019695,OpenAQ live network,2026-08-23 07:00:00,2026-08-25 07:00:00,48,96.1,95.76941
1574,28.9,77.015385,1,12.031,2,BANKNER,6275.119387056398,OpenAQ live network,2026-08-23 07:00:00,2026-08-25 07:00:00,48,96.0,95.76941
1575,28.9,77.030769,1,11.032,2,BANKNER,5017.531277996691,OpenAQ live network,2026-08-23 07:00:00,2026-08-25 07:00:00,48,96.0,95.76941
1576,28.9,77.046154,1,10.158,2,BANKNER,4065.0163054980303,OpenAQ live network,2026-08-23 07:00:00,2026-08-25 07:00:00,48,96.0,95.76941
1577,28.9,77.061538,1,9.441,2,BANKNER,3151.15484848104,OpenAQ live network,2026-08-23 07:00:00,2026-08-25 07:00:00,48,93.9,95.76941
1578,28.9,77.076923,1,8.921,2,BANKNER,2193.318975471865,OpenAQ live network,2026-08-23 07:00:00,2026-08-25 07:00:00,48,93.9,95.76941
1579,28.9,77.092308,1,8.632,2,BANKNER,2357.511808782852,OpenAQ live network,2026-08-23 07:00:00,2026-08-25 07:00:00,48,93.9,95.76941
1580,28.9,77.107692,1,8.598,2,BANKNER,3286.663025268766,OpenAQ live network,2026-08-23 07:00:00,2026-08-25 07:00:00,48,97.5,97.74686
1581,28.9,77.123077,1,8.823,1,NARELA,4089.131581054326,OpenAQ live network,2026-08-23 07:00:00,2026-08-25 07:00:00,48,93.9,95.76941
1582,28.9,77.138462,1,9.287,1,NARELA,4710.539636179729,OpenAQ live network,2026-08-23 07:00:00,2026-08-25 07:00:00,48,93.9,95.76941
1583,28.9,77.153846,1,9.415,1,NARELA,5052.224198991963,OpenAQ live network,2026-08-23 07:00:00,2026-08-25 07:00:00,48,94.2,94.357895
1584,28.9,77.169231,1,9.547,4,BAKHTAWAR PUR,5315.154735641778,OpenAQ live network,2026-08-23 07:00:00,2026-08-25 07:00:00,48,94.2,94.357895
1585,28.9,77.184615,1,9.905,4,BAKHTAWAR PUR,5301.165546693617,OpenAQ live network,2026-08-23 07:00:00,2026-08-25 07:00:00,48,94.2,94.357895
1586,28.9,77.2,1,10.468,4,BAKHTAWAR PUR,5182.078510419285,OpenAQ live network,2026-08-23 07:00:00,2026-08-25 07:00:00,48,94.2,94.357895
1587,28.9,77.215385,1,11.205,4,BAKHTAWAR PUR,5265.523677484854,OpenAQ live network,2026-08-23 07:00:00,2026-08-25 07:00:00,48,94.2,94.357895
1588,28.9,77.230769,1,12.083,4,BAKHTAWAR PUR,5733.965591407639,OpenAQ live network,2026-08-23 07:00:00,2026-08-25 07:00:00,48,94.2,94.357895
1589,28.9,77.246154,1,13.074,4,BAKHTAWAR PUR,6583.046623406421,OpenAQ live network,2026-08-23 07:00:00,2026-08-25 07:00:00,48,94.0,94.357895
1590,28.9,77.261538,1,14.155,4,BAKHTAWAR PUR,7720.935308182246,OpenAQ live network,2026-08-23 07:00:00,2026-08-25 07:00:00,48,94.2,94.357895
1591,28.9,77.276923,1,15.306,4,BAKHTAWAR PUR,9031.062554708462,OpenAQ live network,2026-08-23 07:00:00,2026-08-25 07:00:00,48,94.2,94.357895
1592,28.9,77.292308,1,15.923,4,BAKHTAWAR PUR,10458.1873310976,OpenAQ live network,2026-08-23 07:00:00,2026-08-25 07:00:00,48,107.1,94.93693
1593,28.9,77.307692,1,16.116,4,BAKHTAWAR PUR,11960.402853121775,OpenAQ live network,2026-08-23 07:00:00,2026-08-25 07:00:00,48,107.1,94.93693
1594,28.9,77.323077,1,16.444,4,BAKHTAWAR PUR,13512.850609479654,OpenAQ live network,2026-08-23 07:00:00,2026-08-25 07:00:00,48,107.4,94.93693
1595,28.9,77.338462,1,16.899,4,BAKHTAWAR PUR,15099.979116894034,OpenAQ live network,2026-08-23 07:00:00,2026-08-25 07:00:00,48,107.4,94.93693
1596,28.9,77.353846,1,17.472,4,BAKHTAWAR PUR,16711.80498794292,OpenAQ live network,2026-08-23 07:00:00,2026-08-25 07:00:00,48,107.4,94.93693
1597,28.9,77.369231,1,18.15,4,BAKHTAWAR PUR,18342.000095175223,OpenAQ live network,2026-08-23 07:00:00,2026-08-25 07:00:00,48,107.4,94.93693
1598,28.9,77.384615,1,18.923,4,BAKHTAWAR PUR,19983.989442672217,OpenAQ live network,2026-08-23 07:00:00,2026-08-25 07:00:00,48,107.2,94.93693
1599,28.9,77.4,1,19.779,4,BAKHTAWAR PUR,21614.207043614697,OpenAQ live network,2026-08-23 07:00:00,2026-08-25 07:00:00,48,107.3,94.93693
0,28.4,76.8,1,22.821,133,CHHAWLA,15963.545791078815,OpenAQ live network,2026-08-23 07:00:00,2026-08-26 07:00:00,72,92.1,90.01389
1,28.4,76.815385,1,21.366,133,CHHAWLA,15005.746802137335,OpenAQ live network,2026-08-23 07:00:00,2026-08-26 07:00:00,72,92.1,90.01389
2,28.4,76.830769,1,19.917,133,CHHAWLA,14190.76384732492,OpenAQ live network,2026-08-23 07:00:00,2026-08-26 07:00:00,72,92.1,90.01389
3,28.4,76.846154,1,18.477,133,CHHAWLA,13544.287549978346,OpenAQ live network,2026-08-23 07:00:00,2026-08-26 07:00:00,72,92.2,90.01389
4,28.4,76.861538,1,17.049,133,CHHAWLA,13091.394422917225,OpenAQ live network,2026-08-23 07:00:00,2026-08-26 07:00:00,72,92.2,90.01389
5,28.4,76.876923,1,15.635,133,CHHAWLA,12852.503974021727,OpenAQ live network,2026-08-23 07:00:00,2026-08-26 07:00:00,72,98.7,94.50109
6,28.4,76.892308,1,14.24,133,CHHAWLA,12760.145163807105,OpenAQ live network,2026-08-23 07:00:00,2026-08-26 07:00:00,72,98.6,94.50109
7,28.4,76.907692,1,12.869,133,CHHAWLA,12878.086330646924,OpenAQ live network,2026-08-23 07:00:00,2026-08-26 07:00:00,72,98.6,94.50109
8,28.4,76.923077,1,11.531,133,CHHAWLA,13218.746496274802,OpenAQ live network,2026-08-23 07:00:00,2026-08-26 07:00:00,72,98.6,94.50109
9,28.4,76.938462,1,10.24,133,CHHAWLA,13232.719044047104,OpenAQ live network,2026-08-23 07:00:00,2026-08-26 07:00:00,72,98.6,94.50109
10,28.4,76.953846,1,9.015,133,CHHAWLA,13250.736884514992,OpenAQ live network,2026-08-23 07:00:00,2026-08-26 07:00:00,72,98.8,94.50109
11,28.4,76.969231,1,7.888,133,CHHAWLA,13385.308682055616,OpenAQ live network,2026-08-23 07:00:00,2026-08-26 07:00:00,72,99.2,94.50109
12,28.4,76.984615,1,6.905,133,CHHAWLA,13722.225518194116,OpenAQ live network,2026-08-23 07:00:00,2026-08-26 07:00:00,72,117.7,118.319115
13,28.4,77.0,1,6.138,133,CHHAWLA,14255.223718671516,OpenAQ live network,2026-08-23 07:00:00,2026-08-26 07:00:00,72,112.1,118.319115
14,28.4,77.015385,1,5.618,175,AYA NAGAR,13132.750443399938,OpenAQ live network,2026-08-23 07:00:00,2026-08-26 07:00:00,72,30.6,39.118343
15,28.4,77.030769,1,4.327,175,AYA NAGAR,11601.744737161414,OpenAQ live network,2026-08-23 07:00:00,2026-08-26 07:00:00,72,77.4,80.19899
16,28.4,77.046154,1,3.226,175,AYA NAGAR,10128.94456609051,OpenAQ live network,2026-08-23 07:00:00,2026-08-26 07:00:00,72,60.7,62.04316
17,28.4,77.061538,1,2.289,175,AYA NAGAR,8744.049747102052,OpenAQ live network,2026-08-23 07:00:00,2026-08-26 07:00:00,72,81.8,83.42126
18,28.4,77.076923,1,0.813,175,AYA NAGAR,7495.715233142443,OpenAQ live network,2026-08-23 07:00:00,2026-08-26 07:00:00,72,103.9,104.850105
19,28.4,77.092308,0,0.784,175,AYA NAGAR,6463.70097423099,OpenAQ live network,2026-08-23 07:00:00,2026-08-26 07:00:00,72,105.2,104.850105
20,28.4,77.107692,1,2.258,175,AYA NAGAR,5726.634093509547,OpenAQ live network,2026-08-23 07:00:00,2026-08-26 07:00:00,72,98.2,103.402916
21,28.4,77.123077,1,3.572,175,AYA NAGAR,5030.66914839388,OpenAQ live network,2026-08-23 07:00:00,2026-08-26 07:00:00,72,62.8,57.835037
22,28.4,77.138462,1,2.722,175,AYA NAGAR,3490.309136968516,OpenAQ live network,2026-08-23 07:00:00,2026-08-26 07:00:00,72,59.8,59.43092
23,28.4,77.153846,1,2.567,175,AYA NAGAR,2125.663170794293,OpenAQ live network,2026-08-23 07:00:00,2026-08-26 07:00:00,72,59.8,59.43092
24,28.4,77.169231,1,3.209,175,AYA NAGAR,771.2502024743126,OpenAQ live network,2026-08-23 07:00:00,2026-08-26 07:00:00,72,63.9,61.192383
25,28.4,77.184615,1,4.305,175,AYA NAGAR,991.5356800302212,OpenAQ live network,2026-08-23 07:00:00,2026-08-26 07:00:00,72,70.7,66.37911
26,28.4,77.2,1,5.594,176,BHATI,1028.0968999156314,OpenAQ live network,2026-08-23 07:00:00,2026-08-26 07:00:00,72,31.7,31.666515
27,28.4,77.215385,1,6.97,176,BHATI,1214.0661344928967,OpenAQ live network,2026-08-23 07:00:00,2026-08-26 07:00:00,72,91.5,85.401695
28,28.4,77.230769,1,7.803,176,BHATI,1702.0284952964598,OpenAQ live network,2026-08-23 07:00:00,2026-08-26 07:00:00,72,89.2,85.401695
29,28.4,77.246154,1,6.313,176,BHATI,2424.487014710983,OpenAQ live network,2026-08-23 07:00:00,2026-08-26 07:00:00,72,79.5,68.56702
30,28.4,77.261538,1,4.832,176,BHATI,3322.086697494133,OpenAQ live network,2026-08-23 07:00:00,2026-08-26 07:00:00,72,101.2,97.19858
31,28.4,77.276923,1,3.373,176,BHATI,4307.57961756003,OpenAQ live network,2026-08-23 07:00:00,2026-08-26 07:00:00,72,32.4,21.464796
32,28.4,77.292308,1,1.982,176,BHATI,5649.25344228758,OpenAQ live network,2026-08-23 07:00:00,2026-08-26 07:00:00,72,32.5,21.464796
33,28.4,77.307692,1,1.007,176,BHATI,7132.471253058135,OpenAQ live network,2026-08-23 07:00:00,2026-08-26 07:00:00,72,61.2,60.957916
34,28.4,77.323077,1,1.447,176,BHATI,8655.349456562799,OpenAQ live network,2026-08-23 07:00:00,2026-08-26 07:00:00,72,58.1,60.957916
35,28.4,77.338462,1,2.664,176,BHATI,10234.56384138949,OpenAQ live network,2026-08-23 07:00:00,2026-08-26 07:00:00,72,85.8,95.19913
36,28.4,77.353846,1,4.078,204,MOLARBAND,11476.992025831114,OpenAQ live network,2026-08-23 07:00:00,2026-08-26 07:00:00,72,32.4,21.464796
37,28.4,77.369231,1,5.54,204,MOLARBAND,12213.527569503052,OpenAQ live network,2026-08-23 07:00:00,2026-08-26 07:00:00,72,35.3,29.176752
38,28.4,77.384615,1,7.02,202,MEETHEYPUR,13064.268801397551,OpenAQ live network,2026-08-23 07:00:00,2026-08-26 07:00:00,72,102.1,97.19858
39,28.4,77.4,1,8.508,202,MEETHEYPUR,13987.36786953118,OpenAQ live network,2026-08-23 07:00:00,2026-08-26 07:00:00,72,81.3,68.56702
40,28.412821,76.8,1,21.841,133,CHHAWLA,14692.638386510014,OpenAQ live network,2026-08-23 07:00:00,2026-08-26 07:00:00,72,92.1,90.01389
41,28.412821,76.815385,1,20.975,133,CHHAWLA,13645.924872383415,OpenAQ live network,2026-08-23 07:00:00,2026-08-26 07:00:00,72,92.1,90.01389
42,28.412821,76.830769,1,19.565,133,CHHAWLA,12744.277425708427,OpenAQ live network,2026-08-23 07:00:00,2026-08-26 07:00:00,72,92.1,90.01389
43,28.412821,76.846154,1,18.098,133,CHHAWLA,12020.25597769764,OpenAQ live network,2026-08-23 07:00:00,2026-08-26 07:00:00,72,92.2,90.01389
44,28.412821,76.861538,1,16.637,133,CHHAWLA,11507.538245396609,OpenAQ live network,2026-08-23 07:00:00,2026-08-26 07:00:00,72,92.2,90.01389
45,28.412821,76.876923,1,15.185,133,CHHAWLA,11235.020557841524,OpenAQ live network,2026-08-23 07:00:00,2026-08-26 07:00:00,72,91.8,90.01389
46,28.412821,76.892308,1,13.744,133,CHHAWLA,11137.55399545683,OpenAQ live network,2026-08-23 07:00:00,2026-08-26 07:00:00,72,98.6,94.50109
47,28.412821,76.907692,1,12.318,133,CHHAWLA,11272.484727861987,OpenAQ live network,2026-08-23 07:00:00,2026-08-26 07:00:00,72,98.6,94.50109
48,28.412821,76.923077,1,10.913,133,CHHAWLA,11660.148512478903,OpenAQ live network,2026-08-23 07:00:00,2026-08-26 07:00:00,72,98.6,94.50109
49,28.412821,76.938462,1,9.539,133,CHHAWLA,11611.605395309747,OpenAQ live network,2026-08-23 07:00:00,2026-08-26 07:00:00,72,98.6,94.50109
50,28.412821,76.953846,1,8.21,133,CHHAWLA,11628.816792635014,OpenAQ live network,2026-08-23 07:00:00,2026-08-26 07:00:00,72,98.8,94.50109
51,28.412821,76.969231,1,6.954,133,CHHAWLA,11781.209809208283,OpenAQ live network,2026-08-23 07:00:00,2026-08-26 07:00:00,72,99.3,94.50109
52,28.412821,76.984615,1,5.816,133,CHHAWLA,12160.241592791655,OpenAQ live network,2026-08-23 07:00:00,2026-08-26 07:00:00,72,112.1,118.319115
53,28.412821,77.0,1,4.881,133,CHHAWLA,12758.660027301356,OpenAQ live network,2026-08-23 07:00:00,2026-08-26 07:00:00,72,39.8,40.910236
54,28.412821,77.015385,1,4.283,175,AYA NAGAR,12536.43312271213,OpenAQ live network,2026-08-23 07:00:00,2026-08-26 07:00:00,72,37.6,39.118343
55,28.412821,77.030769,1,3.682,175,AYA NAGAR,10922.156480194975,OpenAQ live network,2026-08-23 07:00:00,2026-08-26 07:00:00,72,77.0,79.54444
56,28.412821,77.046154,1,2.29,175,AYA NAGAR,9342.833577376134,OpenAQ live network,2026-08-23 07:00:00,2026-08-26 07:00:00,72,77.4,82.46214
57,28.412821,77.061538,1,1.209,175,AYA NAGAR,7819.937800993557,OpenAQ live network,2026-08-23 07:00:00,2026-08-26 07:00:00,72,72.8,78.87813
58,28.412821,77.076923,1,1.389,175,AYA NAGAR,6393.650607280333,OpenAQ live network,2026-08-23 07:00:00,2026-08-26 07:00:00,72,41.0,37.291286
59,28.412821,77.092308,1,1.372,175,AYA NAGAR,5145.1386294139,OpenAQ live network,2026-08-23 07:00:00,2026-08-26 07:00:00,72,41.0,37.291286
60,28.412821,77.107692,1,2.523,175,AYA NAGAR,4234.718637710413,OpenAQ live network,2026-08-23 07:00:00,2026-08-26 07:00:00,72,70.4,70.36404
61,28.412821,77.123077,1,2.757,175,AYA NAGAR,3519.167425173803,OpenAQ live network,2026-08-23 07:00:00,2026-08-26 07:00:00,72,59.9,59.43092
62,28.412821,77.138462,1,1.501,175,AYA NAGAR,2965.6318111863043,OpenAQ live network,2026-08-23 07:00:00,2026-08-26 07:00:00,72,45.6,42.793133
63,28.412821,77.153846,1,1.197,175,AYA NAGAR,1267.9587966321676,OpenAQ live network,2026-08-23 07:00:00,2026-08-26 07:00:00,72,70.4,70.19978
64,28.412821,77.169231,1,2.267,175,AYA NAGAR,0.0,OpenAQ live network,2026-08-23 07:00:00,2026-08-26 07:00:00,72,63.0,54.29356
65,28.412821,77.184615,1,3.657,175,AYA NAGAR,0.0,OpenAQ live network,2026-08-23 07:00:00,2026-08-26 07:00:00,72,70.7,65.72456
66,28.412821,77.2,1,5.112,176,BHATI,0.0,OpenAQ live network,2026-08-23 07:00:00,2026-08-26 07:00:00,72,31.7,31.666515
67,28.412821,77.215385,1,6.59,176,BHATI,0.0,OpenAQ live network,2026-08-23 07:00:00,2026-08-26 07:00:00,72,32.0,31.666515
68,28.412821,77.230769,1,7.753,176,BHATI,219.63059960973663,OpenAQ live network,2026-08-23 07:00:00,2026-08-26 07:00:00,72,91.2,85.401695
69,28.412821,77.246154,1,6.251,176,BHATI,1145.284856404756,OpenAQ live network,2026-08-23 07:00:00,2026-08-26 07:00:00,72,96.9,97.19858
70,28.412821,77.261538,1,4.751,176,BHATI,1950.3476644693665,OpenAQ live network,2026-08-23 07:00:00,2026-08-26 07:00:00,72,37.3,29.176752
71,28.412821,77.276923,1,3.256,176,BHATI,3351.687298026296,OpenAQ live network,2026-08-23 07:00:00,2026-08-26 07:00:00,72,32.4,21.464796
72,28.412821,77.292308,1,1.777,176,BHATI,4865.884833125222,OpenAQ live network,2026-08-23 07:00:00,2026-08-26 07:00:00,72,72.2,77.61945
73,28.412821,77.307692,0,0.493,176,BHATI,6457.587849818359,OpenAQ live network,2026-08-23 07:00:00,2026-08-26 07:00:00,72,65.8,60.840263
74,28.412821,77.323077,0,0.958,176,BHATI,8093.644375525553,OpenAQ live network,2026-08-23 07:00:00,2026-08-26 07:00:00,72,61.5,60.840263
75,28.412821,77.338462,1,2.433,204,MOLARBAND,9365.819359467554,OpenAQ live network,2026-08-23 07:00:00,2026-08-26 07:00:00,72,59.3,59.95947
76,28.412821,77.353846,1,3.93,204,MOLARBAND,9993.4172175872,OpenAQ live network,2026-08-23 07:00:00,2026-08-26 07:00:00,72,60.9,65.290276
77,28.412821,77.369231,1,5.432,204,MOLARBAND,10818.962318997366,OpenAQ live network,2026-08-23 07:00:00,2026-08-26 07:00:00,72,29.1,21.464796
78,28.412821,77.384615,1,6.935,202,MEETHEYPUR,11679.457957432624,OpenAQ live network,2026-08-23 07:00:00,2026-08-26 07:00:00,72,102.1,97.19858
79,28.412821,77.4,1,8.303,202,MEETHEYPUR,12703.585272743285,OpenAQ live network,2026-08-23 07:00:00,2026-08-26 07:00:00,72,101.5,97.19858
80,28.425641,76.8,1,20.716,133,CHHAWLA,13497.286554703209,OpenAQ live network,2026-08-23 07:00:00,2026-08-26 07:00:00,72,92.1,90.01389
81,28.425641,76.815385,1,19.802,133,CHHAWLA,12349.67154242398,OpenAQ live network,2026-08-23 07:00:00,2026-08-26 07:00:00,72,92.1,90.01389
82,28.425641,76.830769,1,18.963,133,CHHAWLA,11345.471726043206,OpenAQ live network,2026-08-23 07:00:00,2026-08-26 07:00:00,72,92.1,90.01389
83,28.425641,76.846154,1,17.824,133,CHHAWLA,10525.667454009756,OpenAQ live network,2026-08-23 07:00:00,2026-08-26 07:00:00,72,92.2,90.01389
84,28.425641,76.861538,1,16.339,133,CHHAWLA,9936.123894773556,OpenAQ live network,2026-08-23 07:00:00,2026-08-26 07:00:00,72,92.2,90.01389
85,28.425641,76.876923,1,14.858,133,CHHAWLA,9619.189597785567,OpenAQ live network,2026-08-23 07:00:00,2026-08-26 07:00:00,72,91.8,90.01389
86,28.425641,76.892308,1,13.382,133,CHHAWLA,9514.894346010971,OpenAQ live network,2026-08-23 07:00:00,2026-08-26 07:00:00,72,92.1,90.01389
87,28.425641,76.907692,1,11.913,133,CHHAWLA,9672.487650750292,OpenAQ live network,2026-08-23 07:00:00,2026-08-26 07:00:00,72,98.6,94.50109
88,28.425641,76.923077,1,10.454,133,CHHAWLA,10121.61887975926,OpenAQ live network,2026-08-23 07:00:00,2026-08-26 07:00:00,72,98.6,94.50109
89,28.425641,76.938462,1,9.01,133,CHHAWLA,9990.903006273198,OpenAQ live network,2026-08-23 07:00:00,2026-08-26 07:00:00,72,98.8,94.50109
90,28.425641,76.953846,1,7.59,133,CHHAWLA,10006.826873671622,OpenAQ live network,2026-08-23 07:00:00,2026-08-26 07:00:00,72,99.3,94.50109
91,28.425641,76.969231,1,6.209,133,CHHAWLA,10181.47914999371,OpenAQ live network,2026-08-23 07:00:00,2026-08-26 07:00:00,72,94.8,94.50109
92,28.425641,76.984615,1,4.902,133,CHHAWLA,10616.388647658368,OpenAQ live network,2026-08-23 07:00:00,2026-08-26 07:00:00,72,115.6,118.319115
93,28.425641,77.0,1,3.745,133,CHHAWLA,11166.883853693991,OpenAQ live network,2026-08-23 07:00:00,2026-08-26 07:00:00,72,36.8,39.118343
94,28.425641,77.015385,1,2.924,133,CHHAWLA,11284.047615555315,OpenAQ live network,2026-08-23 07:00:00,2026-08-26 07:00:00,72,59.2,52.055218
95,28.425641,77.030769,1,2.757,175,AYA NAGAR,10452.360251280485,OpenAQ live network,2026-08-23 07:00:00,2026-08-26 07:00:00,72,60.0,62.04316
96,28.425641,77.046154,1,2.036,175,AYA NAGAR,8789.019962386597,OpenAQ live network,2026-08-23 07:00:00,2026-08-26 07:00:00,72,74.1,77.48579
97,28.425641,77.061538,0,0.601,175,AYA NAGAR,7149.109025332534,OpenAQ live network,2026-08-23 07:00:00,2026-08-26 07:00:00,72,102.1,103.73187
98,28.425641,77.076923,1,1.052,175,AYA NAGAR,5553.116308223638,OpenAQ live network,2026-08-23 07:00:00,2026-08-26 07:00:00,72,73.4,78.87813
99,28.425641,77.092308,1,2.525,175,AYA NAGAR,4053.490367642472,OpenAQ live network,2026-08-23 07:00:00,2026-08-26 07:00:00,72,76.5,86.83773
100,28.425641,77.107692,1,3.42,175,AYA NAGAR,2809.1234549686656,OpenAQ live network,2026-08-23 07:00:00,2026-08-26 07:00:00,72,70.9,71.89984
101,28.425641,77.123077,1,2.3,175,AYA NAGAR,2060.29048691576,OpenAQ live network,2026-08-23 07:00:00,2026-08-26 07:00:00,72,73.8,72.72259
102,28.425641,77.138462,0,0.813,175,AYA NAGAR,1435.9811664656177,OpenAQ live network,2026-08-23 07:00:00,2026-08-26 07:00:00,72,102.1,91.56121
103,28.425641,77.153846,0,0.581,175,AYA NAGAR,784.7053648908775,OpenAQ live network,2026-08-23 07:00:00,2026-08-26 07:00:00,72,102.8,98.6282
104,28.425641,77.169231,1,2.011,175,AYA NAGAR,0.0,OpenAQ live network,2026-08-23 07:00:00,2026-08-26 07:00:00,72,76.0,71.71029
105,28.425641,77.184615,1,3.504,175,AYA NAGAR,0.0,OpenAQ live network,2026-08-23 07:00:00,2026-08-26 07:00:00,72,63.1,61.192383
106,28.425641,77.2,1,5.004,176,BHATI,0.0,OpenAQ live network,2026-08-23 07:00:00,2026-08-26 07:00:00,72,46.6,42.348633
107,28.425641,77.215385,1,6.506,176,BHATI,0.0,OpenAQ live network,2026-08-23 07:00:00,2026-08-26 07:00:00,72,31.7,31.666515
108,28.425641,77.230769,1,7.962,176,BHATI,0.0,OpenAQ live network,2026-08-23 07:00:00,2026-08-26 07:00:00,72,88.0,85.401695
109,28.425641,77.246154,1,6.509,176,BHATI,0.0,OpenAQ live network,2026-08-23 07:00:00,2026-08-26 07:00:00,72,97.4,97.19858
110,28.425641,77.261538,1,5.086,176,BHATI,1079.1691461472828,OpenAQ live network,2026-08-23 07:00:00,2026-08-26 07:00:00,72,30.2,21.464796
111,28.425641,77.276923,1,3.728,176,BHATI,2712.4035517252714,OpenAQ live network,2026-08-23 07:00:00,2026-08-26 07:00:00,72,60.1,60.957916
112,28.425641,77.292308,1,2.54,176,BHATI,4390.22659863753,OpenAQ live network,2026-08-23 07:00:00,2026-08-26 07:00:00,72,59.7,60.840263
113,28.425641,77.307692,1,1.825,176,BHATI,6087.352170177604,OpenAQ live network,2026-08-23 07:00:00,2026-08-26 07:00:00,72,79.0,81.603966
114,28.425641,77.323077,1,1.791,204,MOLARBAND,7405.792089359533,OpenAQ live network,2026-08-23 07:00:00,2026-08-26 07:00:00,72,66.9,56.46097
115,28.425641,77.338462,1,2.424,204,MOLARBAND,7828.249948091849,OpenAQ live network,2026-08-23 07:00:00,2026-08-26 07:00:00,72,75.4,76.40595
116,28.425641,77.353846,1,3.615,204,MOLARBAND,8544.744888954448,OpenAQ live network,2026-08-23 07:00:00,2026-08-26 07:00:00,72,59.1,59.95947
117,28.425641,77.369231,1,4.979,202,MEETHEYPUR,9397.068977149404,OpenAQ live network,2026-08-23 07:00:00,2026-08-26 07:00:00,72,86.0,95.19913
118,28.425641,77.384615,1,6.406,202,MEETHEYPUR,10363.824210084586,OpenAQ live network,2026-08-23 07:00:00,2026-08-26 07:00:00,72,29.1,21.464796
119,28.425641,77.4,1,7.862,202,MEETHEYPUR,11505.659166686592,OpenAQ live network,2026-08-23 07:00:00,2026-08-26 07:00:00,72,100.1,97.19858
120,28.438462,76.8,1,19.63,133,CHHAWLA,12350.355006092408,OpenAQ live network,2026-08-23 07:00:00,2026-08-26 07:00:00,72,92.1,90.01389
121,28.438462,76.815385,1,18.663,133,CHHAWLA,11139.050920005013,OpenAQ live network,2026-08-23 07:00:00,2026-08-26 07:00:00,72,92.2,90.01389
122,28.438462,76.830769,1,17.77,133,CHHAWLA,10014.179790634558,OpenAQ live network,2026-08-23 07:00:00,2026-08-26 07:00:00,72,92.2,90.01389
123,28.438462,76.846154,1,16.964,133,CHHAWLA,9074.896337981389,OpenAQ live network,2026-08-23 07:00:00,2026-08-26 07:00:00,72,92.2,90.01389
124,28.438462,76.861538,1,16.162,133,CHHAWLA,8383.950515419194,OpenAQ live network,2026-08-23 07:00:00,2026-08-26 07:00:00,72,91.8,90.01389
125,28.438462,76.876923,1,14.663,133,CHHAWLA,8005.80268997768,OpenAQ live network,2026-08-23 07:00:00,2026-08-26 07:00:00,72,91.8,90.01389
126,28.438462,76.892308,1,13.165,133,CHHAWLA,7891.9137904814625,OpenAQ live network,2026-08-23 07:00:00,2026-08-26 07:00:00,72,92.1,90.01389
127,28.438462,76.907692,1,11.669,133,CHHAWLA,8081.219351963961,OpenAQ live network,2026-08-23 07:00:00,2026-08-26 07:00:00,72,92.1,90.01389
128,28.438462,76.923077,1,10.176,133,CHHAWLA,8613.40229447788,OpenAQ live network,2026-08-23 07:00:00,2026-08-26 07:00:00,72,98.6,94.50109
129,28.438462,76.938462,1,8.686,133,CHHAWLA,8370.638612366567,OpenAQ live network,2026-08-23 07:00:00,2026-08-26 07:00:00,72,98.8,94.50109
130,28.438462,76.953846,1,7.202,133,CHHAWLA,8384.513958288408,OpenAQ live network,2026-08-23 07:00:00,2026-08-26 07:00:00,72,99.3,94.50109
131,28.438462,76.969231,1,5.729,133,CHHAWLA,8588.32955260792,OpenAQ live network,2026-08-23 07:00:00,2026-08-26 07:00:00,72,94.8,94.50109
132,28.438462,76.984615,1,4.277,133,CHHAWLA,9099.703002877148,OpenAQ live network,2026-08-23 07:00:00,2026-08-26 07:00:00,72,115.6,118.319115
133,28.438462,77.0,1,2.88,133,CHHAWLA,9551.549594299,OpenAQ live network,2026-08-23 07:00:00,2026-08-26 07:00:00,72,37.4,40.910236
134,28.438462,77.015385,1,1.68,133,CHHAWLA,9663.275053505891,OpenAQ live network,2026-08-23 07:00:00,2026-08-26 07:00:00,72,37.9,39.118343
135,28.438462,77.030769,1,1.368,175,AYA NAGAR,9816.652435507223,OpenAQ live network,2026-08-23 07:00:00,2026-08-26 07:00:00,72,75.7,79.54444
136,28.438462,77.046154,1,2.334,175,AYA NAGAR,8295.249698504926,OpenAQ live network,2026-08-23 07:00:00,2026-08-26 07:00:00,72,75.7,86.83773
137,28.438462,77.061538,1,1.824,175,AYA NAGAR,6806.889870724066,OpenAQ live network,2026-08-23 07:00:00,2026-08-26 07:00:00,72,74.1,77.48579
138,28.438462,77.076923,1,2.018,175,AYA NAGAR,5105.006423966,OpenAQ live network,2026-08-23 07:00:00,2026-08-26 07:00:00,72,74.1,77.48579
139,28.438462,77.092308,1,3.056,175,AYA NAGAR,3413.908905733294,OpenAQ live network,2026-08-23 07:00:00,2026-08-26 07:00:00,72,65.8,71.86333
140,28.438462,77.107692,1,3.986,175,AYA NAGAR,1764.9828444859977,OpenAQ live network,2026-08-23 07:00:00,2026-08-26 07:00:00,72,78.4,69.191246
141,28.438462,77.123077,1,2.595,175,AYA NAGAR,629.9760981942491,OpenAQ live network,2026-08-23 07:00:00,2026-08-26 07:00:00,72,74.2,77.8834
142,28.438462,77.138462,1,1.45,175,AYA NAGAR,0.0,OpenAQ live network,2026-08-23 07:00:00,2026-08-26 07:00:00,72,45.6,40.657845
143,28.438462,77.153846,1,1.415,175,AYA NAGAR,0.0,OpenAQ live network,2026-08-23 07:00:00,2026-08-26 07:00:00,72,42.7,40.73069
144,28.438462,77.169231,1,2.535,175,AYA NAGAR,0.0,OpenAQ live network,2026-08-23 07:00:00,2026-08-26 07:00:00,72,74.2,77.8834
145,28.438462,77.184615,1,3.905,176,BHATI,0.0,OpenAQ live network,2026-08-23 07:00:00,2026-08-26 07:00:00,72,70.7,65.72456
146,28.438462,77.2,1,5.292,176,BHATI,0.0,OpenAQ live network,2026-08-23 07:00:00,2026-08-26 07:00:00,72,31.7,31.666515
147,28.438462,77.215385,1,6.289,176,BHATI,0.0,OpenAQ live network,2026-08-23 07:00:00,2026-08-26 07:00:00,72,25.3,24.813847
148,28.438462,77.230769,1,6.782,176,BHATI,0.0,OpenAQ live network,2026-08-23 07:00:00,2026-08-26 07:00:00,72,33.5,31.010227
149,28.438462,77.246154,1,6.929,176,BHATI,0.0,OpenAQ live network,2026-08-23 07:00:00,2026-08-26 07:00:00,72,110.0,104.40604
150,28.438462,77.261538,1,5.764,176,BHATI,1188.4868831306685,OpenAQ live network,2026-08-23 07:00:00,2026-08-26 07:00:00,72,26.8,21.464796
151,28.438462,77.276923,1,4.393,176,BHATI,2783.102041238184,OpenAQ live network,2026-08-23 07:00:00,2026-08-26 07:00:00,72,60.0,65.290276
152,28.438462,77.292308,1,2.896,176,BHATI,4434.233619178447,OpenAQ live network,2026-08-23 07:00:00,2026-08-26 07:00:00,72,61.4,64.62068
153,28.438462,77.307692,1,1.416,204,MOLARBAND,5753.405558097363,OpenAQ live network,2026-08-23 07:00:00,2026-08-26 07:00:00,72,32.7,24.67503
154,28.438462,77.323077,0,0.384,204,MOLARBAND,5802.678152680684,OpenAQ live network,2026-08-23 07:00:00,2026-08-26 07:00:00,72,92.2,87.55183
155,28.438462,77.338462,1,1.678,204,MOLARBAND,6332.8177841403485,OpenAQ live network,2026-08-23 07:00:00,2026-08-26 07:00:00,72,57.1,48.65545
156,28.438462,77.353846,1,3.164,202,MEETHEYPUR,7164.27696193292,OpenAQ live network,2026-08-23 07:00:00,2026-08-26 07:00:00,72,59.6,60.840263
157,28.438462,77.369231,1,4.661,202,MEETHEYPUR,8035.290983515843,OpenAQ live network,2026-08-23 07:00:00,2026-08-26 07:00:00,72,60.1,60.957916
158,28.438462,77.384615,1,6.162,202,MEETHEYPUR,9147.122393736878,OpenAQ live network,2026-08-23 07:00:00,2026-08-26 07:00:00,72,35.3,21.464796
159,28.438462,77.4,1,7.664,202,MEETHEYPUR,10423.108398574124,OpenAQ live network,2026-08-23 07:00:00,2026-08-26 07:00:00,72,100.1,97.19858
160,28.451282,76.8,1,18.59,133,CHHAWLA,11300.977631681786,OpenAQ live network,2026-08-23 07:00:00,2026-08-26 07:00:00,72,92.2,90.01389
161,28.451282,76.815385,1,17.566,133,CHHAWLA,9991.116598457173,OpenAQ live network,2026-08-23 07:00:00,2026-08-26 07:00:00,72,92.2,90.01389
162,28.451282,76.830769,1,16.615,133,CHHAWLA,8781.523769031795,OpenAQ live network,2026-08-23 07:00:00,2026-08-26 07:00:00,72,92.2,90.01389
163,28.451282,76.846154,1,15.75,133,CHHAWLA,7693.185710225954,OpenAQ live network,2026-08-23 07:00:00,2026-08-26 07:00:00,72,91.8,90.01389
164,28.451282,76.861538,1,14.986,133,CHHAWLA,6864.545802302914,OpenAQ live network,2026-08-23 07:00:00,2026-08-26 07:00:00,72,91.8,90.01389
165,28.451282,76.876923,1,14.339,133,CHHAWLA,6397.205603837558,OpenAQ live network,2026-08-23 07:00:00,2026-08-26 07:00:00,72,91.8,90.01389
166,28.451282,76.892308,1,13.101,133,CHHAWLA,6268.867103450781,OpenAQ live network,2026-08-23 07:00:00,2026-08-26 07:00:00,72,92.1,90.01389
167,28.451282,76.907692,1,11.597,133,CHHAWLA,6505.574355803853,OpenAQ live network,2026-08-23 07:00:00,2026-08-26 07:00:00,72,92.1,90.01389
168,28.451282,76.923077,1,10.093,133,CHHAWLA,7047.562773142002,OpenAQ live network,2026-08-23 07:00:00,2026-08-26 07:00:00,72,92.1,90.01389
169,28.451282,76.938462,1,8.589,133,CHHAWLA,6751.612884617814,OpenAQ live network,2026-08-23 07:00:00,2026-08-26 07:00:00,72,98.8,94.50109
170,28.451282,76.953846,1,7.085,133,CHHAWLA,6762.13098885096,OpenAQ live network,2026-08-23 07:00:00,2026-08-26 07:00:00,72,99.3,94.50109
171,28.451282,76.969231,1,5.581,133,CHHAWLA,7008.817489821112,OpenAQ live network,2026-08-23 07:00:00,2026-08-26 07:00:00,72,94.8,94.50109
172,28.451282,76.984615,1,4.078,133,CHHAWLA,7626.841603310977,OpenAQ live network,2026-08-23 07:00:00,2026-08-26 07:00:00,72,98.8,94.50109
173,28.451282,77.0,1,2.575,133,CHHAWLA,7939.268333987407,OpenAQ live network,2026-08-23 07:00:00,2026-08-26 07:00:00,72,114.9,118.319115
174,28.451282,77.015385,1,1.075,133,CHHAWLA,8043.32614163701,OpenAQ live network,2026-08-23 07:00:00,2026-08-26 07:00:00,72,38.0,39.118343
175,28.451282,77.030769,0,0.455,133,CHHAWLA,8336.429991376908,OpenAQ live network,2026-08-23 07:00:00,2026-08-26 07:00:00,72,71.5,62.2395
176,28.451282,77.046154,1,1.945,175,AYA NAGAR,7616.231887637156,OpenAQ live network,2026-08-23 07:00:00,2026-08-26 07:00:00,72,77.3,79.54444
177,28.451282,77.061538,1,3.218,175,AYA NAGAR,6026.529047421516,OpenAQ live network,2026-08-23 07:00:00,2026-08-26 07:00:00,72,59.9,62.04316
178,28.451282,77.076923,1,3.332,175,AYA NAGAR,4525.727793102924,OpenAQ live network,2026-08-23 07:00:00,2026-08-26 07:00:00,72,59.9,62.04316
179,28.451282,77.092308,1,4.046,175,AYA NAGAR,3114.08582314995,OpenAQ live network,2026-08-23 07:00:00,2026-08-26 07:00:00,72,78.9,80.19899
180,28.451282,77.107692,1,3.463,175,AYA NAGAR,1606.4772684142326,OpenAQ live network,2026-08-23 07:00:00,2026-08-26 07:00:00,72,62.7,55.548794
181,28.451282,77.123077,1,2.688,175,AYA NAGAR,0.0,OpenAQ live network,2026-08-23 07:00:00,2026-08-26 07:00:00,72,62.2,58.271717
182,28.451282,77.138462,1,2.642,175,AYA NAGAR,0.0,OpenAQ live network,2026-08-23 07:00:00,2026-08-26 07:00:00,72,63.6,77.8834
183,28.451282,77.153846,1,2.74,175,AYA NAGAR,0.0,OpenAQ live network,2026-08-23 07:00:00,2026-08-26 07:00:00,72,74.2,77.8834
184,28.451282,77.169231,1,3.454,176,BHATI,0.0,OpenAQ live network,2026-08-23 07:00:00,2026-08-26 07:00:00,72,58.4,58.271717
185,28.451282,77.184615,1,4.57,176,BHATI,0.0,OpenAQ live network,2026-08-23 07:00:00,2026-08-26 07:00:00,72,65.2,59.881107
186,28.451282,77.2,1,4.71,176,BHATI,0.0,OpenAQ live network,2026-08-23 07:00:00,2026-08-26 07:00:00,72,59.2,56.72261
187,28.451282,77.215385,1,4.909,176,BHATI,0.0,OpenAQ live network,2026-08-23 07:00:00,2026-08-26 07:00:00,72,72.2,69.67209
188,28.451282,77.230769,1,5.527,176,BHATI,0.0,OpenAQ live network,2026-08-23 07:00:00,2026-08-26 07:00:00,72,25.3,24.813847
189,28.451282,77.246154,1,5.566,176,BHATI,141.9856216165515,OpenAQ live network,2026-08-23 07:00:00,2026-08-26 07:00:00,72,23.6,22.62838
190,28.451282,77.261538,1,5.268,176,BHATI,1458.860773410033,OpenAQ live network,2026-08-23 07:00:00,2026-08-26 07:00:00,72,23.6,22.62838
191,28.451282,77.276923,1,4.506,176,BHATI,3061.6567269479,OpenAQ live network,2026-08-23 07:00:00,2026-08-26 07:00:00,72,60.0,65.290276
192,28.451282,77.292308,1,3.065,176,BHATI,4739.044232264171,OpenAQ live network,2026-08-23 07:00:00,2026-08-26 07:00:00,72,61.2,64.62068
193,28.451282,77.307692,1,1.735,204,MOLARBAND,4146.637309341934,OpenAQ live network,2026-08-23 07:00:00,2026-08-26 07:00:00,72,53.5,43.945957
194,28.451282,77.323077,1,1.074,204,MOLARBAND,4214.7359588565705,OpenAQ live network,2026-08-23 07:00:00,2026-08-26 07:00:00,72,67.7,57.94718
195,28.451282,77.338462,1,1.955,204,MOLARBAND,4876.3467528601295,OpenAQ live network,2026-08-23 07:00:00,2026-08-26 07:00:00,72,66.9,56.46097
196,28.451282,77.353846,1,3.319,202,MEETHEYPUR,5731.959322149047,OpenAQ live network,2026-08-23 07:00:00,2026-08-26 07:00:00,72,59.6,60.840263
197,28.451282,77.369231,1,4.768,202,MEETHEYPUR,6789.285269692207,OpenAQ live network,2026-08-23 07:00:00,2026-08-26 07:00:00,72,61.2,60.957916
198,28.451282,77.384615,1,6.243,202,MEETHEYPUR,8074.548988611763,OpenAQ live network,2026-08-23 07:00:00,2026-08-26 07:00:00,72,35.3,21.464796
199,28.451282,77.4,1,7.729,202,MEETHEYPUR,9495.771794431195,OpenAQ live network,2026-08-23 07:00:00,2026-08-26 07:00:00,72,100.1,97.19858
200,28.464103,76.8,1,17.604,133,CHHAWLA,10393.739776198288,OpenAQ live network,2026-08-23 07:00:00,2026-08-26 07:00:00,72,92.2,90.01389
201,28.464103,76.815385,1,16.519,133,CHHAWLA,8957.548963233752,OpenAQ live network,2026-08-23 07:00:00,2026-08-26 07:00:00,72,92.2,90.01389
202,28.464103,76.830769,1,15.504,133,CHHAWLA,7631.938351384004,OpenAQ live network,2026-08-23 07:00:00,2026-08-26 07:00:00,72,91.8,90.01389
203,28.464103,76.846154,1,14.573,133,CHHAWLA,6425.111958002321,OpenAQ live network,2026-08-23 07:00:00,2026-08-26 07:00:00,72,91.8,90.01389
204,28.464103,76.861538,1,13.744,133,CHHAWLA,5405.455241952723,OpenAQ live network,2026-08-23 07:00:00,2026-08-26 07:00:00,72,92.1,90.01389
205,28.464103,76.876923,1,13.036,133,CHHAWLA,4798.040937571319,OpenAQ live network,2026-08-23 07:00:00,2026-08-26 07:00:00,72,92.1,90.01389
206,28.464103,76.892308,1,12.47,133,CHHAWLA,4645.505095121628,OpenAQ live network,2026-08-23 07:00:00,2026-08-26 07:00:00,72,92.1,90.01389
207,28.464103,76.907692,1,11.699,133,CHHAWLA,4960.29439922333,OpenAQ live network,2026-08-23 07:00:00,2026-08-26 07:00:00,72,92.1,90.01389
208,28.464103,76.923077,1,10.211,133,CHHAWLA,5425.603111163108,OpenAQ live network,2026-08-23 07:00:00,2026-08-26 07:00:00,72,92.1,90.01389
209,28.464103,76.938462,1,8.727,133,CHHAWLA,5134.812052340943,OpenAQ live network,2026-08-23 07:00:00,2026-08-26 07:00:00,72,92.3,90.01389
210,28.464103,76.953846,1,7.252,133,CHHAWLA,5139.510686383935,OpenAQ live network,2026-08-23 07:00:00,2026-08-26 07:00:00,72,99.3,94.50109
211,28.464103,76.969231,1,5.792,133,CHHAWLA,5454.625817580744,OpenAQ live network,2026-08-23 07:00:00,2026-08-26 07:00:00,72,94.8,94.50109
212,28.464103,76.984615,1,4.362,133,CHHAWLA,6210.546859084579,OpenAQ live network,2026-08-23 07:00:00,2026-08-26 07:00:00,72,98.8,94.50109
213,28.464103,77.0,1,3.005,133,CHHAWLA,6332.176211974581,OpenAQ live network,2026-08-23 07:00:00,2026-08-26 07:00:00,72,115.6,118.319115
214,28.464103,77.015385,1,1.886,133,CHHAWLA,6424.624625340431,OpenAQ live network,2026-08-23 07:00:00,2026-08-26 07:00:00,72,112.6,116.00644
215,28.464103,77.030769,1,1.615,133,CHHAWLA,6787.987268470512,OpenAQ live network,2026-08-23 07:00:00,2026-08-26 07:00:00,72,37.2,39.118343
216,28.464103,77.046154,1,2.486,141,BIJWASAN,6289.558350435705,OpenAQ live network,2026-08-23 07:00:00,2026-08-26 07:00:00,72,59.4,52.055218
217,28.464103,77.061538,1,3.779,175,AYA NAGAR,5548.2367692847965,OpenAQ live network,2026-08-23 07:00:00,2026-08-26 07:00:00,72,64.8,62.2395
218,28.464103,77.076923,1,4.711,175,AYA NAGAR,3867.78199604517,OpenAQ live network,2026-08-23 07:00:00,2026-08-26 07:00:00,72,60.7,62.2395
219,28.464103,77.092308,1,4.004,175,AYA NAGAR,2236.713312241074,OpenAQ live network,2026-08-23 07:00:00,2026-08-26 07:00:00,72,71.3,39.118343
220,28.464103,77.107692,1,2.596,175,AYA NAGAR,776.4496874169547,OpenAQ live network,2026-08-23 07:00:00,2026-08-26 07:00:00,72,61.6,33.91729
221,28.464103,77.123077,1,1.404,175,AYA NAGAR,0.0,OpenAQ live network,2026-08-23 07:00:00,2026-08-26 07:00:00,72,43.7,55.548794
222,28.464103,77.138462,1,1.313,175,AYA NAGAR,0.0,OpenAQ live network,2026-08-23 07:00:00,2026-08-26 07:00:00,72,43.4,69.191246
223,28.464103,77.153846,1,2.45,175,AYA NAGAR,0.0,OpenAQ live network,2026-08-23 07:00:00,2026-08-26 07:00:00,72,62.2,69.191246
224,28.464103,77.169231,1,3.847,176,BHATI,0.0,OpenAQ live network,2026-08-23 07:00:00,2026-08-26 07:00:00,72,70.9,60.69001
225,28.464103,77.184615,1,3.659,176,BHATI,0.0,OpenAQ live network,2026-08-23 07:00:00,2026-08-26 07:00:00,72,71.8,72.23864
226,28.464103,77.2,1,3.285,176,BHATI,0.0,OpenAQ live network,2026-08-23 07:00:00,2026-08-26 07:00:00,72,59.9,58.313683
227,28.464103,77.215385,1,3.565,176,BHATI,0.0,OpenAQ live network,2026-08-23 07:00:00,2026-08-26 07:00:00,72,58.2,57.99385
228,28.464103,77.230769,1,4.376,177,SAID UL AJAIB,0.0,OpenAQ live network,2026-08-23 07:00:00,2026-08-26 07:00:00,72,60.6,60.69001
229,28.464103,77.246154,1,4.246,177,SAID UL AJAIB,1431.1073888816472,OpenAQ live network,2026-08-23 07:00:00,2026-08-26 07:00:00,72,72.7,80.23483
230,28.464103,77.261538,1,3.846,176,BHATI,2458.8673522682348,OpenAQ live network,2026-08-23 07:00:00,2026-08-26 07:00:00,72,70.8,74.835785
231,28.464103,77.276923,1,4.01,198,PUL PEHLAD,2938.838614555528,OpenAQ live network,2026-08-23 07:00:00,2026-08-26 07:00:00,72,72.7,80.23483
232,28.464103,77.292308,1,3.803,199,TEKHAND,3353.894949530852,OpenAQ live network,2026-08-23 07:00:00,2026-08-26 07:00:00,72,72.3,75.099
233,28.464103,77.307692,1,2.843,204,MOLARBAND,2560.1890334167774,OpenAQ live network,2026-08-23 07:00:00,2026-08-26 07:00:00,72,100.3,110.25718
234,28.464103,77.323077,1,2.495,204,MOLARBAND,2669.0758914799767,OpenAQ live network,2026-08-23 07:00:00,2026-08-26 07:00:00,72,71.3,75.119675
235,28.464103,77.338462,1,2.982,202,MEETHEYPUR,3503.994253263528,OpenAQ live network,2026-08-23 07:00:00,2026-08-26 07:00:00,72,61.4,64.62068
236,28.464103,77.353846,1,4.01,202,MEETHEYPUR,4432.875071993452,OpenAQ live network,2026-08-23 07:00:00,2026-08-26 07:00:00,72,71.8,77.61945
237,28.464103,77.369231,1,5.272,202,MEETHEYPUR,5734.929660108237,OpenAQ live network,2026-08-23 07:00:00,2026-08-26 07:00:00,72,35.3,21.464796
238,28.464103,77.384615,1,6.636,202,MEETHEYPUR,7210.642488892432,OpenAQ live network,2026-08-23 07:00:00,2026-08-26 07:00:00,72,40.3,29.176752
239,28.464103,77.4,1,8.05,202,MEETHEYPUR,8647.764309351938,OpenAQ live network,2026-08-23 07:00:00,2026-08-26 07:00:00,72,100.2,97.19858
240,28.476923,76.8,1,16.682,133,CHHAWLA,9675.628342400363,OpenAQ live network,2026-08-23 07:00:00,2026-08-26 07:00:00,72,92.2,90.01389
241,28.476923,76.815385,1,15.533,133,CHHAWLA,8113.300235641772,OpenAQ live network,2026-08-23 07:00:00,2026-08-26 07:00:00,72,91.8,90.01389
242,28.476923,76.830769,1,14.449,133,CHHAWLA,6625.788606716572,OpenAQ live network,2026-08-23 07:00:00,2026-08-26 07:00:00,72,91.8,90.01389
243,28.476923,76.846154,1,13.445,133,CHHAWLA,5273.092130241979,OpenAQ live network,2026-08-23 07:00:00,2026-08-26 07:00:00,72,92.1,90.01389
244,28.476923,76.861538,1,12.542,133,CHHAWLA,4072.616715980215,OpenAQ live network,2026-08-23 07:00:00,2026-08-26 07:00:00,72,92.1,90.01389
245,28.476923,76.876923,1,11.762,133,CHHAWLA,3223.112995403289,OpenAQ live network,2026-08-23 07:00:00,2026-08-26 07:00:00,72,92.1,90.01389
246,28.476923,76.892308,1,11.132,133,CHHAWLA,3022.0939220944947,OpenAQ live network,2026-08-23 07:00:00,2026-08-26 07:00:00,72,92.1,90.01389
247,28.476923,76.907692,1,10.677,133,CHHAWLA,3482.5240526840207,OpenAQ live network,2026-08-23 07:00:00,2026-08-26 07:00:00,72,92.1,90.01389
248,28.476923,76.923077,1,10.421,133,CHHAWLA,3804.786408561959,OpenAQ live network,2026-08-23 07:00:00,2026-08-26 07:00:00,72,92.1,90.01389
249,28.476923,76.938462,1,9.089,133,CHHAWLA,3523.997640773779,OpenAQ live network,2026-08-23 07:00:00,2026-08-26 07:00:00,72,92.3,90.01389
250,28.476923,76.953846,1,7.684,133,CHHAWLA,3517.481266096887,OpenAQ live network,2026-08-23 07:00:00,2026-08-26 07:00:00,72,93.3,90.01389
251,28.476923,76.969231,1,6.325,133,CHHAWLA,3956.3370300069,OpenAQ live network,2026-08-23 07:00:00,2026-08-26 07:00:00,72,88.1,90.01389
252,28.476923,76.984615,1,5.049,133,CHHAWLA,4683.2414482696495,OpenAQ live network,2026-08-23 07:00:00,2026-08-26 07:00:00,72,95.3,94.50109
253,28.476923,77.0,1,3.936,133,CHHAWLA,4736.139225049713,OpenAQ live network,2026-08-23 07:00:00,2026-08-26 07:00:00,72,98.8,94.50109
254,28.476923,77.015385,1,3.165,133,CHHAWLA,4809.009467541707,OpenAQ live network,2026-08-23 07:00:00,2026-08-26 07:00:00,72,115.6,118.319115
255,28.476923,77.030769,1,3.012,133,CHHAWLA,5284.651515406938,OpenAQ live network,2026-08-23 07:00:00,2026-08-26 07:00:00,72,115.6,118.319115
256,28.476923,77.046154,1,3.556,141,BIJWASAN,4726.469976739832,OpenAQ live network,2026-08-23 07:00:00,2026-08-26 07:00:00,72,37.6,39.118343
257,28.476923,77.061538,1,4.554,141,BIJWASAN,4467.1077562792525,OpenAQ live network,2026-08-23 07:00:00,2026-08-26 07:00:00,72,37.6,39.118343
258,28.476923,77.076923,1,5.353,175,AYA NAGAR,3833.334752492484,OpenAQ live network,2026-08-23 07:00:00,2026-08-26 07:00:00,72,37.2,39.118343
259,28.476923,77.092308,1,3.852,175,AYA NAGAR,2176.6038217580813,OpenAQ live network,2026-08-23 07:00:00,2026-08-26 07:00:00,72,71.3,39.118343
260,28.476923,77.107692,1,2.356,175,AYA NAGAR,689.7006850355848,OpenAQ live network,2026-08-23 07:00:00,2026-08-26 07:00:00,72,78.3,34.964493
261,28.476923,77.123077,1,0.885,175,AYA NAGAR,0.0,OpenAQ live network,2026-08-23 07:00:00,2026-08-26 07:00:00,72,98.5,33.91729
262,28.476923,77.138462,0,0.733,175,AYA NAGAR,0.0,OpenAQ live network,2026-08-23 07:00:00,2026-08-26 07:00:00,72,99.7,33.91729
263,28.476923,77.153846,1,2.194,175,AYA NAGAR,0.0,OpenAQ live network,2026-08-23 07:00:00,2026-08-26 07:00:00,72,98.8,69.67209
264,28.476923,77.169231,1,3.631,176,BHATI,0.0,OpenAQ live network,2026-08-23 07:00:00,2026-08-26 07:00:00,72,59.1,57.99385
265,28.476923,77.184615,1,2.462,176,BHATI,0.0,OpenAQ live network,2026-08-23 07:00:00,2026-08-26 07:00:00,72,64.4,64.49024
266,28.476923,77.2,1,1.861,176,BHATI,0.0,OpenAQ live network,2026-08-23 07:00:00,2026-08-26 07:00:00,72,63.4,57.087093
267,28.476923,77.215385,1,2.32,177,SAID UL AJAIB,0.0,OpenAQ live network,2026-08-23 07:00:00,2026-08-26 07:00:00,72,63.7,59.124966
268,28.476923,77.230769,1,3.439,177,SAID UL AJAIB,0.0,OpenAQ live network,2026-08-23 07:00:00,2026-08-26 07:00:00,72,59.9,58.313683
269,28.476923,77.246154,1,3.021,177,SAID UL AJAIB,195.05824646705383,OpenAQ live network,2026-08-23 07:00:00,2026-08-26 07:00:00,72,59.2,57.2125
270,28.476923,77.261538,1,2.429,186,SANGAM VIHAR WEST,997.9171952536752,OpenAQ live network,2026-08-23 07:00:00,2026-08-26 07:00:00,72,71.1,70.114876
271,28.476923,77.276923,1,2.681,198,PUL PEHLAD,1379.6586360565807,OpenAQ live network,2026-08-23 07:00:00,2026-08-26 07:00:00,72,67.3,67.714905
272,28.476923,77.292308,1,3.606,199,TEKHAND,1842.637893123186,OpenAQ live network,2026-08-23 07:00:00,2026-08-26 07:00:00,72,59.4,60.748714
273,28.476923,77.307692,1,4.149,204,MOLARBAND,1088.6471463753455,OpenAQ live network,2026-08-23 07:00:00,2026-08-26 07:00:00,72,71.8,77.61945
274,28.476923,77.323077,1,3.919,204,MOLARBAND,1217.527126590035,OpenAQ live network,2026-08-23 07:00:00,2026-08-26 07:00:00,72,71.9,75.099
275,28.476923,77.338462,1,4.246,202,MEETHEYPUR,2084.1080059137885,OpenAQ live network,2026-08-23 07:00:00,2026-08-26 07:00:00,72,72.1,77.61945
276,28.476923,77.353846,1,5.021,202,MEETHEYPUR,3422.8514220326715,OpenAQ live network,2026-08-23 07:00:00,2026-08-26 07:00:00,72,49.1,39.677814
277,28.476923,77.369231,1,6.077,202,MEETHEYPUR,4902.565052991048,OpenAQ live network,2026-08-23 07:00:00,2026-08-26 07:00:00,72,35.3,21.464796
278,28.476923,77.384615,1,7.292,201,JAITPUR,6313.079730852593,OpenAQ live network,2026-08-23 07:00:00,2026-08-26 07:00:00,72,100.1,97.19858
279,28.476923,77.4,1,8.598,201,JAITPUR,7618.143328794792,OpenAQ live network,2026-08-23 07:00:00,2026-08-26 07:00:00,72,81.9,70.30996
280,28.489744,76.8,1,15.769,140,KHERA,9163.103228730908,OpenAQ live network,2026-08-23 07:00:00,2026-08-26 07:00:00,72,70.5,70.28176
281,28.489744,76.815385,1,14.619,133,CHHAWLA,7528.844119565959,OpenAQ live network,2026-08-23 07:00:00,2026-08-26 07:00:00,72,91.8,90.01389
282,28.489744,76.830769,1,13.462,133,CHHAWLA,5895.670252308318,OpenAQ live network,2026-08-23 07:00:00,2026-08-26 07:00:00,72,92.1,90.01389
283,28.489744,76.846154,1,12.379,133,CHHAWLA,4324.244259673882,OpenAQ live network,2026-08-23 07:00:00,2026-08-26 07:00:00,72,92.1,90.01389
284,28.489744,76.861538,1,11.391,133,CHHAWLA,2914.7139973139224,OpenAQ live network,2026-08-23 07:00:00,2026-08-26 07:00:00,72,92.1,90.01389
285,28.489744,76.876923,1,10.527,133,CHHAWLA,1739.5311109624588,OpenAQ live network,2026-08-23 07:00:00,2026-08-26 07:00:00,72,92.1,90.01389
286,28.489744,76.892308,1,9.817,133,CHHAWLA,1398.453869173061,OpenAQ live network,2026-08-23 07:00:00,2026-08-26 07:00:00,72,92.1,90.01389
287,28.489744,76.907692,1,9.299,133,CHHAWLA,2201.138180556866,OpenAQ live network,2026-08-23 07:00:00,2026-08-26 07:00:00,72,92.1,90.01389
288,28.489744,76.923077,1,9.004,133,CHHAWLA,2187.559479059704,OpenAQ live network,2026-08-23 07:00:00,2026-08-26 07:00:00,72,92.3,90.01389
289,28.489744,76.938462,1,8.955,133,CHHAWLA,1934.1179618049584,OpenAQ live network,2026-08-23 07:00:00,2026-08-26 07:00:00,72,92.3,90.01389
290,28.489744,76.953846,1,8.341,133,CHHAWLA,1897.5638073170448,OpenAQ live network,2026-08-23 07:00:00,2026-08-26 07:00:00,72,92.9,90.01389
291,28.489744,76.969231,1,7.109,133,CHHAWLA,2564.209298607232,OpenAQ live network,2026-08-23 07:00:00,2026-08-26 07:00:00,72,93.3,90.01389
292,28.489744,76.984615,1,6.001,133,CHHAWLA,3088.131588691498,OpenAQ live network,2026-08-23 07:00:00,2026-08-26 07:00:00,72,88.1,90.01389
293,28.489744,77.0,1,5.101,133,CHHAWLA,3167.77856002246,OpenAQ live network,2026-08-23 07:00:00,2026-08-26 07:00:00,72,95.3,94.50109
294,28.489744,77.015385,1,4.533,133,CHHAWLA,3201.0143928053594,OpenAQ live network,2026-08-23 07:00:00,2026-08-26 07:00:00,72,98.8,94.50109
295,28.489744,77.030769,1,4.427,141,BIJWASAN,3809.109139156057,OpenAQ live network,2026-08-23 07:00:00,2026-08-26 07:00:00,72,115.6,118.319115
296,28.489744,77.046154,1,4.814,141,BIJWASAN,3192.789830903352,OpenAQ live network,2026-08-23 07:00:00,2026-08-26 07:00:00,72,115.6,118.319115
297,28.489744,77.061538,1,5.592,141,BIJWASAN,2843.4066813070262,OpenAQ live network,2026-08-23 07:00:00,2026-08-26 07:00:00,72,88.2,118.319115
298,28.489744,77.076923,1,5.615,172,KISHANGARH,3000.079590631084,OpenAQ live network,2026-08-23 07:00:00,2026-08-26 07:00:00,72,38.3,118.319115
299,28.489744,77.092308,1,4.209,172,KISHANGARH,1982.0482018242,OpenAQ live network,2026-08-23 07:00:00,2026-08-26 07:00:00,72,71.3,99.363655
300,28.489744,77.107692,1,2.903,175,AYA NAGAR,1195.178429876803,OpenAQ live network,2026-08-23 07:00:00,2026-08-26 07:00:00,72,53.6,41.45987
301,28.489744,77.123077,1,1.913,174,CHHATARPUR,0.0,OpenAQ live network,2026-08-23 07:00:00,2026-08-26 07:00:00,72,76.8,74.028534
302,28.489744,77.138462,1,1.847,174,CHHATARPUR,0.0,OpenAQ live network,2026-08-23 07:00:00,2026-08-26 07:00:00,72,78.3,86.98468
303,28.489744,77.153846,1,2.773,174,CHHATARPUR,0.0,OpenAQ live network,2026-08-23 07:00:00,2026-08-26 07:00:00,72,63.5,86.98468
304,28.489744,77.169231,1,3.15,176,BHATI,0.0,OpenAQ live network,2026-08-23 07:00:00,2026-08-26 07:00:00,72,60.1,58.313683
305,28.489744,77.184615,1,1.673,174,CHHATARPUR,0.0,OpenAQ live network,2026-08-23 07:00:00,2026-08-26 07:00:00,72,54.8,45.499718
306,28.489744,77.2,0,0.446,173,DEOLI,0.0,OpenAQ live network,2026-08-23 07:00:00,2026-08-26 07:00:00,72,85.6,72.63621
307,28.489744,77.215385,1,1.456,173,DEOLI,0.0,OpenAQ live network,2026-08-23 07:00:00,2026-08-26 07:00:00,72,31.1,24.956123
308,28.489744,77.230769,1,2.926,178,SANGAM VIHAR,0.0,OpenAQ live network,2026-08-23 07:00:00,2026-08-26 07:00:00,72,60.4,56.61604
309,28.489744,77.246154,1,2.073,187,SANGAM VIHAR CENTRAL,0.0,OpenAQ live network,2026-08-23 07:00:00,2026-08-26 07:00:00,72,63.1,56.659256
310,28.489744,77.261538,1,1.033,188,SANGAM VIHAR EAST,0.0,OpenAQ live network,2026-08-23 07:00:00,2026-08-26 07:00:00,72,63.4,59.004406
311,28.489744,77.276923,1,1.535,198,PUL PEHLAD,392.4478487044416,OpenAQ live network,2026-08-23 07:00:00,2026-08-26 07:00:00,72,32.6,33.966766
312,28.489744,77.292308,1,2.858,198,PUL PEHLAD,631.6834475399306,OpenAQ live network,2026-08-23 07:00:00,2026-08-26 07:00:00,72,91.5,96.22947
313,28.489744,77.307692,1,4.301,203,BADAR PUR,0.0,OpenAQ live network,2026-08-23 07:00:00,2026-08-26 07:00:00,72,72.7,80.23483
314,28.489744,77.323077,1,5.344,202,MEETHEYPUR,0.0,OpenAQ live network,2026-08-23 07:00:00,2026-08-26 07:00:00,72,26.8,21.464796
315,28.489744,77.338462,1,5.588,202,MEETHEYPUR,1170.809406177082,OpenAQ live network,2026-08-23 07:00:00,2026-08-26 07:00:00,72,26.8,21.464796
316,28.489744,77.353846,1,6.198,202,MEETHEYPUR,2570.0242235795536,OpenAQ live network,2026-08-23 07:00:00,2026-08-26 07:00:00,72,35.5,21.464796
317,28.489744,77.369231,1,7.08,201,JAITPUR,3956.704749276504,OpenAQ live network,2026-08-23 07:00:00,2026-08-26 07:00:00,72,100.3,97.19858
318,28.489744,77.384615,1,8.146,201,JAITPUR,5278.903878971587,OpenAQ live network,2026-08-23 07:00:00,2026-08-26 07:00:00,72,100.2,97.19858
319,28.489744,77.4,1,8.859,201,JAITPUR,6762.698651092015,OpenAQ live network,2026-08-23 07:00:00,2026-08-26 07:00:00,72,100.5,101.098755
320,28.502564,76.8,1,14.752,140,KHERA,7870.780588570802,OpenAQ live network,2026-08-23 07:00:00,2026-08-26 07:00:00,72,70.5,70.28176
321,28.502564,76.815385,1,13.702,140,KHERA,6876.083937617143,OpenAQ live network,2026-08-23 07:00:00,2026-08-26 07:00:00,72,70.8,70.28176
322,28.502564,76.830769,1,12.559,133,CHHAWLA,5557.879304326395,OpenAQ live network,2026-08-23 07:00:00,2026-08-26 07:00:00,72,92.1,90.01389
323,28.502564,76.846154,1,11.391,133,CHHAWLA,3850.997670062778,OpenAQ live network,2026-08-23 07:00:00,2026-08-26 07:00:00,72,92.1,90.01389
324,28.502564,76.861538,1,10.31,133,CHHAWLA,2153.406190494935,OpenAQ live network,2026-08-23 07:00:00,2026-08-26 07:00:00,72,92.1,90.01389
325,28.502564,76.876923,1,9.346,133,CHHAWLA,556.2167517535196,OpenAQ live network,2026-08-23 07:00:00,2026-08-26 07:00:00,72,92.1,90.01389
326,28.502564,76.892308,1,8.539,133,CHHAWLA,0.0,OpenAQ live network,2026-08-23 07:00:00,2026-08-26 07:00:00,72,91.9,92.190956
327,28.502564,76.907692,1,7.937,133,CHHAWLA,987.4546407437234,OpenAQ live network,2026-08-23 07:00:00,2026-08-26 07:00:00,72,107.6,105.88711
328,28.502564,76.923077,1,7.59,133,CHHAWLA,599.1516393333015,OpenAQ live network,2026-08-23 07:00:00,2026-08-26 07:00:00,72,107.3,105.88711
329,28.502564,76.938462,1,7.532,133,CHHAWLA,461.66545739851904,OpenAQ live network,2026-08-23 07:00:00,2026-08-26 07:00:00,72,107.3,105.88711
330,28.502564,76.953846,1,7.77,133,CHHAWLA,292.34764574405165,OpenAQ live network,2026-08-23 07:00:00,2026-08-26 07:00:00,72,107.3,105.88711
331,28.502564,76.969231,1,8.07,133,CHHAWLA,1316.8822923125383,OpenAQ live network,2026-08-23 07:00:00,2026-08-26 07:00:00,72,107.4,105.88711
332,28.502564,76.984615,1,7.114,133,CHHAWLA,1553.4145261302194,OpenAQ live network,2026-08-23 07:00:00,2026-08-26 07:00:00,72,93.3,90.01389
333,28.502564,77.0,1,6.373,133,CHHAWLA,1706.378465598886,OpenAQ live network,2026-08-23 07:00:00,2026-08-26 07:00:00,72,88.1,90.01389
334,28.502564,77.015385,1,5.928,133,CHHAWLA,1624.6517851206593,OpenAQ live network,2026-08-23 07:00:00,2026-08-26 07:00:00,72,95.0,94.50109
335,28.502564,77.030769,1,5.847,141,BIJWASAN,2467.213386805731,OpenAQ live network,2026-08-23 07:00:00,2026-08-26 07:00:00,72,94.8,94.50109
336,28.502564,77.046154,1,6.145,141,BIJWASAN,1710.9710897709544,OpenAQ live network,2026-08-23 07:00:00,2026-08-26 07:00:00,72,69.7,94.50109
337,28.502564,77.061538,1,6.772,141,BIJWASAN,1219.833789891872,OpenAQ live network,2026-08-23 07:00:00,2026-08-26 07:00:00,72,90.9,94.50109
338,28.502564,77.076923,1,6.202,141,BIJWASAN,1612.6438006460714,OpenAQ live network,2026-08-23 07:00:00,2026-08-26 07:00:00,72,38.3,99.363655
339,28.502564,77.092308,1,4.965,172,KISHANGARH,651.734622961393,OpenAQ live network,2026-08-23 07:00:00,2026-08-26 07:00:00,72,82.0,41.45987
340,28.502564,77.107692,1,3.92,172,KISHANGARH,0.0,OpenAQ live network,2026-08-23 07:00:00,2026-08-26 07:00:00,72,71.3,74.028534
341,28.502564,77.123077,1,3.256,172,KISHANGARH,0.0,OpenAQ live network,2026-08-23 07:00:00,2026-08-26 07:00:00,72,64.8,87.33757
342,28.502564,77.138462,1,2.875,172,KISHANGARH,0.0,OpenAQ live network,2026-08-23 07:00:00,2026-08-26 07:00:00,72,47.4,43.467037
343,28.502564,77.153846,1,2.709,172,KISHANGARH,0.0,OpenAQ live network,2026-08-23 07:00:00,2026-08-26 07:00:00,72,70.5,72.19242
344,28.502564,77.169231,1,3.275,174,CHHATARPUR,0.0,OpenAQ live network,2026-08-23 07:00:00,2026-08-26 07:00:00,72,60.1,58.313683
345,28.502564,77.184615,1,1.898,174,CHHATARPUR,0.0,OpenAQ live network,2026-08-23 07:00:00,2026-08-26 07:00:00,72,63.4,57.087093
346,28.502564,77.2,1,1.001,173,DEOLI,0.0,OpenAQ live network,2026-08-23 07:00:00,2026-08-26 07:00:00,72,61.1,50.342545
347,28.502564,77.215385,1,1.709,173,DEOLI,0.0,OpenAQ live network,2026-08-23 07:00:00,2026-08-26 07:00:00,72,47.4,41.05764
348,28.502564,77.230769,1,3.06,179,TIGRI,0.0,OpenAQ live network,2026-08-23 07:00:00,2026-08-26 07:00:00,72,60.4,56.61604
349,28.502564,77.246154,1,1.879,186,SANGAM VIHAR WEST,0.0,OpenAQ live network,2026-08-23 07:00:00,2026-08-26 07:00:00,72,63.1,56.659256
350,28.502564,77.261538,0,0.549,188,SANGAM VIHAR EAST,0.0,OpenAQ live network,2026-08-23 07:00:00,2026-08-26 07:00:00,72,88.7,92.32425
351,28.502564,77.276923,1,1.261,198,PUL PEHLAD,0.0,OpenAQ live network,2026-08-23 07:00:00,2026-08-26 07:00:00,72,58.1,51.53649
352,28.502564,77.292308,1,2.721,197,TUGHLAKABAD,0.0,OpenAQ live network,2026-08-23 07:00:00,2026-08-26 07:00:00,72,67.3,67.714905
353,28.502564,77.307692,1,4.211,203,BADAR PUR,0.0,OpenAQ live network,2026-08-23 07:00:00,2026-08-26 07:00:00,72,72.7,80.23483
354,28.502564,77.323077,1,4.692,202,MEETHEYPUR,0.0,OpenAQ live network,2026-08-23 07:00:00,2026-08-26 07:00:00,72,62.1,63.759167
355,28.502564,77.338462,1,4.925,201,JAITPUR,302.6638200029745,OpenAQ live network,2026-08-23 07:00:00,2026-08-26 07:00:00,72,88.0,77.881584
356,28.502564,77.353846,1,5.57,201,JAITPUR,1603.640934981298,OpenAQ live network,2026-08-23 07:00:00,2026-08-26 07:00:00,72,30.6,40.03267
357,28.502564,77.369231,1,6.504,201,JAITPUR,2972.806890661975,OpenAQ live network,2026-08-23 07:00:00,2026-08-26 07:00:00,72,30.6,40.03267
358,28.502564,77.384615,1,7.468,201,JAITPUR,4564.856595588431,OpenAQ live network,2026-08-23 07:00:00,2026-08-26 07:00:00,72,115.7,119.68883
359,28.502564,77.4,1,7.437,207,MADANPUR KHADAR,6195.584697893336,OpenAQ live network,2026-08-23 07:00:00,2026-08-26 07:00:00,72,115.7,119.68883
360,28.515385,76.8,1,13.807,140,KHERA,6702.034061880952,OpenAQ live network,2026-08-23 07:00:00,2026-08-26 07:00:00,72,70.8,70.28176
361,28.515385,76.815385,1,12.68,140,KHERA,5529.031519642083,OpenAQ live network,2026-08-23 07:00:00,2026-08-26 07:00:00,72,70.8,70.28176
362,28.515385,76.830769,1,11.638,140,KHERA,4662.217487654459,OpenAQ live network,2026-08-23 07:00:00,2026-08-26 07:00:00,72,70.8,70.28176
363,28.515385,76.846154,1,10.505,140,KHERA,3506.125591405842,OpenAQ live network,2026-08-23 07:00:00,2026-08-26 07:00:00,72,92.1,90.01389
364,28.515385,76.861538,1,9.321,133,CHHAWLA,2111.426985752206,OpenAQ live network,2026-08-23 07:00:00,2026-08-26 07:00:00,72,92.1,90.01389
365,28.515385,76.876923,1,8.243,133,CHHAWLA,804.6923866124206,OpenAQ live network,2026-08-23 07:00:00,2026-08-26 07:00:00,72,107.4,105.88711
366,28.515385,76.892308,1,7.315,133,CHHAWLA,0.0,OpenAQ live network,2026-08-23 07:00:00,2026-08-26 07:00:00,72,107.3,105.88711
367,28.515385,76.907692,1,6.603,133,CHHAWLA,0.0,OpenAQ live network,2026-08-23 07:00:00,2026-08-26 07:00:00,72,33.4,40.202415
368,28.515385,76.923077,1,6.181,133,CHHAWLA,0.0,OpenAQ live network,2026-08-23 07:00:00,2026-08-26 07:00:00,72,30.1,39.331467
369,28.515385,76.938462,1,6.109,133,CHHAWLA,0.0,OpenAQ live network,2026-08-23 07:00:00,2026-08-26 07:00:00,72,30.1,39.331467
370,28.515385,76.953846,1,6.4,133,CHHAWLA,0.0,OpenAQ live network,2026-08-23 07:00:00,2026-08-26 07:00:00,72,30.1,39.331467
371,28.515385,76.969231,1,7.008,133,CHHAWLA,0.0,OpenAQ live network,2026-08-23 07:00:00,2026-08-26 07:00:00,72,107.3,105.88711
372,28.515385,76.984615,1,7.861,133,CHHAWLA,106.10118614918068,OpenAQ live network,2026-08-23 07:00:00,2026-08-26 07:00:00,72,107.3,105.88711
373,28.515385,77.0,1,7.699,133,CHHAWLA,303.09864623965905,OpenAQ live network,2026-08-23 07:00:00,2026-08-26 07:00:00,72,93.0,90.01389
374,28.515385,77.015385,1,7.335,133,CHHAWLA,370.74686135536695,OpenAQ live network,2026-08-23 07:00:00,2026-08-26 07:00:00,72,93.3,90.01389
375,28.515385,77.030769,1,7.27,133,CHHAWLA,1692.513978188172,OpenAQ live network,2026-08-23 07:00:00,2026-08-26 07:00:00,72,78.4,84.53094
376,28.515385,77.046154,1,6.679,141,BIJWASAN,151.97839562792265,OpenAQ live network,2026-08-23 07:00:00,2026-08-26 07:00:00,72,72.4,73.03511
377,28.515385,77.061538,1,5.888,141,BIJWASAN,0.0,OpenAQ live network,2026-08-23 07:00:00,2026-08-26 07:00:00,72,88.2,73.03511
378,28.515385,77.076923,1,5.234,143,KAPASHERA,396.7896143606461,OpenAQ live network,2026-08-23 07:00:00,2026-08-26 07:00:00,72,40.9,99.363655
379,28.515385,77.092308,1,4.964,143,KAPASHERA,0.0,OpenAQ live network,2026-08-23 07:00:00,2026-08-26 07:00:00,72,43.4,41.45987
380,28.515385,77.107692,1,4.252,172,KISHANGARH,0.0,OpenAQ live network,2026-08-23 07:00:00,2026-08-26 07:00:00,72,81.5,86.98468
381,28.515385,77.123077,1,2.849,172,KISHANGARH,0.0,OpenAQ live network,2026-08-23 07:00:00,2026-08-26 07:00:00,72,96.6,103.75979
382,28.515385,77.138462,1,1.636,172,KISHANGARH,0.0,OpenAQ live network,2026-08-23 07:00:00,2026-08-26 07:00:00,72,68.8,69.78272
383,28.515385,77.153846,1,1.324,172,KISHANGARH,0.0,OpenAQ live network,2026-08-23 07:00:00,2026-08-26 07:00:00,72,40.8,39.036186
384,28.515385,77.169231,1,2.312,169,LADOSARAI,0.0,OpenAQ live network,2026-08-23 07:00:00,2026-08-26 07:00:00,72,81.8,87.722916
385,28.515385,77.184615,1,1.856,170,MEHRAULI,0.0,OpenAQ live network,2026-08-23 07:00:00,2026-08-26 07:00:00,72,69.9,76.56481
386,28.515385,77.2,1,2.019,173,DEOLI,0.0,OpenAQ live network,2026-08-23 07:00:00,2026-08-26 07:00:00,72,69.9,76.56481
387,28.515385,77.215385,1,2.791,181,KHANPUR,0.0,OpenAQ live network,2026-08-23 07:00:00,2026-08-26 07:00:00,72,64.4,64.49024
388,28.515385,77.230769,1,3.772,181,KHANPUR,0.0,OpenAQ live network,2026-08-23 07:00:00,2026-08-26 07:00:00,72,71.8,72.23864
389,28.515385,77.246154,1,2.613,185,TUGHLAKABAD EXTN,0.0,OpenAQ live network,2026-08-23 07:00:00,2026-08-26 07:00:00,72,67.3,67.714905
390,28.515385,77.261538,1,1.897,197,TUGHLAKABAD,0.0,OpenAQ live network,2026-08-23 07:00:00,2026-08-26 07:00:00,72,63.1,56.659256
391,28.515385,77.276923,1,1.8,197,TUGHLAKABAD,0.0,OpenAQ live network,2026-08-23 07:00:00,2026-08-26 07:00:00,72,68.1,69.01327
392,28.515385,77.292308,1,2.676,199,TEKHAND,0.0,OpenAQ live network,2026-08-23 07:00:00,2026-08-26 07:00:00,72,69.3,73.83968
393,28.515385,77.307692,1,3.598,207,MADANPUR KHADAR,0.0,OpenAQ live network,2026-08-23 07:00:00,2026-08-26 07:00:00,72,63.0,66.92921
394,28.515385,77.323077,1,3.266,201,JAITPUR,0.0,OpenAQ live network,2026-08-23 07:00:00,2026-08-26 07:00:00,72,61.9,66.785416
395,28.515385,77.338462,1,3.594,201,JAITPUR,0.0,OpenAQ live network,2026-08-23 07:00:00,2026-08-26 07:00:00,72,63.0,66.92921
396,28.515385,77.353846,1,4.436,207,MADANPUR KHADAR,813.5489464921009,OpenAQ live network,2026-08-23 07:00:00,2026-08-26 07:00:00,72,64.4,68.0915
397,28.515385,77.369231,1,5.564,207,MADANPUR KHADAR,2472.891000821972,OpenAQ live network,2026-08-23 07:00:00,2026-08-26 07:00:00,72,30.6,40.03267
398,28.515385,77.384615,1,6.055,207,MADANPUR KHADAR,4175.374840283835,OpenAQ live network,2026-08-23 07:00:00,2026-08-26 07:00:00,72,25.5,27.943388
399,28.515385,77.4,1,6.017,207,MADANPUR KHADAR,5881.62925899595,OpenAQ live network,2026-08-23 07:00:00,2026-08-26 07:00:00,72,25.5,27.943388
400,28.528205,76.8,1,12.951,140,KHERA,5758.541025341403,OpenAQ live network,2026-08-23 07:00:00,2026-08-26 07:00:00,72,70.8,70.28176
401,28.528205,76.815385,1,11.742,140,KHERA,4344.097985662078,OpenAQ live network,2026-08-23 07:00:00,2026-08-26 07:00:00,72,70.8,70.28176
402,28.528205,76.830769,1,10.608,140,KHERA,3209.580318763118,OpenAQ live network,2026-08-23 07:00:00,2026-08-26 07:00:00,72,70.8,70.28176
403,28.528205,76.846154,1,9.577,140,KHERA,2570.7676587482947,OpenAQ live network,2026-08-23 07:00:00,2026-08-26 07:00:00,72,70.8,70.28176
404,28.528205,76.861538,1,8.458,140,KHERA,1146.4980532049417,OpenAQ live network,2026-08-23 07:00:00,2026-08-26 07:00:00,72,92.9,92.190956
405,28.528205,76.876923,1,7.253,133,CHHAWLA,0.0,OpenAQ live network,2026-08-23 07:00:00,2026-08-26 07:00:00,72,107.3,105.88711
406,28.528205,76.892308,1,6.178,133,CHHAWLA,0.0,OpenAQ live network,2026-08-23 07:00:00,2026-08-26 07:00:00,72,30.1,39.331467
407,28.528205,76.907692,1,5.316,133,CHHAWLA,0.0,OpenAQ live network,2026-08-23 07:00:00,2026-08-26 07:00:00,72,30.1,39.331467
408,28.528205,76.923077,1,4.782,133,CHHAWLA,0.0,OpenAQ live network,2026-08-23 07:00:00,2026-08-26 07:00:00,72,58.4,63.269737
409,28.528205,76.938462,1,4.689,133,CHHAWLA,0.0,OpenAQ live network,2026-08-23 07:00:00,2026-08-26 07:00:00,72,58.4,63.269737
410,28.528205,76.953846,1,5.062,133,CHHAWLA,0.0,OpenAQ live network,2026-08-23 07:00:00,2026-08-26 07:00:00,72,30.1,39.331467
411,28.528205,76.969231,1,5.812,133,CHHAWLA,0.0,OpenAQ live network,2026-08-23 07:00:00,2026-08-26 07:00:00,72,30.1,39.331467
412,28.528205,76.984615,1,6.815,133,CHHAWLA,0.0,OpenAQ live network,2026-08-23 07:00:00,2026-08-26 07:00:00,72,104.3,105.61623
413,28.528205,77.0,1,7.977,133,CHHAWLA,0.0,OpenAQ live network,2026-08-23 07:00:00,2026-08-26 07:00:00,72,107.6,105.88711
414,28.528205,77.015385,1,7.29,133,CHHAWLA,501.8595533187486,OpenAQ live network,2026-08-23 07:00:00,2026-08-26 07:00:00,72,93.4,84.53094
415,28.528205,77.030769,1,6.23,141,BIJWASAN,398.0606555214552,OpenAQ live network,2026-08-23 07:00:00,2026-08-26 07:00:00,72,88.7,84.53094
416,28.528205,77.046154,1,5.385,141,BIJWASAN,0.0,OpenAQ live network,2026-08-23 07:00:00,2026-08-26 07:00:00,72,88.2,84.53094
417,28.528205,77.061538,1,4.749,143,KAPASHERA,0.0,OpenAQ live network,2026-08-23 07:00:00,2026-08-26 07:00:00,72,41.8,72.11529
418,28.528205,77.076923,1,3.909,143,KAPASHERA,0.0,OpenAQ live network,2026-08-23 07:00:00,2026-08-26 07:00:00,72,47.7,99.363655
419,28.528205,77.092308,1,3.539,143,KAPASHERA,0.0,OpenAQ live network,2026-08-23 07:00:00,2026-08-26 07:00:00,72,60.5,41.45987
420,28.528205,77.107692,1,3.78,172,KISHANGARH,0.0,OpenAQ live network,2026-08-23 07:00:00,2026-08-26 07:00:00,72,74.9,86.98468
421,28.528205,77.123077,1,2.568,144,MAHIPALPUR,0.0,OpenAQ live network,2026-08-23 07:00:00,2026-08-26 07:00:00,72,70.5,72.19242
422,28.528205,77.138462,1,1.074,144,MAHIPALPUR,0.0,OpenAQ live network,2026-08-23 07:00:00,2026-08-26 07:00:00,72,89.3,96.87732
423,28.528205,77.153846,0,0.479,172,KISHANGARH,0.0,OpenAQ live network,2026-08-23 07:00:00,2026-08-26 07:00:00,72,103.6,120.20439
424,28.528205,77.169231,1,1.393,171,VASANTKUNJ,0.0,OpenAQ live network,2026-08-23 07:00:00,2026-08-26 07:00:00,72,30.9,22.786175
425,28.528205,77.184615,0,0.644,169,LADOSARAI,0.0,OpenAQ live network,2026-08-23 07:00:00,2026-08-26 07:00:00,72,103.7,102.28557
426,28.528205,77.2,1,1.023,169,LADOSARAI,0.0,OpenAQ live network,2026-08-23 07:00:00,2026-08-26 07:00:00,72,65.4,69.580925
427,28.528205,77.215385,1,2.471,169,LADOSARAI,0.0,OpenAQ live network,2026-08-23 07:00:00,2026-08-26 07:00:00,72,73.7,87.24087
428,28.528205,77.230769,1,2.707,184,PUSHP VIHAR,0.0,OpenAQ live network,2026-08-23 07:00:00,2026-08-26 07:00:00,72,101.2,118.825455
429,28.528205,77.246154,1,2.442,189,CHIRAG DELHI,0.0,OpenAQ live network,2026-08-23 07:00:00,2026-08-26 07:00:00,72,69.3,73.83968
430,28.528205,77.261538,1,0.992,195,GOVIND PURI,0.0,OpenAQ live network,2026-08-23 07:00:00,2026-08-26 07:00:00,72,66.3,73.07579
431,28.528205,77.276923,0,0.624,199,TEKHAND,0.0,OpenAQ live network,2026-08-23 07:00:00,2026-08-26 07:00:00,72,88.5,95.45266
432,28.528205,77.292308,1,2.077,208,SARITA VIHAR,0.0,OpenAQ live network,2026-08-23 07:00:00,2026-08-26 07:00:00,72,68.1,69.01327
433,28.528205,77.307692,1,2.38,207,MADANPUR KHADAR,0.0,OpenAQ live network,2026-08-23 07:00:00,2026-08-26 07:00:00,72,80.7,79.44841
434,28.528205,77.323077,1,1.841,207,MADANPUR KHADAR,0.0,OpenAQ live network,2026-08-23 07:00:00,2026-08-26 07:00:00,72,71.0,72.99
435,28.528205,77.338462,1,2.373,207,MADANPUR KHADAR,444.4770762365079,OpenAQ live network,2026-08-23 07:00:00,2026-08-26 07:00:00,72,80.7,79.44841
436,28.528205,77.353846,1,3.521,207,MADANPUR KHADAR,1207.6341341717991,OpenAQ live network,2026-08-23 07:00:00,2026-08-26 07:00:00,72,61.9,66.785416
437,28.528205,77.369231,1,4.866,207,MADANPUR KHADAR,2612.02036489661,OpenAQ live network,2026-08-23 07:00:00,2026-08-26 07:00:00,72,62.1,63.759167
438,28.528205,77.384615,1,4.65,207,MADANPUR KHADAR,4248.804833364922,OpenAQ live network,2026-08-23 07:00:00,2026-08-26 07:00:00,72,60.4,65.82031
439,28.528205,77.4,1,4.601,207,MADANPUR KHADAR,5928.6521652539095,OpenAQ live network,2026-08-23 07:00:00,2026-08-26 07:00:00,72,60.4,65.82031
440,28.541026,76.8,1,12.202,140,KHERA,5091.357979225757,OpenAQ live network,2026-08-23 07:00:00,2026-08-26 07:00:00,72,70.8,70.28176
441,28.541026,76.815385,1,10.911,140,KHERA,3519.981850454526,OpenAQ live network,2026-08-23 07:00:00,2026-08-26 07:00:00,72,70.8,70.28176
442,28.541026,76.830769,1,9.68,140,KHERA,1991.8243413854032,OpenAQ live network,2026-08-23 07:00:00,2026-08-26 07:00:00,72,70.8,70.28176
443,28.541026,76.846154,1,8.537,140,KHERA,1040.2188459899046,OpenAQ live network,2026-08-23 07:00:00,2026-08-26 07:00:00,72,72.6,72.78697
444,28.541026,76.861538,1,7.521,140,KHERA,452.116249920686,OpenAQ live network,2026-08-23 07:00:00,2026-08-26 07:00:00,72,87.4,87.437126
445,28.541026,76.876923,1,6.428,140,KHERA,0.0,OpenAQ live network,2026-08-23 07:00:00,2026-08-26 07:00:00,72,30.1,39.331467
446,28.541026,76.892308,1,5.186,133,CHHAWLA,0.0,OpenAQ live network,2026-08-23 07:00:00,2026-08-26 07:00:00,72,30.1,39.331467
447,28.541026,76.907692,1,4.122,133,CHHAWLA,0.0,OpenAQ live network,2026-08-23 07:00:00,2026-08-26 07:00:00,72,72.1,79.23315
448,28.541026,76.923077,1,3.405,133,CHHAWLA,0.0,OpenAQ live network,2026-08-23 07:00:00,2026-08-26 07:00:00,72,58.7,64.6285
449,28.541026,76.938462,1,3.273,133,CHHAWLA,0.0,OpenAQ live network,2026-08-23 07:00:00,2026-08-26 07:00:00,72,58.7,64.6285
450,28.541026,76.953846,1,3.788,133,CHHAWLA,0.0,OpenAQ live network,2026-08-23 07:00:00,2026-08-26 07:00:00,72,71.8,79.21331
451,28.541026,76.969231,1,4.744,133,CHHAWLA,0.0,OpenAQ live network,2026-08-23 07:00:00,2026-08-26 07:00:00,72,58.4,63.269737
452,28.541026,76.984615,1,5.931,133,CHHAWLA,0.0,OpenAQ live network,2026-08-23 07:00:00,2026-08-26 07:00:00,72,30.1,39.331467
453,28.541026,77.0,1,7.236,133,CHHAWLA,0.0,OpenAQ live network,2026-08-23 07:00:00,2026-08-26 07:00:00,72,107.3,105.88711
454,28.541026,77.015385,1,6.45,141,BIJWASAN,0.0,OpenAQ live network,2026-08-23 07:00:00,2026-08-26 07:00:00,72,109.4,111.39659
455,28.541026,77.030769,1,5.222,141,BIJWASAN,0.0,OpenAQ live network,2026-08-23 07:00:00,2026-08-26 07:00:00,72,109.4,111.39659
456,28.541026,77.046154,1,4.178,141,BIJWASAN,0.0,OpenAQ live network,2026-08-23 07:00:00,2026-08-26 07:00:00,72,97.1,111.39659
457,28.541026,77.061538,1,3.486,141,BIJWASAN,0.0,OpenAQ live network,2026-08-23 07:00:00,2026-08-26 07:00:00,72,47.9,111.39659
458,28.541026,77.076923,1,2.69,143,KAPASHERA,0.0,OpenAQ live network,2026-08-23 07:00:00,2026-08-26 07:00:00,72,65.2,99.363655
459,28.541026,77.092308,1,2.116,143,KAPASHERA,0.0,OpenAQ live network,2026-08-23 07:00:00,2026-08-26 07:00:00,72,61.1,41.45987
460,28.541026,77.107692,1,2.498,143,KAPASHERA,0.0,OpenAQ live network,2026-08-23 07:00:00,2026-08-26 07:00:00,72,66.8,78.360855
461,28.541026,77.123077,1,2.469,144,MAHIPALPUR,0.0,OpenAQ live network,2026-08-23 07:00:00,2026-08-26 07:00:00,72,61.2,43.467037
462,28.541026,77.138462,1,1.922,144,MAHIPALPUR,0.0,OpenAQ live network,2026-08-23 07:00:00,2026-08-26 07:00:00,72,88.3,94.2096
463,28.541026,77.153846,1,1.436,CANT_4,DELHI CANTT CHARGE 4,0.0,OpenAQ live network,2026-08-23 07:00:00,2026-08-26 07:00:00,72,31.4,23.474548
464,28.541026,77.169231,0,0.075,171,VASANTKUNJ,0.0,OpenAQ live network,2026-08-23 07:00:00,2026-08-26 07:00:00,72,87.9,80.24576
465,28.541026,77.184615,0,0.706,161,MALVIYA NAGAR,0.0,OpenAQ live network,2026-08-23 07:00:00,2026-08-26 07:00:00,72,101.7,69.580925
466,28.541026,77.2,1,0.831,161,MALVIYA NAGAR,0.0,OpenAQ live network,2026-08-23 07:00:00,2026-08-26 07:00:00,72,100.0,49.09085
467,28.541026,77.215385,1,1.047,191,SHAPUR JAT,0.0,OpenAQ live network,2026-08-23 07:00:00,2026-08-26 07:00:00,72,70.9,81.00625
468,28.541026,77.230769,1,1.565,191,SHAPUR JAT,0.0,OpenAQ live network,2026-08-23 07:00:00,2026-08-26 07:00:00,72,69.2,79.85247
469,28.541026,77.246154,1,1.042,190,CHITRANJAN PARK,0.0,OpenAQ live network,2026-08-23 07:00:00,2026-08-26 07:00:00,72,69.6,73.83968
470,28.541026,77.261538,1,1.482,196,KALKAJI,0.0,OpenAQ live network,2026-08-23 07:00:00,2026-08-26 07:00:00,72,41.1,45.231667
471,28.541026,77.276923,1,1.178,200,HARKESH NAGAR,0.0,OpenAQ live network,2026-08-23 07:00:00,2026-08-26 07:00:00,72,65.2,65.4421
472,28.541026,77.292308,1,2.151,208,SARITA VIHAR,0.0,OpenAQ live network,2026-08-23 07:00:00,2026-08-26 07:00:00,72,99.5,78.25114
473,28.541026,77.307692,1,1.564,208,SARITA VIHAR,0.0,OpenAQ live network,2026-08-23 07:00:00,2026-08-26 07:00:00,72,44.3,46.136982
474,28.541026,77.323077,0,0.415,208,SARITA VIHAR,0.0,OpenAQ live network,2026-08-23 07:00:00,2026-08-26 07:00:00,72,99.4,96.14696
475,28.541026,77.338462,1,1.555,207,MADANPUR KHADAR,1131.249904487663,OpenAQ live network,2026-08-23 07:00:00,2026-08-26 07:00:00,72,44.3,46.136982
476,28.541026,77.353846,1,3.029,207,MADANPUR KHADAR,2551.7882936873657,OpenAQ live network,2026-08-23 07:00:00,2026-08-26 07:00:00,72,64.5,65.38023
477,28.541026,77.369231,1,3.952,207,MADANPUR KHADAR,3554.77785077885,OpenAQ live network,2026-08-23 07:00:00,2026-08-26 07:00:00,72,79.6,77.50065
478,28.541026,77.384615,1,3.263,207,MADANPUR KHADAR,4885.298117185726,OpenAQ live network,2026-08-23 07:00:00,2026-08-26 07:00:00,72,58.3,57.345493
479,28.541026,77.4,1,3.193,207,MADANPUR KHADAR,6400.211846362833,OpenAQ live network,2026-08-23 07:00:00,2026-08-26 07:00:00,72,58.3,57.345493
480,28.553846,76.8,1,11.581,140,KHERA,4697.386795844197,OpenAQ live network,2026-08-23 07:00:00,2026-08-26 07:00:00,72,70.8,70.28176
481,28.553846,76.815385,1,10.211,140,KHERA,2994.063228872162,OpenAQ live network,2026-08-23 07:00:00,2026-08-26 07:00:00,72,70.8,70.28176
482,28.553846,76.830769,1,8.884,140,KHERA,1315.2979443385866,OpenAQ live network,2026-08-23 07:00:00,2026-08-26 07:00:00,72,71.1,70.28176
483,28.553846,76.846154,1,7.623,140,KHERA,0.0,OpenAQ live network,2026-08-23 07:00:00,2026-08-26 07:00:00,72,87.4,87.437126
484,28.553846,76.861538,1,6.466,140,KHERA,0.0,OpenAQ live network,2026-08-23 07:00:00,2026-08-26 07:00:00,72,23.8,29.89486
485,28.553846,76.876923,1,5.478,140,KHERA,0.0,OpenAQ live network,2026-08-23 07:00:00,2026-08-26 07:00:00,72,23.8,29.89486
486,28.553846,76.892308,1,4.437,140,KHERA,0.0,OpenAQ live network,2026-08-23 07:00:00,2026-08-26 07:00:00,72,61.2,67.602066
487,28.553846,76.907692,1,3.127,133,CHHAWLA,0.0,OpenAQ live network,2026-08-23 07:00:00,2026-08-26 07:00:00,72,60.8,68.02254
488,28.553846,76.923077,1,2.094,133,CHHAWLA,0.0,OpenAQ live network,2026-08-23 07:00:00,2026-08-26 07:00:00,72,56.6,62.161716
489,28.553846,76.938462,1,1.873,133,CHHAWLA,0.0,OpenAQ live network,2026-08-23 07:00:00,2026-08-26 07:00:00,72,62.9,70.49071
490,28.553846,76.953846,1,2.673,133,CHHAWLA,0.0,OpenAQ live network,2026-08-23 07:00:00,2026-08-26 07:00:00,72,65.0,72.95262
491,28.553846,76.969231,1,3.911,133,CHHAWLA,0.0,OpenAQ live network,2026-08-23 07:00:00,2026-08-26 07:00:00,72,71.8,79.21331
492,28.553846,76.984615,1,5.288,133,CHHAWLA,0.0,OpenAQ live network,2026-08-23 07:00:00,2026-08-26 07:00:00,72,30.1,39.331467
493,28.553846,77.0,1,6.719,133,CHHAWLA,0.0,OpenAQ live network,2026-08-23 07:00:00,2026-08-26 07:00:00,72,33.5,40.202415
494,28.553846,77.015385,1,5.841,133,CHHAWLA,0.0,OpenAQ live network,2026-08-23 07:00:00,2026-08-26 07:00:00,72,34.4,29.08256
495,28.553846,77.030769,1,4.448,141,BIJWASAN,0.0,OpenAQ live network,2026-08-23 07:00:00,2026-08-26 07:00:00,72,36.6,29.08256
496,28.553846,77.046154,1,3.158,141,BIJWASAN,0.0,OpenAQ live network,2026-08-23 07:00:00,2026-08-26 07:00:00,72,37.3,29.08256
497,28.553846,77.061538,1,2.162,141,BIJWASAN,0.0,OpenAQ live network,2026-08-23 07:00:00,2026-08-26 07:00:00,72,38.2,31.09463
498,28.553846,77.076923,1,1.803,143,KAPASHERA,0.0,OpenAQ live network,2026-08-23 07:00:00,2026-08-26 07:00:00,72,68.6,27.383436
499,28.553846,77.092308,0,0.704,143,KAPASHERA,0.0,OpenAQ live network,2026-08-23 07:00:00,2026-08-26 07:00:00,72,67.2,27.383436
500,28.553846,77.107692,1,1.414,CANT_6,DELHI CANTT CHARGE 6,0.0,OpenAQ live network,2026-08-23 07:00:00,2026-08-26 07:00:00,72,44.9,60.228477
501,28.553846,77.123077,1,1.11,CANT_4,DELHI CANTT CHARGE 4,0.0,OpenAQ live network,2026-08-23 07:00:00,2026-08-26 07:00:00,72,72.0,86.98468
502,28.553846,77.138462,1,2.231,CANT_4,DELHI CANTT CHARGE 4,0.0,OpenAQ live network,2026-08-23 07:00:00,2026-08-26 07:00:00,72,93.4,73.728226
503,28.553846,77.153846,1,1.757,CANT_4,DELHI CANTT CHARGE 4,0.0,OpenAQ live network,2026-08-23 07:00:00,2026-08-26 07:00:00,72,62.4,68.45673
504,28.553846,77.169231,1,1.216,166,MUNIRKA,0.0,OpenAQ live network,2026-08-23 07:00:00,2026-08-26 07:00:00,72,30.9,23.474548
505,28.553846,77.184615,1,1.071,166,MUNIRKA,0.0,OpenAQ live network,2026-08-23 07:00:00,2026-08-26 07:00:00,72,66.4,73.81672
506,28.553846,77.2,1,1.506,163,SAFDARJANG ENCLAVE,0.0,OpenAQ live network,2026-08-23 07:00:00,2026-08-26 07:00:00,72,45.9,65.8662
507,28.553846,77.215385,0,0.384,159,ANDREWSGANJ,0.0,OpenAQ live network,2026-08-23 07:00:00,2026-08-26 07:00:00,72,109.2,132.8714
508,28.553846,77.230769,1,1.278,192,GREATER KAILASH-I,0.0,OpenAQ live network,2026-08-23 07:00:00,2026-08-26 07:00:00,72,40.8,37.160133
509,28.553846,77.246154,0,0.521,192,GREATER KAILASH-I,0.0,OpenAQ live network,2026-08-23 07:00:00,2026-08-26 07:00:00,72,67.7,50.747864
510,28.553846,77.261538,1,1.212,194,EAST OF KAILASH,0.0,OpenAQ live network,2026-08-23 07:00:00,2026-08-26 07:00:00,72,65.2,63.311333
511,28.553846,77.276923,0,0.44,193,SRI NIWASPURI,0.0,OpenAQ live network,2026-08-23 07:00:00,2026-08-26 07:00:00,72,105.2,73.83968
512,28.553846,77.292308,1,1.853,206,OKHLA,0.0,OpenAQ live network,2026-08-23 07:00:00,2026-08-26 07:00:00,72,82.6,66.785416
513,28.553846,77.307692,1,1.815,,,0.0,OpenAQ live network,2026-08-23 07:00:00,2026-08-26 07:00:00,72,71.0,72.99
514,28.553846,77.323077,1,1.01,,,796.5733454314328,OpenAQ live network,2026-08-23 07:00:00,2026-08-26 07:00:00,72,68.4,72.14172
515,28.553846,77.338462,1,1.807,208,SARITA VIHAR,2268.882742534683,OpenAQ live network,2026-08-23 07:00:00,2026-08-26 07:00:00,72,71.0,72.99
516,28.553846,77.353846,1,3.166,207,MADANPUR KHADAR,3489.0111826894668,OpenAQ live network,2026-08-23 07:00:00,2026-08-26 07:00:00,72,61.9,66.785416
517,28.553846,77.369231,1,2.951,207,MADANPUR KHADAR,4849.430395417254,OpenAQ live network,2026-08-23 07:00:00,2026-08-26 07:00:00,72,63.1,60.764904
518,28.553846,77.384615,1,1.934,207,MADANPUR KHADAR,5912.610062069502,OpenAQ live network,2026-08-23 07:00:00,2026-08-26 07:00:00,72,72.0,71.31657
519,28.553846,77.4,1,1.813,207,MADANPUR KHADAR,7214.951956224676,OpenAQ live network,2026-08-23 07:00:00,2026-08-26 07:00:00,72,72.0,71.31657
520,28.566667,76.8,1,11.109,140,KHERA,4400.390053919465,OpenAQ live network,2026-08-23 07:00:00,2026-08-26 07:00:00,72,70.8,70.28176
521,28.566667,76.815385,1,9.672,140,KHERA,2731.530633714432,OpenAQ live network,2026-08-23 07:00:00,2026-08-26 07:00:00,72,70.8,70.28176
522,28.566667,76.830769,1,8.26,140,KHERA,1108.4162997868332,OpenAQ live network,2026-08-23 07:00:00,2026-08-26 07:00:00,72,86.0,87.437126
523,28.566667,76.846154,1,6.885,140,KHERA,0.0,OpenAQ live network,2026-08-23 07:00:00,2026-08-26 07:00:00,72,87.3,87.437126
524,28.566667,76.861538,1,5.577,140,KHERA,0.0,OpenAQ live network,2026-08-23 07:00:00,2026-08-26 07:00:00,72,23.8,29.89486
525,28.566667,76.876923,1,4.394,140,KHERA,0.0,OpenAQ live network,2026-08-23 07:00:00,2026-08-26 07:00:00,72,56.1,54.66941
526,28.566667,76.892308,1,3.469,140,KHERA,0.0,OpenAQ live network,2026-08-23 07:00:00,2026-08-26 07:00:00,72,54.6,56.869137
527,28.566667,76.907692,1,2.576,140,KHERA,0.0,OpenAQ live network,2026-08-23 07:00:00,2026-08-26 07:00:00,72,65.0,72.95262
528,28.566667,76.923077,1,1.114,140,KHERA,0.0,OpenAQ live network,2026-08-23 07:00:00,2026-08-26 07:00:00,72,65.2,70.92546
529,28.566667,76.938462,0,0.602,140,KHERA,0.0,OpenAQ live network,2026-08-23 07:00:00,2026-08-26 07:00:00,72,95.3,96.9968
530,28.566667,76.953846,1,2.0,133,CHHAWLA,0.0,OpenAQ live network,2026-08-23 07:00:00,2026-08-26 07:00:00,72,62.9,70.49071
531,28.566667,76.969231,1,3.486,134,NANGLI SAKRAVATI,0.0,OpenAQ live network,2026-08-23 07:00:00,2026-08-26 07:00:00,72,58.7,64.6285
532,28.566667,76.984615,1,4.981,134,NANGLI SAKRAVATI,0.0,OpenAQ live network,2026-08-23 07:00:00,2026-08-26 07:00:00,72,78.9,86.41579
533,28.566667,77.0,1,5.687,133,CHHAWLA,0.0,OpenAQ live network,2026-08-23 07:00:00,2026-08-26 07:00:00,72,34.4,29.08256
534,28.566667,77.015385,1,5.006,133,CHHAWLA,0.0,OpenAQ live network,2026-08-23 07:00:00,2026-08-26 07:00:00,72,47.6,49.115795
535,28.566667,77.030769,1,4.046,141,BIJWASAN,0.0,OpenAQ live network,2026-08-23 07:00:00,2026-08-26 07:00:00,72,60.8,61.785297
536,28.566667,77.046154,1,2.561,134,NANGLI SAKRAVATI,0.0,OpenAQ live network,2026-08-23 07:00:00,2026-08-26 07:00:00,72,82.5,102.66211
537,28.566667,77.061538,1,1.122,141,BIJWASAN,0.0,OpenAQ live network,2026-08-23 07:00:00,2026-08-26 07:00:00,72,38.6,29.08256
538,28.566667,77.076923,0,0.69,143,KAPASHERA,0.0,OpenAQ live network,2026-08-23 07:00:00,2026-08-26 07:00:00,72,76.3,27.383436
539,28.566667,77.092308,1,0.76,CANT_6,DELHI CANTT CHARGE 6,0.0,OpenAQ live network,2026-08-23 07:00:00,2026-08-26 07:00:00,72,69.6,64.56082
540,28.566667,77.107692,1,1.096,CANT_6,DELHI CANTT CHARGE 6,0.0,OpenAQ live network,2026-08-23 07:00:00,2026-08-26 07:00:00,72,66.3,67.693306
541,28.566667,77.123077,0,0.658,CANT_5,DELHI CANTT CHARGE 5,0.0,OpenAQ live network,2026-08-23 07:00:00,2026-08-26 07:00:00,72,90.4,64.992386
542,28.566667,77.138462,1,2.044,CANT_4,DELHI CANTT CHARGE 4,0.0,OpenAQ live network,2026-08-23 07:00:00,2026-08-26 07:00:00,72,73.2,67.693306
543,28.566667,77.153846,1,1.306,165,VASANT VIHAR,0.0,OpenAQ live network,2026-08-23 07:00:00,2026-08-26 07:00:00,72,58.4,70.59242
544,28.566667,77.169231,0,0.315,168,NANAK PURA,0.0,OpenAQ live network,2026-08-23 07:00:00,2026-08-26 07:00:00,72,76.1,73.11302
545,28.566667,77.184615,0,0.441,167,R. K. PURAM,0.0,OpenAQ live network,2026-08-23 07:00:00,2026-08-26 07:00:00,72,103.9,97.821945
546,28.566667,77.2,1,1.331,NDMC_7,NDMC CHARGE 7,0.0,OpenAQ live network,2026-08-23 07:00:00,2026-08-26 07:00:00,72,45.0,46.011387
547,28.566667,77.215385,0,0.949,159,ANDREWSGANJ,0.0,OpenAQ live network,2026-08-23 07:00:00,2026-08-26 07:00:00,72,61.3,52.349514
548,28.566667,77.230769,1,1.462,159,ANDREWSGANJ,0.0,OpenAQ live network,2026-08-23 07:00:00,2026-08-26 07:00:00,72,41.8,39.10895
549,28.566667,77.246154,0,0.447,155,LAJPAT NAGAR,0.0,OpenAQ live network,2026-08-23 07:00:00,2026-08-26 07:00:00,72,102.3,86.83398
550,28.566667,77.261538,1,1.085,193,SRI NIWASPURI,0.0,OpenAQ live network,2026-08-23 07:00:00,2026-08-26 07:00:00,72,66.8,63.193302
551,28.566667,77.276923,1,1.751,206,OKHLA,0.0,OpenAQ live network,2026-08-23 07:00:00,2026-08-26 07:00:00,72,82.6,72.307755
552,28.566667,77.292308,1,2.511,206,OKHLA,0.0,OpenAQ live network,2026-08-23 07:00:00,2026-08-26 07:00:00,72,66.5,71.629036
553,28.566667,77.307692,1,2.865,,,489.32211564077153,OpenAQ live network,2026-08-23 07:00:00,2026-08-26 07:00:00,72,98.6,104.709564
554,28.566667,77.323077,1,2.436,,,1877.579353790136,OpenAQ live network,2026-08-23 07:00:00,2026-08-26 07:00:00,72,80.7,79.44841
555,28.566667,77.338462,1,2.86,,,3135.971510056472,OpenAQ live network,2026-08-23 07:00:00,2026-08-26 07:00:00,72,98.6,104.709564
556,28.566667,77.353846,1,3.865,208,SARITA VIHAR,4568.619888884116,OpenAQ live network,2026-08-23 07:00:00,2026-08-26 07:00:00,72,77.8,81.01622
557,28.566667,77.369231,1,2.421,215,KONDLI,5720.795243403989,OpenAQ live network,2026-08-23 07:00:00,2026-08-26 07:00:00,72,78.9,78.4071
558,28.566667,77.384615,1,0.946,215,KONDLI,6874.406496836937,OpenAQ live network,2026-08-23 07:00:00,2026-08-26 07:00:00,72,63.3,63.45708
559,28.566667,77.4,0,0.665,215,KONDLI,8169.755118719711,OpenAQ live network,2026-08-23 07:00:00,2026-08-26 07:00:00,72,109.1,112.449104
560,28.579487,76.8,1,10.805,140,KHERA,4344.541809851213,OpenAQ live network,2026-08-23 07:00:00,2026-08-26 07:00:00,72,70.8,70.28176
561,28.579487,76.815385,1,9.323,140,KHERA,2634.775692623992,OpenAQ live network,2026-08-23 07:00:00,2026-08-26 07:00:00,72,70.8,70.28176
562,28.579487,76.830769,1,7.848,140,KHERA,927.4656233271154,OpenAQ live network,2026-08-23 07:00:00,2026-08-26 07:00:00,72,87.0,87.437126
563,28.579487,76.846154,1,6.385,140,KHERA,0.0,OpenAQ live network,2026-08-23 07:00:00,2026-08-26 07:00:00,72,23.8,29.89486
564,28.579487,76.861538,1,4.946,140,KHERA,0.0,OpenAQ live network,2026-08-23 07:00:00,2026-08-26 07:00:00,72,72.6,64.26706
565,28.579487,76.876923,1,3.56,140,KHERA,0.0,OpenAQ live network,2026-08-23 07:00:00,2026-08-26 07:00:00,72,54.7,54.152138
566,28.579487,76.892308,1,2.323,140,KHERA,0.0,OpenAQ live network,2026-08-23 07:00:00,2026-08-26 07:00:00,72,57.2,54.558697
567,28.579487,76.907692,1,1.623,140,KHERA,0.0,OpenAQ live network,2026-08-23 07:00:00,2026-08-26 07:00:00,72,53.9,57.893745
568,28.579487,76.923077,1,1.47,140,KHERA,0.0,OpenAQ live network,2026-08-23 07:00:00,2026-08-26 07:00:00,72,40.5,44.75439
569,28.579487,76.938462,1,1.133,133,CHHAWLA,0.0,OpenAQ live network,2026-08-23 07:00:00,2026-08-26 07:00:00,72,65.2,70.92546
570,28.579487,76.953846,1,2.218,133,CHHAWLA,0.0,OpenAQ live network,2026-08-23 07:00:00,2026-08-26 07:00:00,72,77.2,86.3599
571,28.579487,76.969231,1,3.615,134,NANGLI SAKRAVATI,0.0,OpenAQ live network,2026-08-23 07:00:00,2026-08-26 07:00:00,72,58.5,64.48641
572,28.579487,76.984615,1,5.073,134,NANGLI SAKRAVATI,0.0,OpenAQ live network,2026-08-23 07:00:00,2026-08-26 07:00:00,72,30.1,39.331467
573,28.579487,77.0,1,4.575,134,NANGLI SAKRAVATI,0.0,OpenAQ live network,2026-08-23 07:00:00,2026-08-26 07:00:00,72,64.4,66.11767
574,28.579487,77.015385,1,3.693,134,NANGLI SAKRAVATI,0.0,OpenAQ live network,2026-08-23 07:00:00,2026-08-26 07:00:00,72,74.3,75.21692
575,28.579487,77.030769,1,3.296,134,NANGLI SAKRAVATI,0.0,OpenAQ live network,2026-08-23 07:00:00,2026-08-26 07:00:00,72,61.2,52.911446
576,28.579487,77.046154,1,2.684,136,MATIALA,0.0,OpenAQ live network,2026-08-23 07:00:00,2026-08-26 07:00:00,72,61.5,52.911446
577,28.579487,77.061538,1,1.382,141,BIJWASAN,0.0,OpenAQ live network,2026-08-23 07:00:00,2026-08-26 07:00:00,72,64.0,66.11767
578,28.579487,77.076923,1,1.061,145,PALAM,0.0,OpenAQ live network,2026-08-23 07:00:00,2026-08-26 07:00:00,72,64.4,71.50346
579,28.579487,77.092308,1,2.173,CANT_6,DELHI CANTT CHARGE 6,0.0,OpenAQ live network,2026-08-23 07:00:00,2026-08-26 07:00:00,72,63.2,68.72679
580,28.579487,77.107692,1,2.114,CANT_6,DELHI CANTT CHARGE 6,0.0,OpenAQ live network,2026-08-23 07:00:00,2026-08-26 07:00:00,72,76.8,88.397644
581,28.579487,77.123077,1,1.644,CANT_6,DELHI CANTT CHARGE 6,0.0,OpenAQ live network,2026-08-23 07:00:00,2026-08-26 07:00:00,72,53.0,54.934517
582,28.579487,77.138462,1,2.09,CANT_5,DELHI CANTT CHARGE 5,0.0,OpenAQ live network,2026-08-23 07:00:00,2026-08-26 07:00:00,72,59.2,71.2941
583,28.579487,77.153846,1,2.095,CANT_4,DELHI CANTT CHARGE 4,0.0,OpenAQ live network,2026-08-23 07:00:00,2026-08-26 07:00:00,72,59.7,67.693306
584,28.579487,77.169231,1,1.448,168,NANAK PURA,0.0,OpenAQ live network,2026-08-23 07:00:00,2026-08-26 07:00:00,72,67.7,77.93077
585,28.579487,77.184615,0,0.141,NDMC_9,NDMC CHARGE 9,0.0,OpenAQ live network,2026-08-23 07:00:00,2026-08-26 07:00:00,72,76.1,73.11302
586,28.579487,77.2,1,1.568,NDMC_8,NDMC CHARGE 8,0.0,OpenAQ live network,2026-08-23 07:00:00,2026-08-26 07:00:00,72,81.5,93.04498
587,28.579487,77.215385,1,1.159,158,KOTLA MUBARAKPUR,0.0,OpenAQ live network,2026-08-23 07:00:00,2026-08-26 07:00:00,72,74.1,56.512486
588,28.579487,77.230769,0,0.312,157,KASTURBA NAGAR,0.0,OpenAQ live network,2026-08-23 07:00:00,2026-08-26 07:00:00,72,96.1,84.00612
589,28.579487,77.246154,1,1.207,155,LAJPAT NAGAR,0.0,OpenAQ live network,2026-08-23 07:00:00,2026-08-26 07:00:00,72,66.8,61.92969
590,28.579487,77.261538,1,1.68,156,BHOGAL,0.0,OpenAQ live network,2026-08-23 07:00:00,2026-08-26 07:00:00,72,60.9,52.977386
591,28.579487,77.276923,1,2.883,,,0.0,OpenAQ live network,2026-08-23 07:00:00,2026-08-26 07:00:00,72,62.2,63.32766
592,28.579487,77.292308,1,3.092,,,0.0,OpenAQ live network,2026-08-23 07:00:00,2026-08-26 07:00:00,72,70.7,66.468056
593,28.579487,77.307692,1,1.766,211,TRILOK PURI,755.6871837649566,OpenAQ live network,2026-08-23 07:00:00,2026-08-26 07:00:00,72,71.1,65.855484
594,28.579487,77.323077,1,1.091,212,NEW ASHOK NAGAR,2017.262588265992,OpenAQ live network,2026-08-23 07:00:00,2026-08-26 07:00:00,72,70.2,75.06348
595,28.579487,77.338462,1,1.943,214,KHICHRIPUR,2745.2410113112664,OpenAQ live network,2026-08-23 07:00:00,2026-08-26 07:00:00,72,71.1,65.855484
596,28.579487,77.353846,1,3.297,215,KONDLI,3402.227151509603,OpenAQ live network,2026-08-23 07:00:00,2026-08-26 07:00:00,72,61.8,57.46976
597,28.579487,77.369231,1,2.661,215,KONDLI,4515.411793257242,OpenAQ live network,2026-08-23 07:00:00,2026-08-26 07:00:00,72,72.6,71.51035
598,28.579487,77.384615,1,1.454,215,KONDLI,5831.752774047199,OpenAQ live network,2026-08-23 07:00:00,2026-08-26 07:00:00,72,49.3,46.860126
599,28.579487,77.4,1,1.289,215,KONDLI,7314.14892066741,OpenAQ live network,2026-08-23 07:00:00,2026-08-26 07:00:00,72,47.8,42.96302
600,28.592308,76.8,1,10.685,140,KHERA,4554.281231981889,OpenAQ live network,2026-08-23 07:00:00,2026-08-26 07:00:00,72,70.8,70.28176
601,28.592308,76.815385,1,9.183,140,KHERA,2940.6611311888955,OpenAQ live network,2026-08-23 07:00:00,2026-08-26 07:00:00,72,70.8,70.28176
602,28.592308,76.830769,1,7.682,140,KHERA,1555.6525757079858,OpenAQ live network,2026-08-23 07:00:00,2026-08-26 07:00:00,72,87.4,87.437126
603,28.592308,76.846154,1,6.18,140,KHERA,965.046595100533,OpenAQ live network,2026-08-23 07:00:00,2026-08-26 07:00:00,72,23.8,29.89486
604,28.592308,76.861538,1,4.679,140,KHERA,705.2575411781621,OpenAQ live network,2026-08-23 07:00:00,2026-08-26 07:00:00,72,51.1,50.33709
605,28.592308,76.876923,1,3.179,140,KHERA,0.0,OpenAQ live network,2026-08-23 07:00:00,2026-08-26 07:00:00,72,54.6,56.869137
606,28.592308,76.892308,1,1.682,140,KHERA,0.0,OpenAQ live network,2026-08-23 07:00:00,2026-08-26 07:00:00,72,57.2,60.65528
607,28.592308,76.907692,0,0.253,140,KHERA,0.0,OpenAQ live network,2026-08-23 07:00:00,2026-08-26 07:00:00,72,86.6,93.813446
608,28.592308,76.923077,1,1.346,140,KHERA,0.0,OpenAQ live network,2026-08-23 07:00:00,2026-08-26 07:00:00,72,31.3,40.06122
609,28.592308,76.938462,1,2.504,140,KHERA,0.0,OpenAQ live network,2026-08-23 07:00:00,2026-08-26 07:00:00,72,65.0,72.95262
610,28.592308,76.953846,1,3.147,134,NANGLI SAKRAVATI,0.0,OpenAQ live network,2026-08-23 07:00:00,2026-08-26 07:00:00,72,58.7,64.6285
611,28.592308,76.969231,1,4.249,140,KHERA,0.0,OpenAQ live network,2026-08-23 07:00:00,2026-08-26 07:00:00,72,72.1,79.23315
612,28.592308,76.984615,1,5.037,134,NANGLI SAKRAVATI,0.0,OpenAQ live network,2026-08-23 07:00:00,2026-08-26 07:00:00,72,47.6,49.115795
613,28.592308,77.0,1,3.684,134,NANGLI SAKRAVATI,0.0,OpenAQ live network,2026-08-23 07:00:00,2026-08-26 07:00:00,72,74.3,75.21692
614,28.592308,77.015385,1,2.508,135,KAKRAULA,0.0,OpenAQ live network,2026-08-23 07:00:00,2026-08-26 07:00:00,72,75.5,70.29619
615,28.592308,77.030769,1,1.874,135,KAKRAULA,0.0,OpenAQ live network,2026-08-23 07:00:00,2026-08-26 07:00:00,72,68.6,65.49019
616,28.592308,77.046154,1,2.291,136,MATIALA,0.0,OpenAQ live network,2026-08-23 07:00:00,2026-08-26 07:00:00,72,75.0,67.78733
617,28.592308,77.061538,1,2.574,136,MATIALA,0.0,OpenAQ live network,2026-08-23 07:00:00,2026-08-26 07:00:00,72,61.5,52.911446
618,28.592308,77.076923,1,2.417,145,PALAM,0.0,OpenAQ live network,2026-08-23 07:00:00,2026-08-26 07:00:00,72,57.7,60.228477
619,28.592308,77.092308,1,2.127,146,SADH NAGAR,0.0,OpenAQ live network,2026-08-23 07:00:00,2026-08-26 07:00:00,72,59.8,67.693306
620,28.592308,77.107692,1,1.712,CANT_7,DELHI CANTT CHARGE 7,0.0,OpenAQ live network,2026-08-23 07:00:00,2026-08-26 07:00:00,72,45.7,45.766335
621,28.592308,77.123077,0,0.286,CANT_6,DELHI CANTT CHARGE 6,0.0,OpenAQ live network,2026-08-23 07:00:00,2026-08-26 07:00:00,72,80.2,76.83664
622,28.592308,77.138462,1,1.321,CANT_3,DELHI CANTT CHARGE 3,0.0,OpenAQ live network,2026-08-23 07:00:00,2026-08-26 07:00:00,72,27.4,24.643454
623,28.592308,77.153846,1,2.814,CANT_3,DELHI CANTT CHARGE 3,0.0,OpenAQ live network,2026-08-23 07:00:00,2026-08-26 07:00:00,72,67.8,83.874596
624,28.592308,77.169231,1,2.041,NDMC_9,NDMC CHARGE 9,0.0,OpenAQ live network,2026-08-23 07:00:00,2026-08-26 07:00:00,72,74.5,82.01526
625,28.592308,77.184615,0,0.777,NDMC_9,NDMC CHARGE 9,0.0,OpenAQ live network,2026-08-23 07:00:00,2026-08-26 07:00:00,72,64.6,67.784454
626,28.592308,77.2,1,1.247,NDMC_9,NDMC CHARGE 9,0.0,OpenAQ live network,2026-08-23 07:00:00,2026-08-26 07:00:00,72,62.9,58.121895
627,28.592308,77.215385,0,0.756,NDMC_5,NDMC CHARGE 5,0.0,OpenAQ live network,2026-08-23 07:00:00,2026-08-26 07:00:00,72,71.7,74.280495
628,28.592308,77.230769,0,0.342,NDMC_5,NDMC CHARGE 5,0.0,OpenAQ live network,2026-08-23 07:00:00,2026-08-26 07:00:00,72,104.2,27.436409
629,28.592308,77.246154,1,1.799,154,NIZAMUDDIN,0.0,OpenAQ live network,2026-08-23 07:00:00,2026-08-26 07:00:00,72,65.6,56.512486
630,28.592308,77.261538,1,2.807,,,0.0,OpenAQ live network,2026-08-23 07:00:00,2026-08-26 07:00:00,72,66.8,72.98504
631,28.592308,77.276923,1,2.659,,,0.0,OpenAQ live network,2026-08-23 07:00:00,2026-08-26 07:00:00,72,66.8,72.98504
632,28.592308,77.292308,1,2.915,211,TRILOK PURI,0.0,OpenAQ live network,2026-08-23 07:00:00,2026-08-26 07:00:00,72,65.4,59.544765
633,28.592308,77.307692,1,1.434,212,NEW ASHOK NAGAR,0.0,OpenAQ live network,2026-08-23 07:00:00,2026-08-26 07:00:00,72,42.3,44.30332
634,28.592308,77.323077,0,0.357,214,KHICHRIPUR,660.0365319402396,OpenAQ live network,2026-08-23 07:00:00,2026-08-26 07:00:00,72,101.7,115.70545
635,28.592308,77.338462,1,1.647,215,KONDLI,1211.8774811357894,OpenAQ live network,2026-08-23 07:00:00,2026-08-26 07:00:00,72,59.0,56.67937
636,28.592308,77.353846,1,2.394,215,KONDLI,2160.111832892552,OpenAQ live network,2026-08-23 07:00:00,2026-08-26 07:00:00,72,68.2,68.90737
637,28.592308,77.369231,1,3.383,215,KONDLI,3524.3741780301725,OpenAQ live network,2026-08-23 07:00:00,2026-08-26 07:00:00,72,50.7,50.92393
638,28.592308,77.384615,1,2.72,215,KONDLI,5103.098088581726,OpenAQ live network,2026-08-23 07:00:00,2026-08-26 07:00:00,72,72.6,71.51035
639,28.592308,77.4,1,2.636,215,KONDLI,6747.5213314060375,OpenAQ live network,2026-08-23 07:00:00,2026-08-26 07:00:00,72,72.6,71.51035
640,28.605128,76.8,1,10.754,140,KHERA,5230.48921193238,OpenAQ live network,2026-08-23 07:00:00,2026-08-26 07:00:00,72,70.8,70.28176
641,28.605128,76.815385,1,9.264,140,KHERA,3906.920493770471,OpenAQ live network,2026-08-23 07:00:00,2026-08-26 07:00:00,72,70.8,70.28176
642,28.605128,76.830769,1,7.778,140,KHERA,3006.092944748288,OpenAQ live network,2026-08-23 07:00:00,2026-08-26 07:00:00,72,87.0,87.437126
643,28.605128,76.846154,1,6.299,140,KHERA,2589.1762219769166,OpenAQ live network,2026-08-23 07:00:00,2026-08-26 07:00:00,72,23.8,29.89486
644,28.605128,76.861538,1,4.836,140,KHERA,1161.0332631309698,OpenAQ live network,2026-08-23 07:00:00,2026-08-26 07:00:00,72,50.8,50.33709
645,28.605128,76.876923,1,3.405,140,KHERA,0.0,OpenAQ live network,2026-08-23 07:00:00,2026-08-26 07:00:00,72,54.6,56.869137
646,28.605128,76.892308,1,2.079,140,KHERA,0.0,OpenAQ live network,2026-08-23 07:00:00,2026-08-26 07:00:00,72,60.4,63.588696
647,28.605128,76.907692,1,1.248,140,KHERA,0.0,OpenAQ live network,2026-08-23 07:00:00,2026-08-26 07:00:00,72,55.1,63.971455
648,28.605128,76.923077,1,1.818,140,KHERA,0.0,OpenAQ live network,2026-08-23 07:00:00,2026-08-26 07:00:00,72,64.3,66.10383
649,28.605128,76.938462,1,3.093,140,KHERA,0.0,OpenAQ live network,2026-08-23 07:00:00,2026-08-26 07:00:00,72,56.9,57.49545
650,28.605128,76.953846,1,4.353,140,KHERA,0.0,OpenAQ live network,2026-08-23 07:00:00,2026-08-26 07:00:00,72,61.2,67.602066
651,28.605128,76.969231,1,5.206,140,KHERA,0.0,OpenAQ live network,2026-08-23 07:00:00,2026-08-26 07:00:00,72,30.1,39.331467
652,28.605128,76.984615,1,4.699,137,ROSHANPURA,0.0,OpenAQ live network,2026-08-23 07:00:00,2026-08-26 07:00:00,72,60.8,61.785297
653,28.605128,77.0,1,3.207,137,ROSHANPURA,0.0,OpenAQ live network,2026-08-23 07:00:00,2026-08-26 07:00:00,72,61.2,52.911446
654,28.605128,77.015385,1,1.732,135,KAKRAULA,0.0,OpenAQ live network,2026-08-23 07:00:00,2026-08-26 07:00:00,72,59.2,54.523014
655,28.605128,77.030769,0,0.473,135,KAKRAULA,0.0,OpenAQ live network,2026-08-23 07:00:00,2026-08-26 07:00:00,72,101.5,124.24138
656,28.605128,77.046154,1,1.4,136,MATIALA,0.0,OpenAQ live network,2026-08-23 07:00:00,2026-08-26 07:00:00,72,44.8,42.943684
657,28.605128,77.061538,1,2.865,148,MADHU VIHAR,0.0,OpenAQ live network,2026-08-23 07:00:00,2026-08-26 07:00:00,72,100.6,98.17743
658,28.605128,77.076923,1,2.296,130,MANGLAPURI,0.0,OpenAQ live network,2026-08-23 07:00:00,2026-08-26 07:00:00,72,64.8,66.11767
659,28.605128,77.092308,0,0.923,129,DABRI,0.0,OpenAQ live network,2026-08-23 07:00:00,2026-08-26 07:00:00,72,61.7,67.693306
660,28.605128,77.107692,1,0.97,129,DABRI,0.0,OpenAQ live network,2026-08-23 07:00:00,2026-08-26 07:00:00,72,61.3,71.2941
661,28.605128,77.123077,1,1.234,CANT_8,DELHI CANTT CHARGE 8,0.0,OpenAQ live network,2026-08-23 07:00:00,2026-08-26 07:00:00,72,64.8,78.16743
662,28.605128,77.138462,1,1.785,CANT_2,DELHI CANTT CHARGE 2,0.0,OpenAQ live network,2026-08-23 07:00:00,2026-08-26 07:00:00,72,65.6,75.38799
663,28.605128,77.153846,1,3.06,CANT_2,DELHI CANTT CHARGE 2,0.0,OpenAQ live network,2026-08-23 07:00:00,2026-08-26 07:00:00,72,58.9,64.992386
664,28.605128,77.169231,1,2.088,150,PUSA,0.0,OpenAQ live network,2026-08-23 07:00:00,2026-08-26 07:00:00,72,58.3,58.748207
665,28.605128,77.184615,1,0.895,NDMC_3,NDMC CHARGE 3,0.0,OpenAQ live network,2026-08-23 07:00:00,2026-08-26 07:00:00,72,66.1,61.293556
666,28.605128,77.2,1,1.323,NDMC_5,NDMC CHARGE 5,0.0,OpenAQ live network,2026-08-23 07:00:00,2026-08-26 07:00:00,72,62.2,63.69632
667,28.605128,77.215385,1,1.882,NDMC_5,NDMC CHARGE 5,0.0,OpenAQ live network,2026-08-23 07:00:00,2026-08-26 07:00:00,72,74.1,70.53116
668,28.605128,77.230769,0,0.965,NDMC_5,NDMC CHARGE 5,0.0,OpenAQ live network,2026-08-23 07:00:00,2026-08-26 07:00:00,72,71.6,71.51666
669,28.605128,77.246154,1,1.069,154,NIZAMUDDIN,0.0,OpenAQ live network,2026-08-23 07:00:00,2026-08-26 07:00:00,72,70.2,71.51666
670,28.605128,77.261538,1,1.567,,,0.0,OpenAQ live network,2026-08-23 07:00:00,2026-08-26 07:00:00,72,39.9,42.486828
671,28.605128,77.276923,1,1.283,211,TRILOK PURI,0.0,OpenAQ live network,2026-08-23 07:00:00,2026-08-26 07:00:00,72,36.8,40.555393
672,28.605128,77.292308,1,2.13,220,PATPARGANJ,0.0,OpenAQ live network,2026-08-23 07:00:00,2026-08-26 07:00:00,72,63.7,72.55161
673,28.605128,77.307692,1,2.249,210,DALLOPURA,0.0,OpenAQ live network,2026-08-23 07:00:00,2026-08-26 07:00:00,72,83.7,89.23013
674,28.605128,77.323077,1,1.769,214,KHICHRIPUR,0.0,OpenAQ live network,2026-08-23 07:00:00,2026-08-26 07:00:00,72,71.1,65.855484
675,28.605128,77.338462,0,0.76,215,KONDLI,0.0,OpenAQ live network,2026-08-23 07:00:00,2026-08-26 07:00:00,72,89.5,88.20019
676,28.605128,77.353846,1,1.333,216,GHAROLI,1378.7867102266173,OpenAQ live network,2026-08-23 07:00:00,2026-08-26 07:00:00,72,37.8,32.259277
677,28.605128,77.369231,1,2.435,216,GHAROLI,3063.3609193606258,OpenAQ live network,2026-08-23 07:00:00,2026-08-26 07:00:00,72,80.6,87.30109
678,28.605128,77.384615,1,3.4,216,GHAROLI,4765.862486063799,OpenAQ live network,2026-08-23 07:00:00,2026-08-26 07:00:00,72,61.7,60.84602
679,28.605128,77.4,1,4.037,216,GHAROLI,6473.772369085362,OpenAQ live network,2026-08-23 07:00:00,2026-08-26 07:00:00,72,82.0,81.33777
680,28.617949,76.8,1,11.009,140,KHERA,6265.899896726538,OpenAQ live network,2026-08-23 07:00:00,2026-08-26 07:00:00,72,70.8,70.28176
681,28.617949,76.815385,1,9.558,140,KHERA,5212.246335727075,OpenAQ live network,2026-08-23 07:00:00,2026-08-26 07:00:00,72,70.8,70.28176
682,28.617949,76.830769,1,8.127,140,KHERA,4539.561102796694,OpenAQ live network,2026-08-23 07:00:00,2026-08-26 07:00:00,72,86.0,87.437126
683,28.617949,76.846154,1,6.726,140,KHERA,3430.09515300312,OpenAQ live network,2026-08-23 07:00:00,2026-08-26 07:00:00,72,27.3,35.204117
684,28.617949,76.861538,1,5.38,140,KHERA,2116.515507335378,OpenAQ live network,2026-08-23 07:00:00,2026-08-26 07:00:00,72,23.8,29.89486
685,28.617949,76.876923,1,4.142,140,KHERA,503.351867327096,OpenAQ live network,2026-08-23 07:00:00,2026-08-26 07:00:00,72,66.5,65.69292
686,28.617949,76.892308,1,3.143,140,KHERA,0.0,OpenAQ live network,2026-08-23 07:00:00,2026-08-26 07:00:00,72,54.6,56.869137
687,28.617949,76.907692,1,2.668,140,KHERA,0.0,OpenAQ live network,2026-08-23 07:00:00,2026-08-26 07:00:00,72,51.7,53.312927
688,28.617949,76.923077,1,2.978,140,KHERA,0.0,OpenAQ live network,2026-08-23 07:00:00,2026-08-26 07:00:00,72,48.3,46.536137
689,28.617949,76.938462,1,3.889,140,KHERA,0.0,OpenAQ live network,2026-08-23 07:00:00,2026-08-26 07:00:00,72,65.1,65.038376
690,28.617949,76.953846,1,5.089,139,DICHAON KALAN,0.0,OpenAQ live network,2026-08-23 07:00:00,2026-08-26 07:00:00,72,23.8,29.89486
691,28.617949,76.969231,1,6.258,139,DICHAON KALAN,0.0,OpenAQ live network,2026-08-23 07:00:00,2026-08-26 07:00:00,72,34.4,29.08256
692,28.617949,76.984615,1,4.781,138,NAJAFGARH,0.0,OpenAQ live network,2026-08-23 07:00:00,2026-08-26 07:00:00,72,60.8,61.785297
693,28.617949,77.0,1,3.326,137,ROSHANPURA,0.0,OpenAQ live network,2026-08-23 07:00:00,2026-08-26 07:00:00,72,61.2,52.911446
694,28.617949,77.015385,1,1.943,137,ROSHANPURA,0.0,OpenAQ live network,2026-08-23 07:00:00,2026-08-26 07:00:00,72,68.6,65.49019
695,28.617949,77.030769,1,1.0,135,KAKRAULA,0.0,OpenAQ live network,2026-08-23 07:00:00,2026-08-26 07:00:00,72,73.6,73.21857
696,28.617949,77.046154,1,1.654,127,UTTAM NAGAR,0.0,OpenAQ live network,2026-08-23 07:00:00,2026-08-26 07:00:00,72,60.7,56.559757
697,28.617949,77.061538,1,2.997,128,BINDAPUR,0.0,OpenAQ live network,2026-08-23 07:00:00,2026-08-26 07:00:00,72,64.5,54.611027
698,28.617949,77.076923,1,2.38,119,MILAP NAGAR,0.0,OpenAQ live network,2026-08-23 07:00:00,2026-08-26 07:00:00,72,64.8,66.11767
699,28.617949,77.092308,1,1.115,118,JANAK PURI SOUTH,0.0,OpenAQ live network,2026-08-23 07:00:00,2026-08-26 07:00:00,72,70.6,76.162636
700,28.617949,77.107692,1,1.154,110,NANGAL RAYA,0.0,OpenAQ live network,2026-08-23 07:00:00,2026-08-26 07:00:00,72,59.5,67.693306
701,28.617949,77.123077,1,2.436,CANT_2,DELHI CANTT CHARGE 2,0.0,OpenAQ live network,2026-08-23 07:00:00,2026-08-26 07:00:00,72,67.9,83.874596
702,28.617949,77.138462,1,2.53,152,NARAINA,0.0,OpenAQ live network,2026-08-23 07:00:00,2026-08-26 07:00:00,72,72.2,79.091515
703,28.617949,77.153846,1,2.523,CANT_2,DELHI CANTT CHARGE 2,0.0,OpenAQ live network,2026-08-23 07:00:00,2026-08-26 07:00:00,72,60.7,59.346745
704,28.617949,77.169231,1,2.5,150,PUSA,0.0,OpenAQ live network,2026-08-23 07:00:00,2026-08-26 07:00:00,72,53.0,53.251766
705,28.617949,77.184615,1,1.053,NDMC_3,NDMC CHARGE 3,0.0,OpenAQ live network,2026-08-23 07:00:00,2026-08-26 07:00:00,72,64.0,67.55937
706,28.617949,77.2,0,0.69,NDMC_4,NDMC CHARGE 4,0.0,OpenAQ live network,2026-08-23 07:00:00,2026-08-26 07:00:00,72,88.3,86.21991
707,28.617949,77.215385,1,1.919,NDMC_4,NDMC CHARGE 4,0.0,OpenAQ live network,2026-08-23 07:00:00,2026-08-26 07:00:00,72,88.8,94.12031
708,28.617949,77.230769,0,0.658,NDMC_1,NDMC CHARGE 1,0.0,OpenAQ live network,2026-08-23 07:00:00,2026-08-26 07:00:00,72,107.6,112.008965
709,28.617949,77.246154,0,0.694,154,NIZAMUDDIN,0.0,OpenAQ live network,2026-08-23 07:00:00,2026-08-26 07:00:00,72,78.7,71.51666
710,28.617949,77.261538,1,1.047,,,0.0,OpenAQ live network,2026-08-23 07:00:00,2026-08-26 07:00:00,72,66.9,72.07441
711,28.617949,77.276923,0,0.536,224,PANDAV NAGAR,0.0,OpenAQ live network,2026-08-23 07:00:00,2026-08-26 07:00:00,72,94.4,105.216
712,28.617949,77.292308,0,0.815,220,PATPARGANJ,0.0,OpenAQ live network,2026-08-23 07:00:00,2026-08-26 07:00:00,72,89.9,86.88039
713,28.617949,77.307692,1,2.101,219,MAYUR VIHAR PHASE II,0.0,OpenAQ live network,2026-08-23 07:00:00,2026-08-26 07:00:00,72,54.6,61.14961
714,28.617949,77.323077,1,2.0,214,KHICHRIPUR,0.0,OpenAQ live network,2026-08-23 07:00:00,2026-08-26 07:00:00,72,61.2,63.94577
715,28.617949,77.338462,1,0.83,216,GHAROLI,0.0,OpenAQ live network,2026-08-23 07:00:00,2026-08-26 07:00:00,72,88.6,88.20019
716,28.617949,77.353846,1,0.825,216,GHAROLI,1331.3912805564655,OpenAQ live network,2026-08-23 07:00:00,2026-08-26 07:00:00,72,110.4,124.08937
717,28.617949,77.369231,1,1.343,216,GHAROLI,3041.1475257415173,OpenAQ live network,2026-08-23 07:00:00,2026-08-26 07:00:00,72,47.3,49.645287
718,28.617949,77.384615,1,2.727,216,GHAROLI,4751.626431711141,OpenAQ live network,2026-08-23 07:00:00,2026-08-26 07:00:00,72,61.6,61.798435
719,28.617949,77.4,1,4.192,216,GHAROLI,6463.299250166189,OpenAQ live network,2026-08-23 07:00:00,2026-08-26 07:00:00,72,73.1,76.72871
720,28.630769,76.8,1,11.437,140,KHERA,7513.455220422215,OpenAQ live network,2026-08-23 07:00:00,2026-08-26 07:00:00,72,70.8,70.28176
721,28.630769,76.815385,1,10.049,140,KHERA,6660.181656516023,OpenAQ live network,2026-08-23 07:00:00,2026-08-26 07:00:00,72,70.8,70.28176
722,28.630769,76.830769,1,8.698,140,KHERA,5770.86514542467,OpenAQ live network,2026-08-23 07:00:00,2026-08-26 07:00:00,72,71.1,70.28176
723,28.630769,76.846154,1,7.406,140,KHERA,4248.239680340264,OpenAQ live network,2026-08-23 07:00:00,2026-08-26 07:00:00,72,87.4,87.437126
724,28.630769,76.861538,1,6.21,140,KHERA,2595.104916975264,OpenAQ live network,2026-08-23 07:00:00,2026-08-26 07:00:00,72,23.8,29.89486
725,28.630769,76.876923,1,5.175,140,KHERA,968.955339007216,OpenAQ live network,2026-08-23 07:00:00,2026-08-26 07:00:00,72,23.8,29.89486
726,28.630769,76.892308,1,4.416,140,KHERA,0.0,OpenAQ live network,2026-08-23 07:00:00,2026-08-26 07:00:00,72,56.1,54.66941
727,28.630769,76.907692,1,4.092,140,KHERA,393.4416218504357,OpenAQ live network,2026-08-23 07:00:00,2026-08-26 07:00:00,72,66.5,65.69292
728,28.630769,76.923077,1,4.3,140,KHERA,173.71535087028312,OpenAQ live network,2026-08-23 07:00:00,2026-08-26 07:00:00,72,66.5,65.69292
729,28.630769,76.938462,1,4.555,139,DICHAON KALAN,537.5400292499945,OpenAQ live network,2026-08-23 07:00:00,2026-08-26 07:00:00,72,61.6,66.62938
730,28.630769,76.953846,1,5.18,139,DICHAON KALAN,0.0,OpenAQ live network,2026-08-23 07:00:00,2026-08-26 07:00:00,72,34.0,33.182674
731,28.630769,76.969231,1,6.117,139,DICHAON KALAN,0.0,OpenAQ live network,2026-08-23 07:00:00,2026-08-26 07:00:00,72,34.0,33.182674
732,28.630769,76.984615,1,5.263,139,DICHAON KALAN,0.0,OpenAQ live network,2026-08-23 07:00:00,2026-08-26 07:00:00,72,34.4,29.08256
733,28.630769,77.0,1,3.987,137,ROSHANPURA,0.0,OpenAQ live network,2026-08-23 07:00:00,2026-08-26 07:00:00,72,75.4,79.394295
734,28.630769,77.015385,1,2.935,122,HASTSAL,0.0,OpenAQ live network,2026-08-23 07:00:00,2026-08-26 07:00:00,72,64.5,54.611027
735,28.630769,77.030769,1,2.417,122,HASTSAL,0.0,OpenAQ live network,2026-08-23 07:00:00,2026-08-26 07:00:00,72,80.5,75.22073
736,28.630769,77.046154,1,2.753,121,KUNWAR SINGH NAGAR,0.0,OpenAQ live network,2026-08-23 07:00:00,2026-08-26 07:00:00,72,75.5,70.29619
737,28.630769,77.061538,1,3.718,123,VIKAS PURI,0.0,OpenAQ live network,2026-08-23 07:00:00,2026-08-26 07:00:00,72,74.3,75.21692
738,28.630769,77.076923,1,3.181,113,MAHAVIR NAGAR,0.0,OpenAQ live network,2026-08-23 07:00:00,2026-08-26 07:00:00,72,82.1,102.66211
739,28.630769,77.092308,1,2.387,109,JANAK PURI NORTH,0.0,OpenAQ live network,2026-08-23 07:00:00,2026-08-26 07:00:00,72,27.9,27.383436
740,28.630769,77.107692,1,2.406,109,JANAK PURI NORTH,0.0,OpenAQ live network,2026-08-23 07:00:00,2026-08-26 07:00:00,72,76.5,78.2942
741,28.630769,77.123077,1,2.469,111,HARI NAGAR,0.0,OpenAQ live network,2026-08-23 07:00:00,2026-08-26 07:00:00,72,72.2,79.091515
742,28.630769,77.138462,1,1.246,152,NARAINA,0.0,OpenAQ live network,2026-08-23 07:00:00,2026-08-26 07:00:00,72,56.6,58.157772
743,28.630769,77.153846,1,1.234,150,PUSA,0.0,OpenAQ live network,2026-08-23 07:00:00,2026-08-26 07:00:00,72,68.4,70.61191
744,28.630769,77.169231,1,2.449,150,PUSA,0.0,OpenAQ live network,2026-08-23 07:00:00,2026-08-26 07:00:00,72,75.9,71.66606
745,28.630769,77.184615,1,1.384,149,RAJENDER NAGAR,0.0,OpenAQ live network,2026-08-23 07:00:00,2026-08-26 07:00:00,72,31.6,34.15699
746,28.630769,77.2,0,0.374,NDMC_3,NDMC CHARGE 3,0.0,OpenAQ live network,2026-08-23 07:00:00,2026-08-26 07:00:00,72,101.3,100.44206
747,28.630769,77.215385,1,1.044,NDMC_4,NDMC CHARGE 4,0.0,OpenAQ live network,2026-08-23 07:00:00,2026-08-26 07:00:00,72,78.8,98.03954
748,28.630769,77.230769,0,0.83,NDMC_1,NDMC CHARGE 1,0.0,OpenAQ live network,2026-08-23 07:00:00,2026-08-26 07:00:00,72,90.2,97.17954
749,28.630769,77.246154,0,0.551,153,DARYAGANJ,0.0,OpenAQ live network,2026-08-23 07:00:00,2026-08-26 07:00:00,72,100.1,41.8601
750,28.630769,77.261538,1,1.434,,,0.0,OpenAQ live network,2026-08-23 07:00:00,2026-08-26 07:00:00,72,61.6,67.067825
751,28.630769,77.276923,1,1.271,221,KISHAN KUNJ,0.0,OpenAQ live network,2026-08-23 07:00:00,2026-08-26 07:00:00,72,58.8,61.159176
752,28.630769,77.292308,1,0.926,218,MANDAWALI,0.0,OpenAQ live network,2026-08-23 07:00:00,2026-08-26 07:00:00,72,55.0,52.047283
753,28.630769,77.307692,1,1.963,227,I.P EXTENTION,0.0,OpenAQ live network,2026-08-23 07:00:00,2026-08-26 07:00:00,72,69.0,85.521126
754,28.630769,77.323077,1,1.914,227,I.P EXTENTION,0.0,OpenAQ live network,2026-08-23 07:00:00,2026-08-26 07:00:00,72,69.0,94.581276
755,28.630769,77.338462,1,2.002,214,KHICHRIPUR,570.811414395913,OpenAQ live network,2026-08-23 07:00:00,2026-08-26 07:00:00,72,77.2,78.87712
756,28.630769,77.353846,0,0.788,216,GHAROLI,1742.355907057653,OpenAQ live network,2026-08-23 07:00:00,2026-08-26 07:00:00,72,110.2,124.08937
757,28.630769,77.369231,1,1.32,216,GHAROLI,3328.976552705762,OpenAQ live network,2026-08-23 07:00:00,2026-08-26 07:00:00,72,47.3,49.645287
758,28.630769,77.384615,1,2.716,216,GHAROLI,4953.343941564543,OpenAQ live network,2026-08-23 07:00:00,2026-08-26 07:00:00,72,61.6,61.798435
759,28.630769,77.4,1,3.745,216,GHAROLI,6617.669919402579,OpenAQ live network,2026-08-23 07:00:00,2026-08-26 07:00:00,72,73.5,76.72871
760,28.64359,76.8,1,12.02,140,KHERA,8884.489921989303,OpenAQ live network,2026-08-23 07:00:00,2026-08-26 07:00:00,72,70.8,70.28176
761,28.64359,76.815385,1,10.708,140,KHERA,7979.772738008469,OpenAQ live network,2026-08-23 07:00:00,2026-08-26 07:00:00,72,70.8,70.28176
762,28.64359,76.830769,1,9.452,140,KHERA,6353.446526346839,OpenAQ live network,2026-08-23 07:00:00,2026-08-26 07:00:00,72,70.8,70.28176
763,28.64359,76.846154,1,8.275,140,KHERA,4757.237142750671,OpenAQ live network,2026-08-23 07:00:00,2026-08-26 07:00:00,72,112.8,117.51596
764,28.64359,76.861538,1,6.893,140,KHERA,3243.156055523201,OpenAQ live network,2026-08-23 07:00:00,2026-08-26 07:00:00,72,113.1,117.51596
765,28.64359,76.876923,1,5.573,140,KHERA,1948.695235139424,OpenAQ live network,2026-08-23 07:00:00,2026-08-26 07:00:00,72,34.0,33.182674
766,28.64359,76.892308,1,4.372,140,KHERA,1497.8727333006048,OpenAQ live network,2026-08-23 07:00:00,2026-08-26 07:00:00,72,61.6,66.62938
767,28.64359,76.907692,1,3.417,140,KHERA,1615.9709076940103,OpenAQ live network,2026-08-23 07:00:00,2026-08-26 07:00:00,72,59.7,60.5297
768,28.64359,76.923077,1,2.956,139,DICHAON KALAN,677.1263449140847,OpenAQ live network,2026-08-23 07:00:00,2026-08-26 07:00:00,72,62.4,62.60476
769,28.64359,76.938462,1,3.212,139,DICHAON KALAN,0.0,OpenAQ live network,2026-08-23 07:00:00,2026-08-26 07:00:00,72,59.7,60.5297
770,28.64359,76.953846,1,4.049,139,DICHAON KALAN,0.0,OpenAQ live network,2026-08-23 07:00:00,2026-08-26 07:00:00,72,72.2,78.34938
771,28.64359,76.969231,1,5.194,139,DICHAON KALAN,0.0,OpenAQ live network,2026-08-23 07:00:00,2026-08-26 07:00:00,72,34.0,33.182674
772,28.64359,76.984615,1,6.05,139,DICHAON KALAN,0.0,OpenAQ live network,2026-08-23 07:00:00,2026-08-26 07:00:00,72,34.4,29.08256
773,28.64359,77.0,1,4.98,139,DICHAON KALAN,0.0,OpenAQ live network,2026-08-23 07:00:00,2026-08-26 07:00:00,72,83.2,102.66211
774,28.64359,77.015385,1,4.186,122,HASTSAL,0.0,OpenAQ live network,2026-08-23 07:00:00,2026-08-26 07:00:00,72,75.4,79.394295
775,28.64359,77.030769,1,3.84,122,HASTSAL,0.0,OpenAQ live network,2026-08-23 07:00:00,2026-08-26 07:00:00,72,74.3,75.21692
776,28.64359,77.046154,1,4.06,122,HASTSAL,0.0,OpenAQ live network,2026-08-23 07:00:00,2026-08-26 07:00:00,72,75.4,79.394295
777,28.64359,77.061538,1,4.767,44,QUAMMRUDDIN NAGAR,0.0,OpenAQ live network,2026-08-23 07:00:00,2026-08-26 07:00:00,72,60.8,61.785297
778,28.64359,77.076923,1,4.317,116,VIKASPURI EAST,0.0,OpenAQ live network,2026-08-23 07:00:00,2026-08-26 07:00:00,72,64.1,67.46303
779,28.64359,77.092308,1,3.771,116,VIKASPURI EAST,0.0,OpenAQ live network,2026-08-23 07:00:00,2026-08-26 07:00:00,72,60.7,61.460514
780,28.64359,77.107692,1,3.783,105,RAJOURI GARDEN,0.0,OpenAQ live network,2026-08-23 07:00:00,2026-08-26 07:00:00,72,76.2,78.2942
781,28.64359,77.123077,1,2.305,105,RAJOURI GARDEN,0.0,OpenAQ live network,2026-08-23 07:00:00,2026-08-26 07:00:00,72,71.3,73.84554
782,28.64359,77.138462,0,0.879,98,MANSAROWER GARDEN,0.0,OpenAQ live network,2026-08-23 07:00:00,2026-08-26 07:00:00,72,87.4,75.27186
783,28.64359,77.153846,0,0.86,150,PUSA,0.0,OpenAQ live network,2026-08-23 07:00:00,2026-08-26 07:00:00,72,98.2,88.81172
784,28.64359,77.169231,1,1.854,150,PUSA,0.0,OpenAQ live network,2026-08-23 07:00:00,2026-08-26 07:00:00,72,88.7,58.423714
785,28.64359,77.184615,1,1.792,149,RAJENDER NAGAR,0.0,OpenAQ live network,2026-08-23 07:00:00,2026-08-26 07:00:00,72,71.4,70.84099
786,28.64359,77.2,0,0.803,NDMC_3,NDMC CHARGE 3,0.0,OpenAQ live network,2026-08-23 07:00:00,2026-08-26 07:00:00,72,100.7,100.44206
787,28.64359,77.215385,1,1.241,89,PAHAR GANJ,0.0,OpenAQ live network,2026-08-23 07:00:00,2026-08-26 07:00:00,72,80.6,98.03954
788,28.64359,77.230769,1,1.067,83,BAZAR SITARAM,0.0,OpenAQ live network,2026-08-23 07:00:00,2026-08-26 07:00:00,72,78.7,98.03954
789,28.64359,77.246154,1,1.737,153,DARYAGANJ,0.0,OpenAQ live network,2026-08-23 07:00:00,2026-08-26 07:00:00,72,58.9,82.75087
790,28.64359,77.261538,1,2.529,,,0.0,OpenAQ live network,2026-08-23 07:00:00,2026-08-26 07:00:00,72,74.7,59.18378
791,28.64359,77.276923,1,2.228,230,GEETA COLONY,0.0,OpenAQ live network,2026-08-23 07:00:00,2026-08-26 07:00:00,72,72.5,81.09448
792,28.64359,77.292308,1,1.396,228,PREET VIHAR,0.0,OpenAQ live network,2026-08-23 07:00:00,2026-08-26 07:00:00,72,74.5,85.521126
793,28.64359,77.307692,1,0.89,227,I.P EXTENTION,0.0,OpenAQ live network,2026-08-23 07:00:00,2026-08-26 07:00:00,72,105.5,63.478004
794,28.64359,77.323077,0,0.776,227,I.P EXTENTION,625.3077767706125,OpenAQ live network,2026-08-23 07:00:00,2026-08-26 07:00:00,72,106.7,64.05234
795,28.64359,77.338462,1,1.936,227,I.P EXTENTION,1716.0483335299457,OpenAQ live network,2026-08-23 07:00:00,2026-08-26 07:00:00,72,71.0,66.8397
796,28.64359,77.353846,0,0.507,216,GHAROLI,2900.661769699084,OpenAQ live network,2026-08-23 07:00:00,2026-08-26 07:00:00,72,105.3,119.2792
797,28.64359,77.369231,1,1.128,216,GHAROLI,4080.320732921669,OpenAQ live network,2026-08-23 07:00:00,2026-08-26 07:00:00,72,72.8,73.420525
798,28.64359,77.384615,1,1.767,216,GHAROLI,5528.159339197829,OpenAQ live network,2026-08-23 07:00:00,2026-08-26 07:00:00,72,71.7,72.764915
799,28.64359,77.4,1,2.701,216,GHAROLI,7095.007417973298,OpenAQ live network,2026-08-23 07:00:00,2026-08-26 07:00:00,72,76.4,77.191124
800,28.65641,76.8,1,12.329,140,KHERA,10128.765875237712,OpenAQ live network,2026-08-23 07:00:00,2026-08-26 07:00:00,72,92.9,91.00437
801,28.65641,76.815385,1,10.841,140,KHERA,8548.498624592146,OpenAQ live network,2026-08-23 07:00:00,2026-08-26 07:00:00,72,92.9,91.00437
802,28.65641,76.830769,1,9.358,140,KHERA,7026.8152052503465,OpenAQ live network,2026-08-23 07:00:00,2026-08-26 07:00:00,72,92.9,91.00437
803,28.65641,76.846154,1,7.88,140,KHERA,5569.317344180514,OpenAQ live network,2026-08-23 07:00:00,2026-08-26 07:00:00,72,113.1,117.51596
804,28.65641,76.861538,1,6.414,140,KHERA,4302.199225768829,OpenAQ live network,2026-08-23 07:00:00,2026-08-26 07:00:00,72,34.0,33.182674
805,28.65641,76.876923,1,4.969,140,KHERA,3351.432853618122,OpenAQ live network,2026-08-23 07:00:00,2026-08-26 07:00:00,72,81.6,89.20842
806,28.65641,76.892308,1,3.57,140,KHERA,3113.088707822481,OpenAQ live network,2026-08-23 07:00:00,2026-08-26 07:00:00,72,60.0,59.086002
807,28.65641,76.907692,1,2.303,139,DICHAON KALAN,2099.4311205490853,OpenAQ live network,2026-08-23 07:00:00,2026-08-26 07:00:00,72,71.2,75.5175
808,28.65641,76.923077,1,1.539,139,DICHAON KALAN,589.9816769251511,OpenAQ live network,2026-08-23 07:00:00,2026-08-26 07:00:00,72,42.3,46.00339
809,28.65641,76.938462,1,1.985,139,DICHAON KALAN,0.0,OpenAQ live network,2026-08-23 07:00:00,2026-08-26 07:00:00,72,64.4,69.53194
810,28.65641,76.953846,1,3.165,139,DICHAON KALAN,0.0,OpenAQ live network,2026-08-23 07:00:00,2026-08-26 07:00:00,72,59.7,60.5297
811,28.65641,76.969231,1,4.539,139,DICHAON KALAN,0.0,OpenAQ live network,2026-08-23 07:00:00,2026-08-26 07:00:00,72,61.6,66.62938
812,28.65641,76.984615,1,5.975,30,MUNDAKA,0.0,OpenAQ live network,2026-08-23 07:00:00,2026-08-26 07:00:00,72,34.0,33.182674
813,28.65641,77.0,1,6.146,30,MUNDAKA,0.0,OpenAQ live network,2026-08-23 07:00:00,2026-08-26 07:00:00,72,34.4,29.08256
814,28.65641,77.015385,1,5.522,122,HASTSAL,0.0,OpenAQ live network,2026-08-23 07:00:00,2026-08-26 07:00:00,72,34.4,29.08256
815,28.65641,77.030769,1,5.265,121,KUNWAR SINGH NAGAR,0.0,OpenAQ live network,2026-08-23 07:00:00,2026-08-26 07:00:00,72,34.4,29.08256
816,28.65641,77.046154,1,4.323,121,KUNWAR SINGH NAGAR,0.0,OpenAQ live network,2026-08-23 07:00:00,2026-08-26 07:00:00,72,78.3,80.68676
817,28.65641,77.061538,1,3.469,32,NILOTHI,0.0,OpenAQ live network,2026-08-23 07:00:00,2026-08-26 07:00:00,72,62.6,62.940357
818,28.65641,77.076923,1,3.143,44,QUAMMRUDDIN NAGAR,0.0,OpenAQ live network,2026-08-23 07:00:00,2026-08-26 07:00:00,72,62.6,62.940357
819,28.65641,77.092308,1,3.498,57,PASCHIM VIHAR SOUTH,0.0,OpenAQ live network,2026-08-23 07:00:00,2026-08-26 07:00:00,72,62.6,62.940357
820,28.65641,77.107692,1,3.004,108,KHYALA,0.0,OpenAQ live network,2026-08-23 07:00:00,2026-08-26 07:00:00,72,64.1,54.37843
821,28.65641,77.123077,1,2.109,101,RAJA GARDEN,0.0,OpenAQ live network,2026-08-23 07:00:00,2026-08-26 07:00:00,72,61.2,55.18371
822,28.65641,77.138462,0,1.023,97,KIRTI NAGAR,0.0,OpenAQ live network,2026-08-23 07:00:00,2026-08-26 07:00:00,72,74.8,77.54029
823,28.65641,77.153846,0,0.471,94,WEST PATEL NAGAR,0.0,OpenAQ live network,2026-08-23 07:00:00,2026-08-26 07:00:00,72,107.7,98.62748
824,28.65641,77.169231,1,1.048,95,EAST PATEL NAGAR,0.0,OpenAQ live network,2026-08-23 07:00:00,2026-08-26 07:00:00,72,68.8,91.55657
825,28.65641,77.184615,1,2.546,92,DEV NAGAR,0.0,OpenAQ live network,2026-08-23 07:00:00,2026-08-26 07:00:00,72,71.1,74.944435
826,28.65641,77.2,1,2.224,90,MODEL BASTI,0.0,OpenAQ live network,2026-08-23 07:00:00,2026-08-26 07:00:00,72,81.8,89.92074
827,28.65641,77.215385,1,1.157,85,IDGAH ROAD,0.0,OpenAQ live network,2026-08-23 07:00:00,2026-08-26 07:00:00,72,69.8,70.157196
828,28.65641,77.230769,0,0.347,80,CHANDNI CHOWK,0.0,OpenAQ live network,2026-08-23 07:00:00,2026-08-26 07:00:00,72,100.8,94.04385
829,28.65641,77.246154,1,1.847,80,CHANDNI CHOWK,0.0,OpenAQ live network,2026-08-23 07:00:00,2026-08-26 07:00:00,72,69.6,72.06269
830,28.65641,77.261538,1,3.256,234,GANDHI NAGAR,0.0,OpenAQ live network,2026-08-23 07:00:00,2026-08-26 07:00:00,72,60.1,85.36492
831,28.65641,77.276923,1,1.755,229,KRISHNA  NAGAR,0.0,OpenAQ live network,2026-08-23 07:00:00,2026-08-26 07:00:00,72,72.2,76.37344
832,28.65641,77.292308,0,0.259,226,VISHWASH NAGAR,0.0,OpenAQ live network,2026-08-23 07:00:00,2026-08-26 07:00:00,72,76.8,106.23372
833,28.65641,77.307692,1,1.249,225,ANAND VIHAR,0.0,OpenAQ live network,2026-08-23 07:00:00,2026-08-26 07:00:00,72,41.8,65.53737
834,28.65641,77.323077,0,1.207,225,ANAND VIHAR,329.43860165353874,OpenAQ live network,2026-08-23 07:00:00,2026-08-26 07:00:00,72,58.8,65.53737
835,28.65641,77.338462,1,1.885,225,ANAND VIHAR,2007.0576754849133,OpenAQ live network,2026-08-23 07:00:00,2026-08-26 07:00:00,72,73.9,87.48386
836,28.65641,77.353846,0,0.549,225,ANAND VIHAR,3691.084357988917,OpenAQ live network,2026-08-23 07:00:00,2026-08-26 07:00:00,72,101.0,73.420525
837,28.65641,77.369231,1,0.889,240,DILSHAD COLONY,5133.984228749139,OpenAQ live network,2026-08-23 07:00:00,2026-08-26 07:00:00,72,66.6,99.21267
838,28.65641,77.384615,0,0.677,216,GHAROLI,6435.589108556156,OpenAQ live network,2026-08-23 07:00:00,2026-08-26 07:00:00,72,76.2,72.764915
839,28.65641,77.4,1,2.153,216,GHAROLI,7822.748350528896,OpenAQ live network,2026-08-23 07:00:00,2026-08-26 07:00:00,72,76.3,77.191124
840,28.669231,76.8,1,12.235,140,KHERA,10812.021571542437,OpenAQ live network,2026-08-23 07:00:00,2026-08-26 07:00:00,72,92.9,91.00437
841,28.669231,76.815385,1,10.734,140,KHERA,9322.86456008643,OpenAQ live network,2026-08-23 07:00:00,2026-08-26 07:00:00,72,92.9,91.00437
842,28.669231,76.830769,1,9.233,140,KHERA,7916.810272106527,OpenAQ live network,2026-08-23 07:00:00,2026-08-26 07:00:00,72,92.9,91.00437
843,28.669231,76.846154,1,7.732,140,KHERA,6655.865263475631,OpenAQ live network,2026-08-23 07:00:00,2026-08-26 07:00:00,72,113.1,117.51596
844,28.669231,76.861538,1,6.231,140,KHERA,5591.349701256082,OpenAQ live network,2026-08-23 07:00:00,2026-08-26 07:00:00,72,34.0,33.182674
845,28.669231,76.876923,1,4.731,140,KHERA,4894.800258452998,OpenAQ live network,2026-08-23 07:00:00,2026-08-26 07:00:00,72,59.6,62.297024
846,28.669231,76.892308,1,3.23,139,DICHAON KALAN,4363.909589253472,OpenAQ live network,2026-08-23 07:00:00,2026-08-26 07:00:00,72,59.7,60.5297
847,28.669231,76.907692,1,1.73,139,DICHAON KALAN,2877.068855555289,OpenAQ live network,2026-08-23 07:00:00,2026-08-26 07:00:00,72,54.2,54.541603
848,28.669231,76.923077,0,0.246,139,DICHAON KALAN,1241.0204915229378,OpenAQ live network,2026-08-23 07:00:00,2026-08-26 07:00:00,72,101.5,114.15429
849,28.669231,76.938462,1,1.278,139,DICHAON KALAN,165.43170474104036,OpenAQ live network,2026-08-23 07:00:00,2026-08-26 07:00:00,72,38.8,42.307735
850,28.669231,76.953846,1,2.777,30,MUNDAKA,26.16926523623866,OpenAQ live network,2026-08-23 07:00:00,2026-08-26 07:00:00,72,71.4,76.02163
851,28.669231,76.969231,1,4.277,30,MUNDAKA,0.0,OpenAQ live network,2026-08-23 07:00:00,2026-08-26 07:00:00,72,72.2,78.34938
852,28.669231,76.984615,1,5.778,30,MUNDAKA,0.0,OpenAQ live network,2026-08-23 07:00:00,2026-08-26 07:00:00,72,34.0,33.182674
853,28.669231,77.0,1,7.279,30,MUNDAKA,0.0,OpenAQ live network,2026-08-23 07:00:00,2026-08-26 07:00:00,72,113.2,117.51596
854,28.669231,77.015385,1,6.212,30,MUNDAKA,0.0,OpenAQ live network,2026-08-23 07:00:00,2026-08-26 07:00:00,72,31.7,35.80479
855,28.669231,77.030769,1,4.787,30,MUNDAKA,0.0,OpenAQ live network,2026-08-23 07:00:00,2026-08-26 07:00:00,72,60.7,61.460514
856,28.669231,77.046154,1,3.429,32,NILOTHI,0.0,OpenAQ live network,2026-08-23 07:00:00,2026-08-26 07:00:00,72,62.6,62.940357
857,28.669231,77.061538,1,2.259,43,NANGLOI EAST,0.0,OpenAQ live network,2026-08-23 07:00:00,2026-08-26 07:00:00,72,84.4,97.75326
858,28.669231,77.076923,1,1.718,44,QUAMMRUDDIN NAGAR,0.0,OpenAQ live network,2026-08-23 07:00:00,2026-08-26 07:00:00,72,58.9,56.448475
859,28.669231,77.092308,1,2.304,41,GURU HARKISHAN NAGAR,0.0,OpenAQ live network,2026-08-23 07:00:00,2026-08-26 07:00:00,72,73.8,79.76733
860,28.669231,77.107692,1,2.338,57,PASCHIM VIHAR SOUTH,0.0,OpenAQ live network,2026-08-23 07:00:00,2026-08-26 07:00:00,72,70.3,65.90675
861,28.669231,77.123077,1,0.942,103,PUNJABI BAGH,0.0,OpenAQ live network,2026-08-23 07:00:00,2026-08-26 07:00:00,72,58.1,55.987583
862,28.669231,77.138462,0,0.902,99,MOTI NAGAR,0.0,OpenAQ live network,2026-08-23 07:00:00,2026-08-26 07:00:00,72,104.1,113.099686
863,28.669231,77.153846,1,1.395,99,MOTI NAGAR,0.0,OpenAQ live network,2026-08-23 07:00:00,2026-08-26 07:00:00,72,45.1,71.162476
864,28.669231,77.169231,1,1.68,74,INDER LOK COLONY,0.0,OpenAQ live network,2026-08-23 07:00:00,2026-08-26 07:00:00,72,71.7,66.36988
865,28.669231,77.184615,1,2.865,74,INDER LOK COLONY,0.0,OpenAQ live network,2026-08-23 07:00:00,2026-08-26 07:00:00,72,87.8,53.647106
866,28.669231,77.2,1,2.764,75,KISHAN GANJ,0.0,OpenAQ live network,2026-08-23 07:00:00,2026-08-26 07:00:00,72,60.3,57.398926
867,28.669231,77.215385,1,1.491,78,MAJNU KA TILA,0.0,OpenAQ live network,2026-08-23 07:00:00,2026-08-26 07:00:00,72,67.5,85.82766
868,28.669231,77.230769,1,1.143,77,KASHMERE GATE,0.0,OpenAQ live network,2026-08-23 07:00:00,2026-08-26 07:00:00,72,49.6,85.82766
869,28.669231,77.246154,1,2.213,,,0.0,OpenAQ live network,2026-08-23 07:00:00,2026-08-26 07:00:00,72,70.6,85.36492
870,28.669231,77.261538,1,3.575,233,DHARAMPURA,0.0,OpenAQ live network,2026-08-23 07:00:00,2026-08-26 07:00:00,72,59.8,77.560524
871,28.669231,77.276923,1,2.294,236,RAGHUBAR PURA,0.0,OpenAQ live network,2026-08-23 07:00:00,2026-08-26 07:00:00,72,69.7,72.89589
872,28.669231,77.292308,1,1.5,238,JHILMIL,0.0,OpenAQ live network,2026-08-23 07:00:00,2026-08-26 07:00:00,72,59.4,60.90357
873,28.669231,77.307692,0,0.815,238,JHILMIL,0.0,OpenAQ live network,2026-08-23 07:00:00,2026-08-26 07:00:00,72,88.7,82.803375
874,28.669231,77.323077,1,0.837,239,VIVEK VIHAR,0.0,OpenAQ live network,2026-08-23 07:00:00,2026-08-26 07:00:00,72,93.6,82.803375
875,28.669231,77.338462,1,2.084,240,DILSHAD COLONY,1480.3695011227198,OpenAQ live network,2026-08-23 07:00:00,2026-08-26 07:00:00,72,64.4,70.85821
876,28.669231,77.353846,1,1.044,240,DILSHAD COLONY,2791.7641100912915,OpenAQ live network,2026-08-23 07:00:00,2026-08-26 07:00:00,72,69.7,72.764915
877,28.669231,77.369231,1,1.481,240,DILSHAD COLONY,4315.271924379621,OpenAQ live network,2026-08-23 07:00:00,2026-08-26 07:00:00,72,47.6,72.764915
878,28.669231,77.384615,1,1.364,240,DILSHAD COLONY,5942.580546183546,OpenAQ live network,2026-08-23 07:00:00,2026-08-26 07:00:00,72,95.0,76.42673
879,28.669231,77.4,1,2.457,240,DILSHAD COLONY,7607.50894069519,OpenAQ live network,2026-08-23 07:00:00,2026-08-26 07:00:00,72,76.3,60.12409
880,28.682051,76.8,1,12.306,140,KHERA,11644.696505463116,OpenAQ live network,2026-08-23 07:00:00,2026-08-26 07:00:00,72,92.9,91.00437
881,28.682051,76.815385,1,10.815,140,KHERA,10270.896281502615,OpenAQ live network,2026-08-23 07:00:00,2026-08-26 07:00:00,72,92.9,91.00437
882,28.682051,76.830769,1,9.327,140,KHERA,9013.955386188693,OpenAQ live network,2026-08-23 07:00:00,2026-08-26 07:00:00,72,92.9,91.00437
883,28.682051,76.846154,1,7.844,140,KHERA,7902.645890344887,OpenAQ live network,2026-08-23 07:00:00,2026-08-26 07:00:00,72,113.1,117.51596
884,28.682051,76.861538,1,6.37,140,KHERA,7020.142042939084,OpenAQ live network,2026-08-23 07:00:00,2026-08-26 07:00:00,72,34.0,33.182674
885,28.682051,76.876923,1,4.912,140,KHERA,6479.064160158934,OpenAQ live network,2026-08-23 07:00:00,2026-08-26 07:00:00,72,80.6,89.20842
886,28.682051,76.892308,1,3.491,139,DICHAON KALAN,5032.684422875884,OpenAQ live network,2026-08-23 07:00:00,2026-08-26 07:00:00,72,59.7,60.5297
887,28.682051,76.907692,1,2.18,139,DICHAON KALAN,3552.834961522452,OpenAQ live network,2026-08-23 07:00:00,2026-08-26 07:00:00,72,82.7,88.855354
888,28.682051,76.923077,1,1.348,139,DICHAON KALAN,2281.432053268099,OpenAQ live network,2026-08-23 07:00:00,2026-08-26 07:00:00,72,38.8,42.307735
889,28.682051,76.938462,1,1.841,139,DICHAON KALAN,1768.415241112067,OpenAQ live network,2026-08-23 07:00:00,2026-08-26 07:00:00,72,64.4,69.53194
890,28.682051,76.953846,1,3.077,30,MUNDAKA,345.16216411534657,OpenAQ live network,2026-08-23 07:00:00,2026-08-26 07:00:00,72,62.4,62.60476
891,28.682051,76.969231,1,4.478,30,MUNDAKA,0.0,OpenAQ live network,2026-08-23 07:00:00,2026-08-26 07:00:00,72,61.6,66.62938
892,28.682051,76.984615,1,5.928,30,MUNDAKA,0.0,OpenAQ live network,2026-08-23 07:00:00,2026-08-26 07:00:00,72,34.0,33.182674
893,28.682051,77.0,1,7.398,30,MUNDAKA,0.0,OpenAQ live network,2026-08-23 07:00:00,2026-08-26 07:00:00,72,113.2,117.51596
894,28.682051,77.015385,1,5.976,30,MUNDAKA,0.0,OpenAQ live network,2026-08-23 07:00:00,2026-08-26 07:00:00,72,31.7,35.80479
895,28.682051,77.030769,1,4.478,30,MUNDAKA,0.0,OpenAQ live network,2026-08-23 07:00:00,2026-08-26 07:00:00,72,64.1,67.46303
896,28.682051,77.046154,1,2.982,31,NANGLOI JAT WEST,0.0,OpenAQ live network,2026-08-23 07:00:00,2026-08-26 07:00:00,72,61.3,68.46829
897,28.682051,77.061538,1,1.496,32,NILOTHI,0.0,OpenAQ live network,2026-08-23 07:00:00,2026-08-26 07:00:00,72,43.9,41.49652
898,28.682051,77.076923,0,0.294,42,PERAGHARHI,0.0,OpenAQ live network,2026-08-23 07:00:00,2026-08-26 07:00:00,72,96.4,104.669044
899,28.682051,77.092308,1,1.562,42,PERAGHARHI,0.0,OpenAQ live network,2026-08-23 07:00:00,2026-08-26 07:00:00,72,43.9,41.49652
900,28.682051,77.107692,1,2.444,58,PASCHIM VIHAR NORTH,0.0,OpenAQ live network,2026-08-23 07:00:00,2026-08-26 07:00:00,72,80.1,73.340164
901,28.682051,77.123077,1,1.18,59,RANI BAGH,0.0,OpenAQ live network,2026-08-23 07:00:00,2026-08-26 07:00:00,72,68.8,66.929565
902,28.682051,77.138462,1,1.149,62,RAMPURA,0.0,OpenAQ live network,2026-08-23 07:00:00,2026-08-26 07:00:00,72,66.6,66.929565
903,28.682051,77.153846,1,2.275,62,RAMPURA,0.0,OpenAQ live network,2026-08-23 07:00:00,2026-08-26 07:00:00,72,73.8,75.519424
904,28.682051,77.169231,1,1.915,65,NIMRI COLONY,0.0,OpenAQ live network,2026-08-23 07:00:00,2026-08-26 07:00:00,72,66.8,63.801224
905,28.682051,77.184615,1,1.51,66,SAWAN PARK,0.0,OpenAQ live network,2026-08-23 07:00:00,2026-08-26 07:00:00,72,41.6,40.49728
906,28.682051,77.2,1,2.323,69,KAMLA NAGAR,0.0,OpenAQ live network,2026-08-23 07:00:00,2026-08-26 07:00:00,72,69.4,64.90002
907,28.682051,77.215385,1,1.119,10,TIMAR PUR,0.0,OpenAQ live network,2026-08-23 07:00:00,2026-08-26 07:00:00,72,60.0,58.258022
908,28.682051,77.230769,0,0.581,,,0.0,OpenAQ live network,2026-08-23 07:00:00,2026-08-26 07:00:00,72,76.9,69.90268
909,28.682051,77.246154,1,1.982,,,0.0,OpenAQ live network,2026-08-23 07:00:00,2026-08-26 07:00:00,72,57.5,52.948975
910,28.682051,77.261538,1,3.376,251,NEW USMANPUR,0.0,OpenAQ live network,2026-08-23 07:00:00,2026-08-26 07:00:00,72,57.3,52.948975
911,28.682051,77.276923,1,2.499,259,JANTA COLONY,0.0,OpenAQ live network,2026-08-23 07:00:00,2026-08-26 07:00:00,72,69.8,72.89589
912,28.682051,77.292308,0,1.001,260,BABAR PUR,0.0,OpenAQ live network,2026-08-23 07:00:00,2026-08-26 07:00:00,72,73.0,75.149124
913,28.682051,77.307692,0,0.263,241,DILSHAD GARDEN,0.0,OpenAQ live network,2026-08-23 07:00:00,2026-08-26 07:00:00,72,103.7,106.94137
914,28.682051,77.323077,1,1.322,240,DILSHAD COLONY,0.0,OpenAQ live network,2026-08-23 07:00:00,2026-08-26 07:00:00,72,40.0,35.604836
915,28.682051,77.338462,1,2.508,240,DILSHAD COLONY,594.4140060980412,OpenAQ live network,2026-08-23 07:00:00,2026-08-26 07:00:00,72,71.1,73.79808
916,28.682051,77.353846,1,2.438,240,DILSHAD COLONY,2305.3152838502906,OpenAQ live network,2026-08-23 07:00:00,2026-08-26 07:00:00,72,78.8,78.63717
917,28.682051,77.369231,1,2.683,240,DILSHAD COLONY,4017.723670550144,OpenAQ live network,2026-08-23 07:00:00,2026-08-26 07:00:00,72,68.9,77.191124
918,28.682051,77.384615,1,2.707,240,DILSHAD COLONY,5730.165378018251,OpenAQ live network,2026-08-23 07:00:00,2026-08-26 07:00:00,72,62.5,60.12409
919,28.682051,77.4,1,3.391,240,DILSHAD COLONY,7442.763196173661,OpenAQ live network,2026-08-23 07:00:00,2026-08-26 07:00:00,72,57.6,36.519646
920,28.694872,76.8,1,12.539,140,KHERA,12628.205181322935,OpenAQ live network,2026-08-23 07:00:00,2026-08-26 07:00:00,72,92.9,91.00437
921,28.694872,76.815385,1,11.08,140,KHERA,11373.82608547497,OpenAQ live network,2026-08-23 07:00:00,2026-08-26 07:00:00,72,92.9,91.00437
922,28.694872,76.830769,1,9.634,140,KHERA,10237.403561269024,OpenAQ live network,2026-08-23 07:00:00,2026-08-26 07:00:00,72,92.9,91.00437
923,28.694872,76.846154,1,8.207,140,KHERA,9261.10176840738,OpenAQ live network,2026-08-23 07:00:00,2026-08-26 07:00:00,72,112.8,117.51596
924,28.694872,76.861538,1,6.812,140,KHERA,8520.480514598592,OpenAQ live network,2026-08-23 07:00:00,2026-08-26 07:00:00,72,108.4,115.203285
925,28.694872,76.876923,1,5.473,139,DICHAON KALAN,7312.478084940057,OpenAQ live network,2026-08-23 07:00:00,2026-08-26 07:00:00,72,34.0,33.182674
926,28.694872,76.892308,1,4.244,139,DICHAON KALAN,5887.228214000969,OpenAQ live network,2026-08-23 07:00:00,2026-08-26 07:00:00,72,72.2,78.34938
927,28.694872,76.907692,1,3.251,139,DICHAON KALAN,4621.245671792117,OpenAQ live network,2026-08-23 07:00:00,2026-08-26 07:00:00,72,59.7,60.5297
928,28.694872,76.923077,1,2.764,30,MUNDAKA,3594.69353528828,OpenAQ live network,2026-08-23 07:00:00,2026-08-26 07:00:00,72,71.4,76.02163
929,28.694872,76.938462,1,3.035,30,MUNDAKA,2393.8745440954312,OpenAQ live network,2026-08-23 07:00:00,2026-08-26 07:00:00,72,62.4,62.60476
930,28.694872,76.953846,1,3.91,30,MUNDAKA,1059.286205671534,OpenAQ live network,2026-08-23 07:00:00,2026-08-26 07:00:00,72,71.8,77.584984
931,28.694872,76.969231,1,5.086,30,MUNDAKA,0.0,OpenAQ live network,2026-08-23 07:00:00,2026-08-26 07:00:00,72,34.0,33.182674
932,28.694872,76.984615,1,6.4,30,MUNDAKA,0.0,OpenAQ live network,2026-08-23 07:00:00,2026-08-26 07:00:00,72,34.0,33.182674
933,28.694872,77.0,1,7.555,30,MUNDAKA,0.0,OpenAQ live network,2026-08-23 07:00:00,2026-08-26 07:00:00,72,111.5,115.72927
934,28.694872,77.015385,1,6.075,30,MUNDAKA,0.0,OpenAQ live network,2026-08-23 07:00:00,2026-08-26 07:00:00,72,31.7,35.80479
935,28.694872,77.030769,1,4.61,30,MUNDAKA,0.0,OpenAQ live network,2026-08-23 07:00:00,2026-08-26 07:00:00,72,60.7,61.460514
936,28.694872,77.046154,1,3.176,36,PRATAP VIHAR,0.0,OpenAQ live network,2026-08-23 07:00:00,2026-08-26 07:00:00,72,62.6,62.940357
937,28.694872,77.061538,1,1.854,35,KIRARI SULEMAN NAGAR,0.0,OpenAQ live network,2026-08-23 07:00:00,2026-08-26 07:00:00,72,72.6,73.780136
938,28.694872,77.076923,1,1.134,37,SULTANPURI  EAST,0.0,OpenAQ live network,2026-08-23 07:00:00,2026-08-26 07:00:00,72,64.6,63.530567
939,28.694872,77.092308,1,1.908,46,MANGOLPURI  EAST,0.0,OpenAQ live network,2026-08-23 07:00:00,2026-08-26 07:00:00,72,72.6,73.780136
940,28.694872,77.107692,1,3.24,60,SARASWATI VIHAR,0.0,OpenAQ live network,2026-08-23 07:00:00,2026-08-26 07:00:00,72,62.6,62.940357
941,28.694872,77.123077,1,2.442,60,SARASWATI VIHAR,0.0,OpenAQ live network,2026-08-23 07:00:00,2026-08-26 07:00:00,72,79.9,73.340164
942,28.694872,77.138462,1,2.427,63,KOHAT ENCLAVE,0.0,OpenAQ live network,2026-08-23 07:00:00,2026-08-26 07:00:00,72,79.9,73.340164
943,28.694872,77.153846,1,1.257,53,PITAMPURA SOUTH,0.0,OpenAQ live network,2026-08-23 07:00:00,2026-08-26 07:00:00,72,58.0,58.738735
944,28.694872,77.169231,0,0.66,68,ASHOK VIHAR,0.0,OpenAQ live network,2026-08-23 07:00:00,2026-08-26 07:00:00,72,108.3,116.74283
945,28.694872,77.184615,0,0.293,71,SANGAM PARK,0.0,OpenAQ live network,2026-08-23 07:00:00,2026-08-26 07:00:00,72,104.8,105.502945
946,28.694872,77.2,1,1.789,72,MODEL TOWN,0.0,OpenAQ live network,2026-08-23 07:00:00,2026-08-26 07:00:00,72,66.8,63.801224
947,28.694872,77.215385,1,2.085,10,TIMAR PUR,0.0,OpenAQ live network,2026-08-23 07:00:00,2026-08-26 07:00:00,72,59.8,57.398926
948,28.694872,77.230769,1,1.853,,,0.0,OpenAQ live network,2026-08-23 07:00:00,2026-08-26 07:00:00,72,66.8,75.47103
949,28.694872,77.246154,1,1.769,,,0.0,OpenAQ live network,2026-08-23 07:00:00,2026-08-26 07:00:00,72,66.6,62.82482
950,28.694872,77.261538,1,2.099,253,BHAJANPURA,0.0,OpenAQ live network,2026-08-23 07:00:00,2026-08-26 07:00:00,72,56.6,55.079365
951,28.694872,77.276923,1,2.925,258,KARDAM PURI,0.0,OpenAQ live network,2026-08-23 07:00:00,2026-08-26 07:00:00,72,60.6,61.861763
952,28.694872,77.292308,1,1.82,246,ASHOK NAGAR,0.0,OpenAQ live network,2026-08-23 07:00:00,2026-08-26 07:00:00,72,65.1,67.04756
953,28.694872,77.307692,1,1.444,244,SUNDER NAGARI,0.0,OpenAQ live network,2026-08-23 07:00:00,2026-08-26 07:00:00,72,57.9,58.142033
954,28.694872,77.323077,1,2.264,244,SUNDER NAGARI,0.0,OpenAQ live network,2026-08-23 07:00:00,2026-08-26 07:00:00,72,69.7,72.89589
955,28.694872,77.338462,1,3.376,242,NEW SEEMA PURI,1110.4744082810244,OpenAQ live network,2026-08-23 07:00:00,2026-08-26 07:00:00,72,60.4,64.05234
956,28.694872,77.353846,1,3.855,242,NEW SEEMA PURI,2705.7632089077856,OpenAQ live network,2026-08-23 07:00:00,2026-08-26 07:00:00,72,75.8,64.74052
957,28.694872,77.369231,1,4.014,242,NEW SEEMA PURI,4323.943031165239,OpenAQ live network,2026-08-23 07:00:00,2026-08-26 07:00:00,72,73.4,36.519646
958,28.694872,77.384615,1,4.106,240,DILSHAD COLONY,5970.612147379304,OpenAQ live network,2026-08-23 07:00:00,2026-08-26 07:00:00,72,57.6,36.519646
959,28.694872,77.4,1,4.586,240,DILSHAD COLONY,7629.425807314167,OpenAQ live network,2026-08-23 07:00:00,2026-08-26 07:00:00,72,33.9,37.726448
960,28.707692,76.8,1,12.927,140,KHERA,13734.609583466205,OpenAQ live network,2026-08-23 07:00:00,2026-08-26 07:00:00,72,92.9,91.00437
961,28.707692,76.815385,1,11.517,140,KHERA,12582.4037734987,OpenAQ live network,2026-08-23 07:00:00,2026-08-26 07:00:00,72,92.9,91.00437
962,28.707692,76.830769,1,10.133,140,KHERA,11550.58118602743,OpenAQ live network,2026-08-23 07:00:00,2026-08-26 07:00:00,72,92.9,91.00437
963,28.707692,76.846154,1,8.788,140,KHERA,10694.835203196237,OpenAQ live network,2026-08-23 07:00:00,2026-08-26 07:00:00,72,93.1,91.00437
964,28.707692,76.861538,1,7.502,139,DICHAON KALAN,9632.101869780969,OpenAQ live network,2026-08-23 07:00:00,2026-08-26 07:00:00,72,113.2,117.51596
965,28.707692,76.876923,1,6.311,30,MUNDAKA,7955.611167724224,OpenAQ live network,2026-08-23 07:00:00,2026-08-26 07:00:00,72,34.0,33.182674
966,28.707692,76.892308,1,5.281,30,MUNDAKA,6249.961489882172,OpenAQ live network,2026-08-23 07:00:00,2026-08-26 07:00:00,72,34.0,33.182674
967,28.707692,76.907692,1,4.523,30,MUNDAKA,4549.685011152735,OpenAQ live network,2026-08-23 07:00:00,2026-08-26 07:00:00,72,61.6,66.62938
968,28.707692,76.923077,1,4.186,30,MUNDAKA,2863.949558493384,OpenAQ live network,2026-08-23 07:00:00,2026-08-26 07:00:00,72,72.2,78.34938
969,28.707692,76.938462,1,4.37,30,MUNDAKA,1253.4444534223796,OpenAQ live network,2026-08-23 07:00:00,2026-08-26 07:00:00,72,61.6,66.62938
970,28.707692,76.953846,1,5.017,30,MUNDAKA,77.37925468195694,OpenAQ live network,2026-08-23 07:00:00,2026-08-26 07:00:00,72,48.4,49.087868
971,28.707692,76.969231,1,5.979,30,MUNDAKA,0.0,OpenAQ live network,2026-08-23 07:00:00,2026-08-26 07:00:00,72,34.0,33.182674
972,28.707692,76.984615,1,7.13,30,MUNDAKA,0.0,OpenAQ live network,2026-08-23 07:00:00,2026-08-26 07:00:00,72,113.2,117.51596
973,28.707692,77.0,1,7.895,30,MUNDAKA,0.0,OpenAQ live network,2026-08-23 07:00:00,2026-08-26 07:00:00,72,111.5,115.72927
974,28.707692,77.015385,1,6.494,30,MUNDAKA,0.0,OpenAQ live network,2026-08-23 07:00:00,2026-08-26 07:00:00,72,31.7,35.80479
975,28.707692,77.030769,1,5.149,34,NITHARI,0.0,OpenAQ live network,2026-08-23 07:00:00,2026-08-26 07:00:00,72,31.7,35.80479
976,28.707692,77.046154,1,3.918,34,NITHARI,0.0,OpenAQ live network,2026-08-23 07:00:00,2026-08-26 07:00:00,72,77.8,80.66692
977,28.707692,77.061538,1,2.949,25,POOTH KALAN,0.0,OpenAQ live network,2026-08-23 07:00:00,2026-08-26 07:00:00,72,61.3,68.46829
978,28.707692,77.076923,1,2.559,25,POOTH KALAN,0.0,OpenAQ live network,2026-08-23 07:00:00,2026-08-26 07:00:00,72,74.8,85.01045
979,28.707692,77.092308,1,2.984,24,VIJAY VIHAR,0.0,OpenAQ live network,2026-08-23 07:00:00,2026-08-26 07:00:00,72,61.3,68.46829
980,28.707692,77.107692,1,3.008,45,ROHINI SOUTH,0.0,OpenAQ live network,2026-08-23 07:00:00,2026-08-26 07:00:00,72,55.6,51.464172
981,28.707692,77.123077,1,2.779,51,ROHINI EAST,0.0,OpenAQ live network,2026-08-23 07:00:00,2026-08-26 07:00:00,72,63.3,63.92981
982,28.707692,77.138462,1,2.775,54,PITAMPUR NORTH,0.0,OpenAQ live network,2026-08-23 07:00:00,2026-08-26 07:00:00,72,74.2,75.80667
983,28.707692,77.153846,1,1.433,56,SHALIMAR BAGH SOUTH,0.0,OpenAQ live network,2026-08-23 07:00:00,2026-08-26 07:00:00,72,41.7,42.166748
984,28.707692,77.169231,1,0.952,56,SHALIMAR BAGH SOUTH,0.0,OpenAQ live network,2026-08-23 07:00:00,2026-08-26 07:00:00,72,61.1,59.290882
985,28.707692,77.184615,1,1.399,72,MODEL TOWN,0.0,OpenAQ live network,2026-08-23 07:00:00,2026-08-26 07:00:00,72,38.9,38.073967
986,28.707692,77.2,1,2.0,13,DHIR PUR,0.0,OpenAQ live network,2026-08-23 07:00:00,2026-08-26 07:00:00,72,75.8,75.86005
987,28.707692,77.215385,1,2.432,11,MUKHERJEE NAGAR,0.0,OpenAQ live network,2026-08-23 07:00:00,2026-08-26 07:00:00,72,77.3,52.948975
988,28.707692,77.230769,1,1.852,,,0.0,OpenAQ live network,2026-08-23 07:00:00,2026-08-26 07:00:00,72,66.6,62.82482
989,28.707692,77.246154,0,0.451,272,SONIA VIHAR,0.0,OpenAQ live network,2026-08-23 07:00:00,2026-08-26 07:00:00,72,91.7,92.75553
990,28.707692,77.261538,1,1.216,269,KHAJOORI KHAS,0.0,OpenAQ live network,2026-08-23 07:00:00,2026-08-26 07:00:00,72,63.4,67.72027
991,28.707692,77.276923,1,2.694,261,JIWANPUR,0.0,OpenAQ live network,2026-08-23 07:00:00,2026-08-26 07:00:00,72,66.9,75.47103
992,28.707692,77.292308,1,3.103,262,GOKALPUR,186.1729297014976,OpenAQ live network,2026-08-23 07:00:00,2026-08-26 07:00:00,72,61.0,65.84752
993,28.707692,77.307692,1,2.858,263,SABOLI,0.0,OpenAQ live network,2026-08-23 07:00:00,2026-08-26 07:00:00,72,60.7,61.861763
994,28.707692,77.323077,1,3.348,264,HARSH VIHAR,0.0,OpenAQ live network,2026-08-23 07:00:00,2026-08-26 07:00:00,72,60.0,62.286404
995,28.707692,77.338462,1,4.33,264,HARSH VIHAR,1077.334274199197,OpenAQ live network,2026-08-23 07:00:00,2026-08-26 07:00:00,72,64.7,64.74052
996,28.707692,77.353846,1,5.276,264,HARSH VIHAR,2650.664099556091,OpenAQ live network,2026-08-23 07:00:00,2026-08-26 07:00:00,72,31.4,37.363728
997,28.707692,77.369231,1,5.394,264,HARSH VIHAR,4331.041948920209,OpenAQ live network,2026-08-23 07:00:00,2026-08-26 07:00:00,72,31.4,37.82584
998,28.707692,77.384615,1,5.518,264,HARSH VIHAR,6029.497210618033,OpenAQ live network,2026-08-23 07:00:00,2026-08-26 07:00:00,72,45.9,112.075035
999,28.707692,77.4,1,5.885,264,HARSH VIHAR,7734.277251780907,OpenAQ live network,2026-08-23 07:00:00,2026-08-26 07:00:00,72,46.3,112.075035
1000,28.720513,76.8,1,13.455,140,KHERA,14933.145028275543,OpenAQ live network,2026-08-23 07:00:00,2026-08-26 07:00:00,72,92.9,91.00437
1001,28.720513,76.815385,1,12.107,140,KHERA,13864.70666563318,OpenAQ live network,2026-08-23 07:00:00,2026-08-26 07:00:00,72,92.9,91.00437
1002,28.720513,76.830769,1,10.799,140,KHERA,12935.5762121256,OpenAQ live network,2026-08-23 07:00:00,2026-08-26 07:00:00,72,92.9,91.00437
1003,28.720513,76.846154,1,9.548,30,MUNDAKA,11398.382429162932,OpenAQ live network,2026-08-23 07:00:00,2026-08-26 07:00:00,72,92.9,91.00437
1004,28.720513,76.861538,1,8.38,30,MUNDAKA,9693.463499148496,OpenAQ live network,2026-08-23 07:00:00,2026-08-26 07:00:00,72,112.8,117.51596
1005,28.720513,76.876923,1,7.334,30,MUNDAKA,7991.69328934504,OpenAQ live network,2026-08-23 07:00:00,2026-08-26 07:00:00,72,113.2,117.51596
1006,28.720513,76.892308,1,6.469,30,MUNDAKA,6295.826490934635,OpenAQ live network,2026-08-23 07:00:00,2026-08-26 07:00:00,72,34.0,33.182674
1007,28.720513,76.907692,1,5.866,30,MUNDAKA,4612.488079079663,OpenAQ live network,2026-08-23 07:00:00,2026-08-26 07:00:00,72,34.0,33.182674
1008,28.720513,76.923077,1,5.61,30,MUNDAKA,2962.704786599332,OpenAQ live network,2026-08-23 07:00:00,2026-08-26 07:00:00,72,34.0,33.182674
1009,28.720513,76.938462,1,5.749,30,MUNDAKA,1412.2801299499658,OpenAQ live network,2026-08-23 07:00:00,2026-08-26 07:00:00,72,34.0,33.182674
1010,28.720513,76.953846,1,6.255,30,MUNDAKA,0.0,OpenAQ live network,2026-08-23 07:00:00,2026-08-26 07:00:00,72,34.0,33.182674
1011,28.720513,76.969231,1,7.05,30,MUNDAKA,0.0,OpenAQ live network,2026-08-23 07:00:00,2026-08-26 07:00:00,72,113.2,117.51596
1012,28.720513,76.984615,1,8.049,29,KARALA,0.0,OpenAQ live network,2026-08-23 07:00:00,2026-08-26 07:00:00,72,112.8,117.51596
1013,28.720513,77.0,1,7.946,29,KARALA,0.0,OpenAQ live network,2026-08-23 07:00:00,2026-08-26 07:00:00,72,103.9,106.50771
1014,28.720513,77.015385,1,7.103,30,MUNDAKA,0.0,OpenAQ live network,2026-08-23 07:00:00,2026-08-26 07:00:00,72,108.7,106.50771
1015,28.720513,77.030769,1,5.986,34,NITHARI,0.0,OpenAQ live network,2026-08-23 07:00:00,2026-08-26 07:00:00,72,31.7,35.80479
1016,28.720513,77.046154,1,4.968,29,KARALA,0.0,OpenAQ live network,2026-08-23 07:00:00,2026-08-26 07:00:00,72,87.0,84.490944
1017,28.720513,77.061538,1,4.246,25,POOTH KALAN,0.0,OpenAQ live network,2026-08-23 07:00:00,2026-08-26 07:00:00,72,78.3,80.68676
1018,28.720513,77.076923,1,3.985,25,POOTH KALAN,0.0,OpenAQ live network,2026-08-23 07:00:00,2026-08-26 07:00:00,72,78.3,80.68676
1019,28.720513,77.092308,1,3.006,23,BUDH VIHAR,0.0,OpenAQ live network,2026-08-23 07:00:00,2026-08-26 07:00:00,72,55.6,51.464172
1020,28.720513,77.107692,1,1.791,21,ROHINI,0.0,OpenAQ live network,2026-08-23 07:00:00,2026-08-26 07:00:00,72,63.9,60.843887
1021,28.720513,77.123077,1,1.371,50,ROHINI CENTRAL,0.0,OpenAQ live network,2026-08-23 07:00:00,2026-08-26 07:00:00,72,33.6,28.787045
1022,28.720513,77.138462,1,2.248,49,ROHINI NORTH,0.0,OpenAQ live network,2026-08-23 07:00:00,2026-08-26 07:00:00,72,74.2,73.97008
1023,28.720513,77.153846,1,2.134,55,SHALIMAR BAGH NORTH,0.0,OpenAQ live network,2026-08-23 07:00:00,2026-08-26 07:00:00,72,81.4,80.426674
1024,28.720513,77.169231,1,1.375,15,SARAI PIPAL THALA,0.0,OpenAQ live network,2026-08-23 07:00:00,2026-08-26 07:00:00,72,32.9,33.071968
1025,28.720513,77.184615,1,1.711,13,DHIR PUR,0.0,OpenAQ live network,2026-08-23 07:00:00,2026-08-26 07:00:00,72,59.4,69.17781
1026,28.720513,77.2,0,0.582,13,DHIR PUR,0.0,OpenAQ live network,2026-08-23 07:00:00,2026-08-26 07:00:00,72,103.0,52.08809
1027,28.720513,77.215385,1,1.5,13,DHIR PUR,0.0,OpenAQ live network,2026-08-23 07:00:00,2026-08-26 07:00:00,72,46.1,52.948975
1028,28.720513,77.230769,1,2.138,8,JHARODA,0.0,OpenAQ live network,2026-08-23 07:00:00,2026-08-26 07:00:00,72,77.6,89.64146
1029,28.720513,77.246154,1,1.159,272,SONIA VIHAR,0.0,OpenAQ live network,2026-08-23 07:00:00,2026-08-26 07:00:00,72,63.4,67.72027
1030,28.720513,77.261538,1,1.618,271,KARAWAL NAGAR WEST,0.0,OpenAQ live network,2026-08-23 07:00:00,2026-08-26 07:00:00,72,57.1,53.228527
1031,28.720513,77.276923,1,2.097,266,KARAWAL NAGAR EAST,0.0,OpenAQ live network,2026-08-23 07:00:00,2026-08-26 07:00:00,72,57.4,58.40579
1032,28.720513,77.292308,1,2.757,261,JIWANPUR,216.12684956914785,OpenAQ live network,2026-08-23 07:00:00,2026-08-26 07:00:00,72,71.3,72.76173
1033,28.720513,77.307692,1,3.912,263,SABOLI,834.9921603854574,OpenAQ live network,2026-08-23 07:00:00,2026-08-26 07:00:00,72,74.0,74.21719
1034,28.720513,77.323077,1,4.621,264,HARSH VIHAR,865.5736601160812,OpenAQ live network,2026-08-23 07:00:00,2026-08-26 07:00:00,72,59.2,60.056774
1035,28.720513,77.338462,1,5.375,264,HARSH VIHAR,1296.4304431574146,OpenAQ live network,2026-08-23 07:00:00,2026-08-26 07:00:00,72,30.1,38.564335
1036,28.720513,77.353846,1,6.399,264,HARSH VIHAR,2747.0170957343025,OpenAQ live network,2026-08-23 07:00:00,2026-08-26 07:00:00,72,33.2,37.363728
1037,28.720513,77.369231,1,6.793,264,HARSH VIHAR,4390.672741037252,OpenAQ live network,2026-08-23 07:00:00,2026-08-26 07:00:00,72,47.4,110.19349
1038,28.720513,77.384615,1,6.936,264,HARSH VIHAR,6072.47226164366,OpenAQ live network,2026-08-23 07:00:00,2026-08-26 07:00:00,72,100.7,92.43843
1039,28.720513,77.4,1,7.231,264,HARSH VIHAR,7767.826424618192,OpenAQ live network,2026-08-23 07:00:00,2026-08-26 07:00:00,72,98.7,95.382195
1040,28.733333,76.8,1,14.108,140,KHERA,16192.911988681186,OpenAQ live network,2026-08-23 07:00:00,2026-08-26 07:00:00,72,92.5,91.00437
1041,28.733333,76.815385,1,12.829,29,KARALA,14599.224189137982,OpenAQ live network,2026-08-23 07:00:00,2026-08-26 07:00:00,72,92.9,91.00437
1042,28.733333,76.830769,1,11.603,29,KARALA,12917.713649851528,OpenAQ live network,2026-08-23 07:00:00,2026-08-26 07:00:00,72,92.9,91.00437
1043,28.733333,76.846154,1,10.449,29,KARALA,11245.463493456597,OpenAQ live network,2026-08-23 07:00:00,2026-08-26 07:00:00,72,92.9,91.00437
1044,28.733333,76.861538,1,9.393,29,KARALA,9587.594558422365,OpenAQ live network,2026-08-23 07:00:00,2026-08-26 07:00:00,72,92.9,91.00437
1045,28.733333,76.876923,1,8.473,29,KARALA,7952.823175430965,OpenAQ live network,2026-08-23 07:00:00,2026-08-26 07:00:00,72,93.4,92.98182
1046,28.733333,76.892308,1,7.737,29,KARALA,6359.17966832244,OpenAQ live network,2026-08-23 07:00:00,2026-08-26 07:00:00,72,113.1,117.51596
1047,28.733333,76.907692,1,7.24,29,KARALA,4847.493038247128,OpenAQ live network,2026-08-23 07:00:00,2026-08-26 07:00:00,72,113.2,117.51596
1048,28.733333,76.923077,1,7.035,29,KARALA,3524.5229677339858,OpenAQ live network,2026-08-23 07:00:00,2026-08-26 07:00:00,72,113.2,117.51596
1049,28.733333,76.938462,1,7.146,29,KARALA,2048.6925258132374,OpenAQ live network,2026-08-23 07:00:00,2026-08-26 07:00:00,72,113.2,117.51596
1050,28.733333,76.953846,1,7.559,29,KARALA,559.3982287054498,OpenAQ live network,2026-08-23 07:00:00,2026-08-26 07:00:00,72,113.2,117.51596
1051,28.733333,76.969231,1,8.229,29,KARALA,0.0,OpenAQ live network,2026-08-23 07:00:00,2026-08-26 07:00:00,72,112.8,117.51596
1052,28.733333,76.984615,1,8.043,29,KARALA,0.0,OpenAQ live network,2026-08-23 07:00:00,2026-08-26 07:00:00,72,102.6,106.50771
1053,28.733333,77.0,1,6.893,29,KARALA,0.0,OpenAQ live network,2026-08-23 07:00:00,2026-08-26 07:00:00,72,103.4,106.50771
1054,28.733333,77.015385,1,5.901,29,KARALA,0.0,OpenAQ live network,2026-08-23 07:00:00,2026-08-26 07:00:00,72,64.4,21.425121
1055,28.733333,77.030769,1,5.161,29,KARALA,0.0,OpenAQ live network,2026-08-23 07:00:00,2026-08-26 07:00:00,72,64.4,21.425121
1056,28.733333,77.046154,1,4.791,29,KARALA,0.0,OpenAQ live network,2026-08-23 07:00:00,2026-08-26 07:00:00,72,42.8,60.89892
1057,28.733333,77.061538,1,4.875,27,BEGUMPUR,0.0,OpenAQ live network,2026-08-23 07:00:00,2026-08-26 07:00:00,72,42.8,60.89892
1058,28.733333,77.076923,1,3.829,26,SAHIBABAD DAULAT PUR,0.0,OpenAQ live network,2026-08-23 07:00:00,2026-08-26 07:00:00,72,72.6,75.622856
1059,28.733333,77.092308,1,2.621,25,POOTH KALAN,0.0,OpenAQ live network,2026-08-23 07:00:00,2026-08-26 07:00:00,72,69.1,70.921486
1060,28.733333,77.107692,1,1.196,21,ROHINI,0.0,OpenAQ live network,2026-08-23 07:00:00,2026-08-26 07:00:00,72,63.9,70.43138
1061,28.733333,77.123077,0,0.321,21,ROHINI,0.0,OpenAQ live network,2026-08-23 07:00:00,2026-08-26 07:00:00,72,105.5,106.760284
1062,28.733333,77.138462,1,1.81,17,SAMAYPUR BADLI,0.0,OpenAQ live network,2026-08-23 07:00:00,2026-08-26 07:00:00,72,63.9,60.843887
1063,28.733333,77.153846,1,1.638,15,SARAI PIPAL THALA,0.0,OpenAQ live network,2026-08-23 07:00:00,2026-08-26 07:00:00,72,59.0,56.181664
1064,28.733333,77.169231,0,0.148,5,BHALASWA JAHAGIR PUR,0.0,OpenAQ live network,2026-08-23 07:00:00,2026-08-26 07:00:00,72,96.2,99.0449
1065,28.733333,77.184615,1,1.364,6,MUKUND PUR,0.0,OpenAQ live network,2026-08-23 07:00:00,2026-08-26 07:00:00,72,32.9,33.071968
1066,28.733333,77.2,1,0.862,8,JHARODA,0.0,OpenAQ live network,2026-08-23 07:00:00,2026-08-26 07:00:00,72,104.0,104.33338
1067,28.733333,77.215385,1,1.629,8,JHARODA,0.0,OpenAQ live network,2026-08-23 07:00:00,2026-08-26 07:00:00,72,67.1,70.55722
1068,28.733333,77.230769,1,3.011,8,JHARODA,0.0,OpenAQ live network,2026-08-23 07:00:00,2026-08-26 07:00:00,72,55.2,66.371185
1069,28.733333,77.246154,1,2.559,,,0.0,OpenAQ live network,2026-08-23 07:00:00,2026-08-26 07:00:00,72,66.9,75.47103
1070,28.733333,77.261538,1,1.348,271,KARAWAL NAGAR WEST,0.0,OpenAQ live network,2026-08-23 07:00:00,2026-08-26 07:00:00,72,36.5,37.319958
1071,28.733333,77.276923,0,0.721,265,SHIV VIHAR,0.0,OpenAQ live network,2026-08-23 07:00:00,2026-08-26 07:00:00,72,94.9,86.34385
1072,28.733333,77.292308,1,1.929,265,SHIV VIHAR,1055.3372449944052,OpenAQ live network,2026-08-23 07:00:00,2026-08-26 07:00:00,72,67.8,65.52883
1073,28.733333,77.307692,1,3.38,261,JIWANPUR,2308.304094258588,OpenAQ live network,2026-08-23 07:00:00,2026-08-26 07:00:00,72,58.3,58.98521
1074,28.733333,77.323077,1,4.861,263,SABOLI,2479.0727532285423,OpenAQ live network,2026-08-23 07:00:00,2026-08-26 07:00:00,72,60.9,58.77962
1075,28.733333,77.338462,1,6.351,264,HARSH VIHAR,2738.192289395003,OpenAQ live network,2026-08-23 07:00:00,2026-08-26 07:00:00,72,27.6,37.157925
1076,28.733333,77.353846,1,7.426,264,HARSH VIHAR,3655.553042155652,OpenAQ live network,2026-08-23 07:00:00,2026-08-26 07:00:00,72,112.8,111.87604
1077,28.733333,77.369231,1,8.201,264,HARSH VIHAR,5009.488221230238,OpenAQ live network,2026-08-23 07:00:00,2026-08-26 07:00:00,72,100.2,94.97105
1078,28.733333,77.384615,1,8.357,264,HARSH VIHAR,6533.902699626662,OpenAQ live network,2026-08-23 07:00:00,2026-08-26 07:00:00,72,88.1,92.43843
1079,28.733333,77.4,1,8.603,264,HARSH VIHAR,8133.639559431777,OpenAQ live network,2026-08-23 07:00:00,2026-08-26 07:00:00,72,85.8,95.382195
1080,28.746154,76.8,1,14.869,29,KARALA,16107.6045341057,OpenAQ live network,2026-08-23 07:00:00,2026-08-26 07:00:00,72,92.6,91.00437
1081,28.746154,76.815385,1,13.662,29,KARALA,14398.46322599146,OpenAQ live network,2026-08-23 07:00:00,2026-08-26 07:00:00,72,92.9,91.00437
1082,28.746154,76.830769,1,12.518,29,KARALA,12690.37912298436,OpenAQ live network,2026-08-23 07:00:00,2026-08-26 07:00:00,72,92.9,91.00437
1083,28.746154,76.846154,1,11.456,29,KARALA,10983.571619841234,OpenAQ live network,2026-08-23 07:00:00,2026-08-26 07:00:00,72,92.9,91.00437
1084,28.746154,76.861538,1,10.503,29,KARALA,9279.028276829791,OpenAQ live network,2026-08-23 07:00:00,2026-08-26 07:00:00,72,92.9,91.00437
1085,28.746154,76.876923,1,9.689,29,KARALA,7577.980786805192,OpenAQ live network,2026-08-23 07:00:00,2026-08-26 07:00:00,72,92.9,91.00437
1086,28.746154,76.892308,1,9.052,29,KARALA,5883.669127298226,OpenAQ live network,2026-08-23 07:00:00,2026-08-26 07:00:00,72,93.1,91.00437
1087,28.746154,76.907692,1,8.631,29,KARALA,4204.353113306631,OpenAQ live network,2026-08-23 07:00:00,2026-08-26 07:00:00,72,93.1,91.00437
1088,28.746154,76.923077,1,8.46,29,KARALA,2569.17467206906,OpenAQ live network,2026-08-23 07:00:00,2026-08-26 07:00:00,72,93.4,92.98182
1089,28.746154,76.938462,1,8.552,29,KARALA,1179.2439497581502,OpenAQ live network,2026-08-23 07:00:00,2026-08-26 07:00:00,72,93.4,92.98182
1090,28.746154,76.953846,1,8.9,29,KARALA,120.22655779714536,OpenAQ live network,2026-08-23 07:00:00,2026-08-26 07:00:00,72,93.1,91.00437
1091,28.746154,76.969231,1,8.649,29,KARALA,0.0,OpenAQ live network,2026-08-23 07:00:00,2026-08-26 07:00:00,72,92.5,88.25675
1092,28.746154,76.984615,1,7.289,29,KARALA,0.0,OpenAQ live network,2026-08-23 07:00:00,2026-08-26 07:00:00,72,103.2,106.50771
1093,28.746154,77.0,1,5.996,29,KARALA,0.0,OpenAQ live network,2026-08-23 07:00:00,2026-08-26 07:00:00,72,61.3,21.425121
1094,28.746154,77.015385,1,4.823,29,KARALA,0.0,OpenAQ live network,2026-08-23 07:00:00,2026-08-26 07:00:00,72,69.1,60.89892
1095,28.746154,77.030769,1,3.883,29,KARALA,0.0,OpenAQ live network,2026-08-23 07:00:00,2026-08-26 07:00:00,72,82.1,74.0326
1096,28.746154,77.046154,1,3.375,27,BEGUMPUR,0.0,OpenAQ live network,2026-08-23 07:00:00,2026-08-26 07:00:00,72,47.6,53.841885
1097,28.746154,77.061538,1,3.493,27,BEGUMPUR,0.0,OpenAQ live network,2026-08-23 07:00:00,2026-08-26 07:00:00,72,55.5,53.841885
1098,28.746154,77.076923,1,3.376,26,SAHIBABAD DAULAT PUR,0.0,OpenAQ live network,2026-08-23 07:00:00,2026-08-26 07:00:00,72,60.2,59.27044
1099,28.746154,77.092308,1,1.898,26,SAHIBABAD DAULAT PUR,0.0,OpenAQ live network,2026-08-23 07:00:00,2026-08-26 07:00:00,72,66.8,68.54714
1100,28.746154,77.107692,0,0.556,26,SAHIBABAD DAULAT PUR,0.0,OpenAQ live network,2026-08-23 07:00:00,2026-08-26 07:00:00,72,103.7,108.4547
1101,28.746154,77.123077,0,0.384,26,SAHIBABAD DAULAT PUR,0.0,OpenAQ live network,2026-08-23 07:00:00,2026-08-26 07:00:00,72,78.8,72.930016
1102,28.746154,77.138462,1,1.816,17,SAMAYPUR BADLI,0.0,OpenAQ live network,2026-08-23 07:00:00,2026-08-26 07:00:00,72,70.6,70.82653
1103,28.746154,77.153846,1,2.208,19,BHALSWA,0.0,OpenAQ live network,2026-08-23 07:00:00,2026-08-26 07:00:00,72,81.4,80.426674
1104,28.746154,77.169231,1,1.489,5,BHALASWA JAHAGIR PUR,0.0,OpenAQ live network,2026-08-23 07:00:00,2026-08-26 07:00:00,72,36.4,36.41426
1105,28.746154,77.184615,1,2.014,6,MUKUND PUR,0.0,OpenAQ live network,2026-08-23 07:00:00,2026-08-26 07:00:00,72,69.8,69.17781
1106,28.746154,77.2,1,2.283,6,MUKUND PUR,0.0,OpenAQ live network,2026-08-23 07:00:00,2026-08-26 07:00:00,72,68.7,52.08809
1107,28.746154,77.215385,1,2.669,8,JHARODA,0.0,OpenAQ live network,2026-08-23 07:00:00,2026-08-26 07:00:00,72,63.3,61.544693
1108,28.746154,77.230769,1,3.679,8,JHARODA,0.0,OpenAQ live network,2026-08-23 07:00:00,2026-08-26 07:00:00,72,70.7,74.87174
1109,28.746154,77.246154,1,2.793,272,SONIA VIHAR,0.0,OpenAQ live network,2026-08-23 07:00:00,2026-08-26 07:00:00,72,71.3,72.76173
1110,28.746154,77.261538,1,1.416,272,SONIA VIHAR,405.3191702770334,OpenAQ live network,2026-08-23 07:00:00,2026-08-26 07:00:00,72,35.9,37.45111
1111,28.746154,77.276923,1,0.841,271,KARAWAL NAGAR WEST,1274.1235667134358,OpenAQ live network,2026-08-23 07:00:00,2026-08-26 07:00:00,72,93.4,86.34385
1112,28.746154,77.292308,1,1.808,265,SHIV VIHAR,2119.705445135304,OpenAQ live network,2026-08-23 07:00:00,2026-08-26 07:00:00,72,71.1,76.526375
1113,28.746154,77.307692,1,3.078,265,SHIV VIHAR,3417.3771430155366,OpenAQ live network,2026-08-23 07:00:00,2026-08-26 07:00:00,72,64.6,63.7768
1114,28.746154,77.323077,1,4.491,263,SABOLI,4039.605770595922,OpenAQ live network,2026-08-23 07:00:00,2026-08-26 07:00:00,72,64.9,71.40705
1115,28.746154,77.338462,1,5.947,264,HARSH VIHAR,4314.441051974432,OpenAQ live network,2026-08-23 07:00:00,2026-08-26 07:00:00,72,32.6,29.12591
1116,28.746154,77.353846,1,7.421,264,HARSH VIHAR,4947.703772587182,OpenAQ live network,2026-08-23 07:00:00,2026-08-26 07:00:00,72,119.6,121.90651
1117,28.746154,77.369231,1,8.903,264,HARSH VIHAR,6017.613880592912,OpenAQ live network,2026-08-23 07:00:00,2026-08-26 07:00:00,72,102.9,94.93693
1118,28.746154,77.384615,1,9.779,264,HARSH VIHAR,7335.433802131171,OpenAQ live network,2026-08-23 07:00:00,2026-08-26 07:00:00,72,87.5,94.93693
1119,28.746154,77.4,1,9.99,264,HARSH VIHAR,8790.494699390561,OpenAQ live network,2026-08-23 07:00:00,2026-08-26 07:00:00,72,87.3,92.43843
1120,28.758974,76.8,1,15.723,29,KARALA,16091.380270548194,OpenAQ live network,2026-08-23 07:00:00,2026-08-26 07:00:00,72,92.6,91.00437
1121,28.758974,76.815385,1,14.587,29,KARALA,14380.31079130328,OpenAQ live network,2026-08-23 07:00:00,2026-08-26 07:00:00,72,92.6,91.00437
1122,28.758974,76.830769,1,13.521,29,KARALA,12669.779693006602,OpenAQ live network,2026-08-23 07:00:00,2026-08-26 07:00:00,72,92.9,91.00437
1123,28.758974,76.846154,1,12.545,29,KARALA,10959.764628514016,OpenAQ live network,2026-08-23 07:00:00,2026-08-26 07:00:00,72,92.9,91.00437
1124,28.758974,76.861538,1,11.681,29,KARALA,9250.83568908518,OpenAQ live network,2026-08-23 07:00:00,2026-08-26 07:00:00,72,92.9,91.00437
1125,28.758974,76.876923,1,10.955,29,KARALA,7543.433435076751,OpenAQ live network,2026-08-23 07:00:00,2026-08-26 07:00:00,72,92.9,91.00437
1126,28.758974,76.892308,1,10.396,29,KARALA,5839.105889069617,OpenAQ live network,2026-08-23 07:00:00,2026-08-26 07:00:00,72,92.9,91.00437
1127,28.758974,76.907692,1,10.032,29,KARALA,4141.760529728434,OpenAQ live network,2026-08-23 07:00:00,2026-08-26 07:00:00,72,92.9,91.00437
1128,28.758974,76.923077,1,9.885,29,KARALA,2465.411462585173,OpenAQ live network,2026-08-23 07:00:00,2026-08-26 07:00:00,72,92.9,91.00437
1129,28.758974,76.938462,1,9.964,29,KARALA,830.7358369289515,OpenAQ live network,2026-08-23 07:00:00,2026-08-26 07:00:00,72,92.9,91.00437
1130,28.758974,76.953846,1,9.669,29,KARALA,0.0,OpenAQ live network,2026-08-23 07:00:00,2026-08-26 07:00:00,72,92.3,88.25675
1131,28.758974,76.969231,1,8.204,29,KARALA,0.0,OpenAQ live network,2026-08-23 07:00:00,2026-08-26 07:00:00,72,102.6,106.50771
1132,28.758974,76.984615,1,6.755,29,KARALA,0.0,OpenAQ live network,2026-08-23 07:00:00,2026-08-26 07:00:00,72,61.9,25.027344
1133,28.758974,77.0,1,5.334,27,BEGUMPUR,0.0,OpenAQ live network,2026-08-23 07:00:00,2026-08-26 07:00:00,72,59.7,21.425121
1134,28.758974,77.015385,1,3.971,27,BEGUMPUR,0.0,OpenAQ live network,2026-08-23 07:00:00,2026-08-26 07:00:00,72,78.3,77.86972
1135,28.758974,77.030769,1,2.754,27,BEGUMPUR,0.0,OpenAQ live network,2026-08-23 07:00:00,2026-08-26 07:00:00,72,74.3,62.854374
1136,28.758974,77.046154,1,1.975,27,BEGUMPUR,0.0,OpenAQ live network,2026-08-23 07:00:00,2026-08-26 07:00:00,72,52.7,61.547997
1137,28.758974,77.061538,1,2.17,27,BEGUMPUR,0.0,OpenAQ live network,2026-08-23 07:00:00,2026-08-26 07:00:00,72,75.5,75.973755
1138,28.758974,77.076923,1,3.165,26,SAHIBABAD DAULAT PUR,0.0,OpenAQ live network,2026-08-23 07:00:00,2026-08-26 07:00:00,72,54.3,53.841885
1139,28.758974,77.092308,1,2.097,3,ALIPUR,0.0,OpenAQ live network,2026-08-23 07:00:00,2026-08-26 07:00:00,72,58.1,59.365917
1140,28.758974,77.107692,1,1.052,26,SAHIBABAD DAULAT PUR,0.0,OpenAQ live network,2026-08-23 07:00:00,2026-08-26 07:00:00,72,71.5,72.930016
1141,28.758974,77.123077,1,1.52,3,ALIPUR,0.0,OpenAQ live network,2026-08-23 07:00:00,2026-08-26 07:00:00,72,44.4,42.935074
1142,28.758974,77.138462,1,2.452,18,LIBAS PUR,0.0,OpenAQ live network,2026-08-23 07:00:00,2026-08-26 07:00:00,72,68.7,70.921486
1143,28.758974,77.153846,1,3.337,18,LIBAS PUR,0.0,OpenAQ live network,2026-08-23 07:00:00,2026-08-26 07:00:00,72,55.6,52.08809
1144,28.758974,77.169231,1,2.911,18,LIBAS PUR,0.0,OpenAQ live network,2026-08-23 07:00:00,2026-08-26 07:00:00,72,59.9,53.38125
1145,28.758974,77.184615,1,3.212,6,MUKUND PUR,0.0,OpenAQ live network,2026-08-23 07:00:00,2026-08-26 07:00:00,72,55.6,52.08809
1146,28.758974,77.2,1,3.707,7,BURARI,0.0,OpenAQ live network,2026-08-23 07:00:00,2026-08-26 07:00:00,72,70.7,80.643974
1147,28.758974,77.215385,1,3.957,7,BURARI,0.0,OpenAQ live network,2026-08-23 07:00:00,2026-08-26 07:00:00,72,70.9,21.74642
1148,28.758974,77.230769,1,4.685,8,JHARODA,0.0,OpenAQ live network,2026-08-23 07:00:00,2026-08-26 07:00:00,72,60.3,67.07473
1149,28.758974,77.246154,1,3.187,272,SONIA VIHAR,294.892642673768,OpenAQ live network,2026-08-23 07:00:00,2026-08-26 07:00:00,72,60.1,57.67597
1150,28.758974,77.261538,1,1.692,272,SONIA VIHAR,612.52799963502,OpenAQ live network,2026-08-23 07:00:00,2026-08-26 07:00:00,72,61.0,63.70933
1151,28.758974,77.276923,0,0.261,272,SONIA VIHAR,2182.8114408628308,OpenAQ live network,2026-08-23 07:00:00,2026-08-26 07:00:00,72,108.7,133.99911
1152,28.758974,77.292308,1,1.331,265,SHIV VIHAR,3450.7624819309863,OpenAQ live network,2026-08-23 07:00:00,2026-08-26 07:00:00,72,43.7,48.549133
1153,28.758974,77.307692,1,2.823,265,SHIV VIHAR,4471.490127938892,OpenAQ live network,2026-08-23 07:00:00,2026-08-26 07:00:00,72,75.1,80.82787
1154,28.758974,77.323077,1,4.321,263,SABOLI,5638.345703522856,OpenAQ live network,2026-08-23 07:00:00,2026-08-26 07:00:00,72,81.0,85.95649
1155,28.758974,77.338462,1,5.82,264,HARSH VIHAR,5916.222695092609,OpenAQ live network,2026-08-23 07:00:00,2026-08-26 07:00:00,72,32.6,29.12591
1156,28.758974,77.353846,1,7.319,264,HARSH VIHAR,6395.0319672406185,OpenAQ live network,2026-08-23 07:00:00,2026-08-26 07:00:00,72,119.6,121.90651
1157,28.758974,77.369231,1,8.818,264,HARSH VIHAR,7254.539134683917,OpenAQ live network,2026-08-23 07:00:00,2026-08-26 07:00:00,72,102.9,94.93693
1158,28.758974,77.384615,1,10.317,264,HARSH VIHAR,8380.050734106839,OpenAQ live network,2026-08-23 07:00:00,2026-08-26 07:00:00,72,102.8,94.93693
1159,28.758974,77.4,1,11.387,264,HARSH VIHAR,9679.331500716851,OpenAQ live network,2026-08-23 07:00:00,2026-08-26 07:00:00,72,87.5,94.93693
1160,28.771795,76.8,1,16.655,28,BAWANA,16170.4035808703,OpenAQ live network,2026-08-23 07:00:00,2026-08-26 07:00:00,72,93.0,91.00437
1161,28.771795,76.815385,1,15.587,28,BAWANA,14499.662071444252,OpenAQ live network,2026-08-23 07:00:00,2026-08-26 07:00:00,72,92.6,91.00437
1162,28.771795,76.830769,1,14.595,28,BAWANA,12840.0759205031,OpenAQ live network,2026-08-23 07:00:00,2026-08-26 07:00:00,72,92.6,91.00437
1163,28.771795,76.846154,1,13.696,29,KARALA,11175.647872372734,OpenAQ live network,2026-08-23 07:00:00,2026-08-26 07:00:00,72,92.9,91.00437
1164,28.771795,76.861538,1,12.909,29,KARALA,9505.610217197753,OpenAQ live network,2026-08-23 07:00:00,2026-08-26 07:00:00,72,92.9,91.00437
1165,28.771795,76.876923,1,12.256,29,KARALA,7853.494590499925,OpenAQ live network,2026-08-23 07:00:00,2026-08-26 07:00:00,72,92.9,91.00437
1166,28.771795,76.892308,1,11.759,29,KARALA,6214.793812020929,OpenAQ live network,2026-08-23 07:00:00,2026-08-26 07:00:00,72,92.9,91.00437
1167,28.771795,76.907692,1,11.439,29,KARALA,4623.248609613516,OpenAQ live network,2026-08-23 07:00:00,2026-08-26 07:00:00,72,92.9,91.00437
1168,28.771795,76.923077,1,11.31,27,BEGUMPUR,2986.062374610944,OpenAQ live network,2026-08-23 07:00:00,2026-08-26 07:00:00,72,92.9,91.00437
1169,28.771795,76.938462,1,10.987,27,BEGUMPUR,1362.1994818691203,OpenAQ live network,2026-08-23 07:00:00,2026-08-26 07:00:00,72,92.3,88.25675
1170,28.771795,76.953846,1,9.489,27,BEGUMPUR,0.0,OpenAQ live network,2026-08-23 07:00:00,2026-08-26 07:00:00,72,92.3,88.25675
1171,28.771795,76.969231,1,7.992,27,BEGUMPUR,0.0,OpenAQ live network,2026-08-23 07:00:00,2026-08-26 07:00:00,72,102.6,106.50771
1172,28.771795,76.984615,1,6.496,27,BEGUMPUR,0.0,OpenAQ live network,2026-08-23 07:00:00,2026-08-26 07:00:00,72,59.7,21.425121
1173,28.771795,77.0,1,5.002,27,BEGUMPUR,0.0,OpenAQ live network,2026-08-23 07:00:00,2026-08-26 07:00:00,72,62.0,42.465588
1174,28.771795,77.015385,1,3.513,27,BEGUMPUR,0.0,OpenAQ live network,2026-08-23 07:00:00,2026-08-26 07:00:00,72,66.0,53.841885
1175,28.771795,77.030769,1,2.039,27,BEGUMPUR,0.0,OpenAQ live network,2026-08-23 07:00:00,2026-08-26 07:00:00,72,75.9,61.547997
1176,28.771795,77.046154,0,0.685,27,BEGUMPUR,0.0,OpenAQ live network,2026-08-23 07:00:00,2026-08-26 07:00:00,72,85.4,115.183464
1177,28.771795,77.061538,1,1.131,27,BEGUMPUR,0.0,OpenAQ live network,2026-08-23 07:00:00,2026-08-26 07:00:00,72,55.5,75.143265
1178,28.771795,77.076923,1,2.567,3,ALIPUR,0.0,OpenAQ live network,2026-08-23 07:00:00,2026-08-26 07:00:00,72,68.1,62.854374
1179,28.771795,77.092308,1,3.043,3,ALIPUR,0.0,OpenAQ live network,2026-08-23 07:00:00,2026-08-26 07:00:00,72,59.2,57.86526
1180,28.771795,77.107692,1,2.443,3,ALIPUR,0.0,OpenAQ live network,2026-08-23 07:00:00,2026-08-26 07:00:00,72,73.3,75.56364
1181,28.771795,77.123077,1,2.678,3,ALIPUR,0.0,OpenAQ live network,2026-08-23 07:00:00,2026-08-26 07:00:00,72,69.1,70.921486
1182,28.771795,77.138462,1,3.576,5,BHALASWA JAHAGIR PUR,0.0,OpenAQ live network,2026-08-23 07:00:00,2026-08-26 07:00:00,72,60.1,60.415394
1183,28.771795,77.153846,1,4.521,5,BHALASWA JAHAGIR PUR,0.0,OpenAQ live network,2026-08-23 07:00:00,2026-08-26 07:00:00,72,60.0,61.544693
1184,28.771795,77.169231,1,4.336,5,BHALASWA JAHAGIR PUR,0.0,OpenAQ live network,2026-08-23 07:00:00,2026-08-26 07:00:00,72,61.4,67.54723
1185,28.771795,77.184615,1,4.543,7,BURARI,0.0,OpenAQ live network,2026-08-23 07:00:00,2026-08-26 07:00:00,72,61.4,67.54723
1186,28.771795,77.2,1,5.132,7,BURARI,0.0,OpenAQ live network,2026-08-23 07:00:00,2026-08-26 07:00:00,72,33.8,21.74642
1187,28.771795,77.215385,1,5.315,7,BURARI,0.0,OpenAQ live network,2026-08-23 07:00:00,2026-08-26 07:00:00,72,33.8,21.74642
1188,28.771795,77.230769,1,4.951,8,JHARODA,420.0266087537199,OpenAQ live network,2026-08-23 07:00:00,2026-08-26 07:00:00,72,93.7,102.76122
1189,28.771795,77.246154,1,3.567,,,1752.542294984418,OpenAQ live network,2026-08-23 07:00:00,2026-08-26 07:00:00,72,59.7,60.11826
1190,28.771795,77.261538,1,2.33,272,SONIA VIHAR,2040.574324940687,OpenAQ live network,2026-08-23 07:00:00,2026-08-26 07:00:00,72,75.8,81.34721
1191,28.771795,77.276923,1,1.623,272,SONIA VIHAR,2969.8946347238275,OpenAQ live network,2026-08-23 07:00:00,2026-08-26 07:00:00,72,59.3,61.759567
1192,28.771795,77.292308,1,2.082,272,SONIA VIHAR,4398.061761554486,OpenAQ live network,2026-08-23 07:00:00,2026-08-26 07:00:00,72,59.4,58.33959
1193,28.771795,77.307692,1,3.246,271,KARAWAL NAGAR WEST,5752.249181996998,OpenAQ live network,2026-08-23 07:00:00,2026-08-26 07:00:00,72,60.1,57.67597
1194,28.771795,77.323077,1,4.608,265,SHIV VIHAR,6831.158383178327,OpenAQ live network,2026-08-23 07:00:00,2026-08-26 07:00:00,72,60.3,67.07473
1195,28.771795,77.338462,1,6.036,264,HARSH VIHAR,7515.008012494009,OpenAQ live network,2026-08-23 07:00:00,2026-08-26 07:00:00,72,32.6,29.12591
1196,28.771795,77.353846,1,7.491,264,HARSH VIHAR,7913.126206315382,OpenAQ live network,2026-08-23 07:00:00,2026-08-26 07:00:00,72,119.6,121.90651
1197,28.771795,77.369231,1,8.962,264,HARSH VIHAR,8622.613904826443,OpenAQ live network,2026-08-23 07:00:00,2026-08-26 07:00:00,72,102.9,94.93693
1198,28.771795,77.384615,1,10.44,264,HARSH VIHAR,9588.867649584616,OpenAQ live network,2026-08-23 07:00:00,2026-08-26 07:00:00,72,102.8,94.93693
1199,28.771795,77.4,1,11.924,264,HARSH VIHAR,10742.932132142294,OpenAQ live network,2026-08-23 07:00:00,2026-08-26 07:00:00,72,102.8,94.93693
1200,28.784615,76.8,1,17.654,28,BAWANA,15911.334108797888,OpenAQ live network,2026-08-23 07:00:00,2026-08-26 07:00:00,72,93.0,91.00437
1201,28.784615,76.815385,1,16.65,28,BAWANA,14210.165422670176,OpenAQ live network,2026-08-23 07:00:00,2026-08-26 07:00:00,72,93.0,91.00437
1202,28.784615,76.830769,1,15.725,28,BAWANA,12512.240039171864,OpenAQ live network,2026-08-23 07:00:00,2026-08-26 07:00:00,72,92.6,91.00437
1203,28.784615,76.846154,1,14.895,28,BAWANA,10818.812449420138,OpenAQ live network,2026-08-23 07:00:00,2026-08-26 07:00:00,72,92.6,91.00437
1204,28.784615,76.861538,1,14.175,28,BAWANA,9132.666286091366,OpenAQ live network,2026-08-23 07:00:00,2026-08-26 07:00:00,72,92.5,91.00437
1205,28.784615,76.876923,1,13.583,28,BAWANA,7458.448183828905,OpenAQ live network,2026-08-23 07:00:00,2026-08-26 07:00:00,72,92.9,91.00437
1206,28.784615,76.892308,1,13.136,28,BAWANA,5806.689907336403,OpenAQ live network,2026-08-23 07:00:00,2026-08-26 07:00:00,72,92.9,91.00437
1207,28.784615,76.907692,1,12.85,28,BAWANA,4204.050526000835,OpenAQ live network,2026-08-23 07:00:00,2026-08-26 07:00:00,72,92.9,91.00437
1208,28.784615,76.923077,1,12.51,28,BAWANA,2737.798932384733,OpenAQ live network,2026-08-23 07:00:00,2026-08-26 07:00:00,72,92.3,88.25675
1209,28.784615,76.938462,1,11.015,27,BEGUMPUR,1304.9242750934188,OpenAQ live network,2026-08-23 07:00:00,2026-08-26 07:00:00,72,92.3,88.25675
1210,28.784615,76.953846,1,9.522,27,BEGUMPUR,0.0,OpenAQ live network,2026-08-23 07:00:00,2026-08-26 07:00:00,72,92.3,88.25675
1211,28.784615,76.969231,1,8.031,27,BEGUMPUR,0.0,OpenAQ live network,2026-08-23 07:00:00,2026-08-26 07:00:00,72,102.6,106.50771
1212,28.784615,76.984615,1,6.544,27,BEGUMPUR,0.0,OpenAQ live network,2026-08-23 07:00:00,2026-08-26 07:00:00,72,62.8,21.425121
1213,28.784615,77.0,1,5.065,28,BAWANA,0.0,OpenAQ live network,2026-08-23 07:00:00,2026-08-26 07:00:00,72,62.5,21.425121
1214,28.784615,77.015385,1,3.602,28,BAWANA,0.0,OpenAQ live network,2026-08-23 07:00:00,2026-08-26 07:00:00,72,65.5,50.854195
1215,28.784615,77.030769,1,2.189,28,BAWANA,0.0,OpenAQ live network,2026-08-23 07:00:00,2026-08-26 07:00:00,72,79.6,75.973755
1216,28.784615,77.046154,1,1.051,28,BAWANA,0.0,OpenAQ live network,2026-08-23 07:00:00,2026-08-26 07:00:00,72,73.8,75.143265
1217,28.784615,77.061538,1,1.384,27,BEGUMPUR,0.0,OpenAQ live network,2026-08-23 07:00:00,2026-08-26 07:00:00,72,35.3,36.06446
1218,28.784615,77.076923,1,2.687,3,ALIPUR,0.0,OpenAQ live network,2026-08-23 07:00:00,2026-08-26 07:00:00,72,69.5,62.854374
1219,28.784615,77.092308,1,4.126,3,ALIPUR,0.0,OpenAQ live network,2026-08-23 07:00:00,2026-08-26 07:00:00,72,73.2,77.86972
1220,28.784615,77.107692,1,3.859,3,ALIPUR,0.0,OpenAQ live network,2026-08-23 07:00:00,2026-08-26 07:00:00,72,72.2,75.622856
1221,28.784615,77.123077,1,4.012,3,ALIPUR,0.0,OpenAQ live network,2026-08-23 07:00:00,2026-08-26 07:00:00,72,72.6,76.277405
1222,28.784615,77.138462,1,3.698,3,ALIPUR,0.0,OpenAQ live network,2026-08-23 07:00:00,2026-08-26 07:00:00,72,75.5,78.890686
1223,28.784615,77.153846,1,3.416,5,BHALASWA JAHAGIR PUR,0.0,OpenAQ live network,2026-08-23 07:00:00,2026-08-26 07:00:00,72,60.1,51.55934
1224,28.784615,77.169231,1,3.763,5,BHALASWA JAHAGIR PUR,0.0,OpenAQ live network,2026-08-23 07:00:00,2026-08-26 07:00:00,72,74.4,78.890686
1225,28.784615,77.184615,1,4.599,4,BAKHTAWAR PUR,0.0,OpenAQ live network,2026-08-23 07:00:00,2026-08-26 07:00:00,72,61.9,65.22217
1226,28.784615,77.2,1,5.712,7,BURARI,0.0,OpenAQ live network,2026-08-23 07:00:00,2026-08-26 07:00:00,72,25.5,25.975605
1227,28.784615,77.215385,1,6.702,7,BURARI,0.0,OpenAQ live network,2026-08-23 07:00:00,2026-08-26 07:00:00,72,33.8,121.90651
1228,28.784615,77.230769,1,5.58,7,BURARI,0.0,OpenAQ live network,2026-08-23 07:00:00,2026-08-26 07:00:00,72,32.6,29.12591
1229,28.784615,77.246154,1,4.399,7,BURARI,1513.5324394714503,OpenAQ live network,2026-08-23 07:00:00,2026-08-26 07:00:00,72,64.9,71.40705
1230,28.784615,77.261538,1,3.472,7,BURARI,3226.0696992161484,OpenAQ live network,2026-08-23 07:00:00,2026-08-26 07:00:00,72,60.1,57.67597
1231,28.784615,77.276923,1,3.043,272,SONIA VIHAR,4232.169732431213,OpenAQ live network,2026-08-23 07:00:00,2026-08-26 07:00:00,72,64.6,63.7768
1232,28.784615,77.292308,1,3.311,272,SONIA VIHAR,5332.34786573356,OpenAQ live network,2026-08-23 07:00:00,2026-08-26 07:00:00,72,60.1,57.67597
1233,28.784615,77.307692,1,4.143,272,SONIA VIHAR,6694.900561714026,OpenAQ live network,2026-08-23 07:00:00,2026-08-26 07:00:00,72,81.0,85.95649
1234,28.784615,77.323077,1,5.278,265,SHIV VIHAR,8081.593959687954,OpenAQ live network,2026-08-23 07:00:00,2026-08-26 07:00:00,72,32.6,29.12591
1235,28.784615,77.338462,1,6.562,264,HARSH VIHAR,9124.25486750766,OpenAQ live network,2026-08-23 07:00:00,2026-08-26 07:00:00,72,34.7,30.729136
1236,28.784615,77.353846,1,7.921,264,HARSH VIHAR,9467.932032185026,OpenAQ live network,2026-08-23 07:00:00,2026-08-26 07:00:00,72,119.6,121.90651
1237,28.784615,77.369231,1,9.324,264,HARSH VIHAR,10068.447802948893,OpenAQ live network,2026-08-23 07:00:00,2026-08-26 07:00:00,72,102.8,94.93693
1238,28.784615,77.384615,1,10.752,264,HARSH VIHAR,10907.36234890225,OpenAQ live network,2026-08-23 07:00:00,2026-08-26 07:00:00,72,102.8,94.93693
1239,28.784615,77.4,1,12.198,264,HARSH VIHAR,11934.603529435546,OpenAQ live network,2026-08-23 07:00:00,2026-08-26 07:00:00,72,102.8,94.93693
1240,28.797436,76.8,1,18.708,28,BAWANA,15816.487120720443,OpenAQ live network,2026-08-23 07:00:00,2026-08-26 07:00:00,72,93.0,91.00437
1241,28.797436,76.815385,1,17.764,28,BAWANA,14103.882907120706,OpenAQ live network,2026-08-23 07:00:00,2026-08-26 07:00:00,72,93.0,91.00437
1242,28.797436,76.830769,1,16.9,28,BAWANA,12391.40276627211,OpenAQ live network,2026-08-23 07:00:00,2026-08-26 07:00:00,72,93.0,91.00437
1243,28.797436,76.846154,1,16.13,28,BAWANA,10678.83020437392,OpenAQ live network,2026-08-23 07:00:00,2026-08-26 07:00:00,72,92.6,91.00437
1244,28.797436,76.861538,1,15.468,28,BAWANA,8966.398675679684,OpenAQ live network,2026-08-23 07:00:00,2026-08-26 07:00:00,72,92.6,91.00437
1245,28.797436,76.876923,1,14.927,28,BAWANA,7253.906604649749,OpenAQ live network,2026-08-23 07:00:00,2026-08-26 07:00:00,72,92.6,91.00437
1246,28.797436,76.892308,1,14.522,28,BAWANA,5541.51237462148,OpenAQ live network,2026-08-23 07:00:00,2026-08-26 07:00:00,72,92.6,91.00437
1247,28.797436,76.907692,1,14.171,28,BAWANA,3829.45851828799,OpenAQ live network,2026-08-23 07:00:00,2026-08-26 07:00:00,72,91.9,88.25675
1248,28.797436,76.923077,1,12.695,28,BAWANA,2118.078070394842,OpenAQ live network,2026-08-23 07:00:00,2026-08-26 07:00:00,72,92.3,88.25675
1249,28.797436,76.938462,1,11.226,28,BAWANA,417.2522409986464,OpenAQ live network,2026-08-23 07:00:00,2026-08-26 07:00:00,72,92.3,88.25675
1250,28.797436,76.953846,1,9.765,28,BAWANA,0.0,OpenAQ live network,2026-08-23 07:00:00,2026-08-26 07:00:00,72,92.3,88.25675
1251,28.797436,76.969231,1,8.318,28,BAWANA,0.0,OpenAQ live network,2026-08-23 07:00:00,2026-08-26 07:00:00,72,105.2,106.50771
1252,28.797436,76.984615,1,6.894,28,BAWANA,0.0,OpenAQ live network,2026-08-23 07:00:00,2026-08-26 07:00:00,72,104.7,106.50771
1253,28.797436,77.0,1,5.509,28,BAWANA,0.0,OpenAQ live network,2026-08-23 07:00:00,2026-08-26 07:00:00,72,62.8,21.425121
1254,28.797436,77.015385,1,4.204,28,BAWANA,0.0,OpenAQ live network,2026-08-23 07:00:00,2026-08-26 07:00:00,72,75.7,77.86972
1255,28.797436,77.030769,1,3.081,28,BAWANA,0.0,OpenAQ live network,2026-08-23 07:00:00,2026-08-26 07:00:00,72,68.9,49.689255
1256,28.797436,77.046154,1,2.41,28,BAWANA,0.0,OpenAQ live network,2026-08-23 07:00:00,2026-08-26 07:00:00,72,60.4,69.75114
1257,28.797436,77.061538,1,2.572,28,BAWANA,0.0,OpenAQ live network,2026-08-23 07:00:00,2026-08-26 07:00:00,72,61.7,62.854374
1258,28.797436,77.076923,1,3.453,3,ALIPUR,0.0,OpenAQ live network,2026-08-23 07:00:00,2026-08-26 07:00:00,72,61.8,53.841885
1259,28.797436,77.092308,1,2.977,3,ALIPUR,0.0,OpenAQ live network,2026-08-23 07:00:00,2026-08-26 07:00:00,72,60.0,59.5749
1260,28.797436,77.107692,1,2.879,3,ALIPUR,0.0,OpenAQ live network,2026-08-23 07:00:00,2026-08-26 07:00:00,72,59.8,59.5749
1261,28.797436,77.123077,1,3.493,3,ALIPUR,0.0,OpenAQ live network,2026-08-23 07:00:00,2026-08-26 07:00:00,72,58.1,60.127438
1262,28.797436,77.138462,1,2.443,3,ALIPUR,0.0,OpenAQ live network,2026-08-23 07:00:00,2026-08-26 07:00:00,72,82.7,84.1636
1263,28.797436,77.153846,1,1.991,3,ALIPUR,0.0,OpenAQ live network,2026-08-23 07:00:00,2026-08-26 07:00:00,72,71.2,72.1858
1264,28.797436,77.169231,1,2.541,4,BAKHTAWAR PUR,0.0,OpenAQ live network,2026-08-23 07:00:00,2026-08-26 07:00:00,72,77.3,77.26685
1265,28.797436,77.184615,1,3.666,4,BAKHTAWAR PUR,0.0,OpenAQ live network,2026-08-23 07:00:00,2026-08-26 07:00:00,72,79.4,78.890686
1266,28.797436,77.2,1,4.992,4,BAKHTAWAR PUR,0.0,OpenAQ live network,2026-08-23 07:00:00,2026-08-26 07:00:00,72,50.6,48.46211
1267,28.797436,77.215385,1,6.395,4,BAKHTAWAR PUR,832.1238117583605,OpenAQ live network,2026-08-23 07:00:00,2026-08-26 07:00:00,72,27.3,25.975605
1268,28.797436,77.230769,1,6.468,7,BURARI,1402.0850643613994,OpenAQ live network,2026-08-23 07:00:00,2026-08-26 07:00:00,72,32.6,29.12591
1269,28.797436,77.246154,1,5.481,7,BURARI,2220.932484557268,OpenAQ live network,2026-08-23 07:00:00,2026-08-26 07:00:00,72,32.6,29.12591
1270,28.797436,77.261538,1,4.77,7,BURARI,3612.379597969999,OpenAQ live network,2026-08-23 07:00:00,2026-08-26 07:00:00,72,60.3,67.07473
1271,28.797436,77.276923,1,4.467,7,BURARI,5199.299099704346,OpenAQ live network,2026-08-23 07:00:00,2026-08-26 07:00:00,72,64.9,71.40705
1272,28.797436,77.292308,1,4.654,272,SONIA VIHAR,6544.503642498688,OpenAQ live network,2026-08-23 07:00:00,2026-08-26 07:00:00,72,60.3,67.07473
1273,28.797436,77.307692,1,5.278,272,SONIA VIHAR,7695.341948004917,OpenAQ live network,2026-08-23 07:00:00,2026-08-26 07:00:00,72,32.6,29.12591
1274,28.797436,77.323077,1,6.209,272,SONIA VIHAR,9026.254185081842,OpenAQ live network,2026-08-23 07:00:00,2026-08-26 07:00:00,72,32.6,29.12591
1275,28.797436,77.338462,1,7.331,265,SHIV VIHAR,10415.056850211373,OpenAQ live network,2026-08-23 07:00:00,2026-08-26 07:00:00,72,119.6,121.90651
1276,28.797436,77.353846,1,8.569,264,HARSH VIHAR,11044.234649930564,OpenAQ live network,2026-08-23 07:00:00,2026-08-26 07:00:00,72,105.0,95.95478
1277,28.797436,77.369231,1,9.88,264,HARSH VIHAR,11563.175307732645,OpenAQ live network,2026-08-23 07:00:00,2026-08-26 07:00:00,72,102.8,94.93693
1278,28.797436,77.384615,1,11.238,264,HARSH VIHAR,12300.566468537212,OpenAQ live network,2026-08-23 07:00:00,2026-08-26 07:00:00,72,102.8,94.93693
1279,28.797436,77.4,1,12.628,264,HARSH VIHAR,13219.990296572349,OpenAQ live network,2026-08-23 07:00:00,2026-08-26 07:00:00,72,102.8,94.93693
1280,28.810256,76.8,1,19.808,28,BAWANA,15888.880162910147,OpenAQ live network,2026-08-23 07:00:00,2026-08-26 07:00:00,72,93.0,91.00437
1281,28.810256,76.815385,1,18.919,28,BAWANA,14185.01889491782,OpenAQ live network,2026-08-23 07:00:00,2026-08-26 07:00:00,72,93.0,91.00437
1282,28.810256,76.830769,1,18.111,28,BAWANA,12483.673758448673,OpenAQ live network,2026-08-23 07:00:00,2026-08-26 07:00:00,72,93.0,91.00437
1283,28.810256,76.846154,1,17.395,28,BAWANA,10785.762028028092,OpenAQ live network,2026-08-23 07:00:00,2026-08-26 07:00:00,72,93.0,91.00437
1284,28.810256,76.861538,1,16.782,28,BAWANA,9093.48960535142,OpenAQ live network,2026-08-23 07:00:00,2026-08-26 07:00:00,72,93.0,91.00437
1285,28.810256,76.876923,1,16.286,28,BAWANA,7410.425697649574,OpenAQ live network,2026-08-23 07:00:00,2026-08-26 07:00:00,72,93.0,91.00437
1286,28.810256,76.892308,1,15.915,28,BAWANA,5744.876620910751,OpenAQ live network,2026-08-23 07:00:00,2026-08-26 07:00:00,72,92.6,91.00437
1287,28.810256,76.907692,1,14.476,28,BAWANA,4117.621206821911,OpenAQ live network,2026-08-23 07:00:00,2026-08-26 07:00:00,72,92.0,88.25675
1288,28.810256,76.923077,1,13.035,28,BAWANA,2527.8131077928247,OpenAQ live network,2026-08-23 07:00:00,2026-08-26 07:00:00,72,92.3,88.25675
1289,28.810256,76.938462,1,11.609,28,BAWANA,817.5974212370461,OpenAQ live network,2026-08-23 07:00:00,2026-08-26 07:00:00,72,92.3,88.25675
1290,28.810256,76.953846,1,10.203,28,BAWANA,0.0,OpenAQ live network,2026-08-23 07:00:00,2026-08-26 07:00:00,72,95.1,88.25675
1291,28.810256,76.969231,1,8.829,28,BAWANA,0.0,OpenAQ live network,2026-08-23 07:00:00,2026-08-26 07:00:00,72,95.2,88.25675
1292,28.810256,76.984615,1,7.502,28,BAWANA,0.0,OpenAQ live network,2026-08-23 07:00:00,2026-08-26 07:00:00,72,104.7,106.50771
1293,28.810256,77.0,1,6.254,28,BAWANA,0.0,OpenAQ live network,2026-08-23 07:00:00,2026-08-26 07:00:00,72,62.8,21.425121
1294,28.810256,77.015385,1,5.142,28,BAWANA,0.0,OpenAQ live network,2026-08-23 07:00:00,2026-08-26 07:00:00,72,62.6,21.425121
1295,28.810256,77.030769,1,4.273,28,BAWANA,0.0,OpenAQ live network,2026-08-23 07:00:00,2026-08-26 07:00:00,72,79.5,77.86972
1296,28.810256,77.046154,1,3.817,28,BAWANA,0.0,OpenAQ live network,2026-08-23 07:00:00,2026-08-26 07:00:00,72,62.6,74.0326
1297,28.810256,77.061538,1,3.922,3,ALIPUR,0.0,OpenAQ live network,2026-08-23 07:00:00,2026-08-26 07:00:00,72,76.1,74.0326
1298,28.810256,77.076923,1,2.814,3,ALIPUR,0.0,OpenAQ live network,2026-08-23 07:00:00,2026-08-26 07:00:00,72,70.1,72.18519
1299,28.810256,77.092308,1,1.687,3,ALIPUR,0.0,OpenAQ live network,2026-08-23 07:00:00,2026-08-26 07:00:00,72,57.5,59.79714
1300,28.810256,77.107692,1,1.505,3,ALIPUR,0.0,OpenAQ live network,2026-08-23 07:00:00,2026-08-26 07:00:00,72,43.4,40.510593
1301,28.810256,77.123077,1,2.486,3,ALIPUR,0.0,OpenAQ live network,2026-08-23 07:00:00,2026-08-26 07:00:00,72,69.8,72.18519
1302,28.810256,77.138462,1,1.526,4,BAKHTAWAR PUR,0.0,OpenAQ live network,2026-08-23 07:00:00,2026-08-26 07:00:00,72,41.7,43.04143
1303,28.810256,77.153846,0,0.57,4,BAKHTAWAR PUR,0.0,OpenAQ live network,2026-08-23 07:00:00,2026-08-26 07:00:00,72,99.8,115.063835
1304,28.810256,77.169231,1,1.678,4,BAKHTAWAR PUR,0.0,OpenAQ live network,2026-08-23 07:00:00,2026-08-26 07:00:00,72,59.2,59.678696
1305,28.810256,77.184615,1,3.13,4,BAKHTAWAR PUR,0.0,OpenAQ live network,2026-08-23 07:00:00,2026-08-26 07:00:00,72,70.4,65.94518
1306,28.810256,77.2,1,4.613,4,BAKHTAWAR PUR,23.03044689278691,OpenAQ live network,2026-08-23 07:00:00,2026-08-26 07:00:00,72,62.2,65.22217
1307,28.810256,77.215385,1,6.103,4,BAKHTAWAR PUR,0.0,OpenAQ live network,2026-08-23 07:00:00,2026-08-26 07:00:00,72,27.3,25.975605
1308,28.810256,77.230769,1,7.522,4,BAKHTAWAR PUR,1317.8820949256765,OpenAQ live network,2026-08-23 07:00:00,2026-08-26 07:00:00,72,119.6,121.90651
1309,28.810256,77.246154,1,6.693,4,BAKHTAWAR PUR,2962.021706388579,OpenAQ live network,2026-08-23 07:00:00,2026-08-26 07:00:00,72,34.8,30.729136
1310,28.810256,77.261538,1,6.124,4,BAKHTAWAR PUR,4545.357542940646,OpenAQ live network,2026-08-23 07:00:00,2026-08-26 07:00:00,72,32.6,29.12591
1311,28.810256,77.276923,1,5.892,7,BURARI,5914.326872919186,OpenAQ live network,2026-08-23 07:00:00,2026-08-26 07:00:00,72,32.6,29.12591
1312,28.810256,77.292308,1,6.035,7,BURARI,7404.662698559121,OpenAQ live network,2026-08-23 07:00:00,2026-08-26 07:00:00,72,32.6,29.12591
1313,28.810256,77.307692,1,6.528,272,SONIA VIHAR,8883.704262127167,OpenAQ live network,2026-08-23 07:00:00,2026-08-26 07:00:00,72,32.6,29.12591
1314,28.810256,77.323077,1,7.301,272,SONIA VIHAR,10058.587293150054,OpenAQ live network,2026-08-23 07:00:00,2026-08-26 07:00:00,72,119.6,121.90651
1315,28.810256,77.338462,1,8.276,272,SONIA VIHAR,11370.861788020044,OpenAQ live network,2026-08-23 07:00:00,2026-08-26 07:00:00,72,118.9,121.90651
1316,28.810256,77.353846,1,9.391,264,HARSH VIHAR,12633.868281995166,OpenAQ live network,2026-08-23 07:00:00,2026-08-26 07:00:00,72,102.8,94.93693
1317,28.810256,77.369231,1,10.6,264,HARSH VIHAR,13089.940105341757,OpenAQ live network,2026-08-23 07:00:00,2026-08-26 07:00:00,72,102.8,94.93693
1318,28.810256,77.384615,1,11.876,264,HARSH VIHAR,13745.670016808152,OpenAQ live network,2026-08-23 07:00:00,2026-08-26 07:00:00,72,102.8,94.93693
1319,28.810256,77.4,1,13.199,264,HARSH VIHAR,14574.211889688704,OpenAQ live network,2026-08-23 07:00:00,2026-08-26 07:00:00,72,102.8,94.93693
1320,28.823077,76.8,1,20.948,28,BAWANA,16126.332924608125,OpenAQ live network,2026-08-23 07:00:00,2026-08-26 07:00:00,72,93.0,91.00437
1321,28.823077,76.815385,1,20.109,28,BAWANA,14450.49694000715,OpenAQ live network,2026-08-23 07:00:00,2026-08-26 07:00:00,72,93.0,91.00437
1322,28.823077,76.830769,1,19.351,28,BAWANA,12784.530154501592,OpenAQ live network,2026-08-23 07:00:00,2026-08-26 07:00:00,72,93.0,91.00437
1323,28.823077,76.846154,1,18.683,28,BAWANA,11132.599125506727,OpenAQ live network,2026-08-23 07:00:00,2026-08-26 07:00:00,72,93.0,91.00437
1324,28.823077,76.861538,1,18.114,28,BAWANA,9502.297299422638,OpenAQ live network,2026-08-23 07:00:00,2026-08-26 07:00:00,72,93.0,91.00437
1325,28.823077,76.876923,1,17.655,28,BAWANA,7840.014791538322,OpenAQ live network,2026-08-23 07:00:00,2026-08-26 07:00:00,72,93.0,91.00437
1326,28.823077,76.892308,1,16.325,28,BAWANA,6175.235240806585,OpenAQ live network,2026-08-23 07:00:00,2026-08-26 07:00:00,72,92.4,88.25675
1327,28.823077,76.907692,1,14.912,28,BAWANA,4539.668442958497,OpenAQ live network,2026-08-23 07:00:00,2026-08-26 07:00:00,72,92.0,88.25675
1328,28.823077,76.923077,1,13.518,28,BAWANA,2960.4077369793126,OpenAQ live network,2026-08-23 07:00:00,2026-08-26 07:00:00,72,92.3,88.25675
1329,28.823077,76.938462,1,12.148,28,BAWANA,1484.3101872727027,OpenAQ live network,2026-08-23 07:00:00,2026-08-26 07:00:00,72,95.1,88.25675
1330,28.823077,76.953846,1,10.813,28,BAWANA,689.8599109778314,OpenAQ live network,2026-08-23 07:00:00,2026-08-26 07:00:00,72,95.1,88.25675
1331,28.823077,76.969231,1,9.527,28,BAWANA,0.0,OpenAQ live network,2026-08-23 07:00:00,2026-08-26 07:00:00,72,95.1,88.25675
1332,28.823077,76.984615,1,8.313,28,BAWANA,0.0,OpenAQ live network,2026-08-23 07:00:00,2026-08-26 07:00:00,72,104.5,106.50771
1333,28.823077,77.0,1,7.207,28,BAWANA,0.0,OpenAQ live network,2026-08-23 07:00:00,2026-08-26 07:00:00,72,104.4,106.50771
1334,28.823077,77.015385,1,6.266,28,BAWANA,0.0,OpenAQ live network,2026-08-23 07:00:00,2026-08-26 07:00:00,72,62.8,21.425121
1335,28.823077,77.030769,1,5.575,28,BAWANA,0.0,OpenAQ live network,2026-08-23 07:00:00,2026-08-26 07:00:00,72,67.0,21.425121
1336,28.823077,77.046154,1,5.234,28,BAWANA,0.0,OpenAQ live network,2026-08-23 07:00:00,2026-08-26 07:00:00,72,24.6,21.425121
1337,28.823077,77.061538,1,3.94,3,ALIPUR,0.0,OpenAQ live network,2026-08-23 07:00:00,2026-08-26 07:00:00,72,72.0,77.78571
1338,28.823077,77.076923,1,2.441,3,ALIPUR,0.0,OpenAQ live network,2026-08-23 07:00:00,2026-08-26 07:00:00,72,74.3,78.79954
1339,28.823077,77.092308,1,0.943,3,ALIPUR,0.0,OpenAQ live network,2026-08-23 07:00:00,2026-08-26 07:00:00,72,56.6,53.69362
1340,28.823077,77.107692,0,0.557,1,NARELA,0.0,OpenAQ live network,2026-08-23 07:00:00,2026-08-26 07:00:00,72,99.1,102.17379
1341,28.823077,77.123077,1,2.055,4,BAKHTAWAR PUR,0.0,OpenAQ live network,2026-08-23 07:00:00,2026-08-26 07:00:00,72,67.1,66.12173
1342,28.823077,77.138462,1,1.659,4,BAKHTAWAR PUR,0.0,OpenAQ live network,2026-08-23 07:00:00,2026-08-26 07:00:00,72,59.4,59.678696
1343,28.823077,77.153846,1,0.865,4,BAKHTAWAR PUR,0.0,OpenAQ live network,2026-08-23 07:00:00,2026-08-26 07:00:00,72,93.6,104.93815
1344,28.823077,77.169231,1,1.8,4,BAKHTAWAR PUR,0.0,OpenAQ live network,2026-08-23 07:00:00,2026-08-26 07:00:00,72,71.2,72.1858
1345,28.823077,77.184615,1,3.197,4,BAKHTAWAR PUR,0.0,OpenAQ live network,2026-08-23 07:00:00,2026-08-26 07:00:00,72,61.5,51.55934
1346,28.823077,77.2,1,4.658,4,BAKHTAWAR PUR,0.0,OpenAQ live network,2026-08-23 07:00:00,2026-08-26 07:00:00,72,62.2,65.22217
1347,28.823077,77.215385,1,6.138,4,BAKHTAWAR PUR,0.0,OpenAQ live network,2026-08-23 07:00:00,2026-08-26 07:00:00,72,27.3,25.975605
1348,28.823077,77.230769,1,7.624,4,BAKHTAWAR PUR,777.6769024713352,OpenAQ live network,2026-08-23 07:00:00,2026-08-26 07:00:00,72,114.4,123.69561
1349,28.823077,77.246154,1,7.976,4,BAKHTAWAR PUR,2471.137442299169,OpenAQ live network,2026-08-23 07:00:00,2026-08-26 07:00:00,72,119.5,121.90651
1350,28.823077,77.261538,1,7.505,4,BAKHTAWAR PUR,4180.15126639659,OpenAQ live network,2026-08-23 07:00:00,2026-08-26 07:00:00,72,119.6,121.90651
1351,28.823077,77.276923,1,7.317,4,BAKHTAWAR PUR,5891.32410881089,OpenAQ live network,2026-08-23 07:00:00,2026-08-26 07:00:00,72,119.6,121.90651
1352,28.823077,77.292308,1,7.432,4,BAKHTAWAR PUR,7603.162332312894,OpenAQ live network,2026-08-23 07:00:00,2026-08-26 07:00:00,72,119.6,121.90651
1353,28.823077,77.307692,1,7.838,4,BAKHTAWAR PUR,9315.187827979658,OpenAQ live network,2026-08-23 07:00:00,2026-08-26 07:00:00,72,119.6,121.90651
1354,28.823077,77.323077,1,8.493,4,BAKHTAWAR PUR,11027.484108665443,OpenAQ live network,2026-08-23 07:00:00,2026-08-26 07:00:00,72,105.1,95.95478
1355,28.823077,77.338462,1,9.344,272,SONIA VIHAR,12422.107893734488,OpenAQ live network,2026-08-23 07:00:00,2026-08-26 07:00:00,72,102.8,94.93693
1356,28.823077,77.353846,1,10.344,272,SONIA VIHAR,13722.027064592528,OpenAQ live network,2026-08-23 07:00:00,2026-08-26 07:00:00,72,102.8,94.93693
1357,28.823077,77.369231,1,11.453,264,HARSH VIHAR,14638.98906063405,OpenAQ live network,2026-08-23 07:00:00,2026-08-26 07:00:00,72,102.8,94.93693
1358,28.823077,77.384615,1,12.643,264,HARSH VIHAR,15228.161838084972,OpenAQ live network,2026-08-23 07:00:00,2026-08-26 07:00:00,72,102.8,94.93693
1359,28.823077,77.4,1,13.893,264,HARSH VIHAR,15980.022558227896,OpenAQ live network,2026-08-23 07:00:00,2026-08-26 07:00:00,72,102.8,94.93693
1360,28.835897,76.8,1,22.121,28,BAWANA,16521.753581823483,OpenAQ live network,2026-08-23 07:00:00,2026-08-26 07:00:00,72,93.0,91.00437
1361,28.835897,76.815385,1,21.328,28,BAWANA,14880.383081800212,OpenAQ live network,2026-08-23 07:00:00,2026-08-26 07:00:00,72,93.0,91.00437
1362,28.835897,76.830769,1,20.615,28,BAWANA,13214.830399713075,OpenAQ live network,2026-08-23 07:00:00,2026-08-26 07:00:00,72,93.0,91.00437
1363,28.835897,76.846154,1,19.989,28,BAWANA,11562.905970806458,OpenAQ live network,2026-08-23 07:00:00,2026-08-26 07:00:00,72,93.0,91.00437
1364,28.835897,76.861538,1,19.459,28,BAWANA,9928.019971736809,OpenAQ live network,2026-08-23 07:00:00,2026-08-26 07:00:00,72,93.0,91.00437
1365,28.835897,76.876923,1,18.221,28,BAWANA,8321.892900545517,OpenAQ live network,2026-08-23 07:00:00,2026-08-26 07:00:00,72,92.4,88.25675
1366,28.835897,76.892308,1,16.833,28,BAWANA,6752.994213015574,OpenAQ live network,2026-08-23 07:00:00,2026-08-26 07:00:00,72,92.4,88.25675
1367,28.835897,76.907692,1,15.467,28,BAWANA,5247.390072945181,OpenAQ live network,2026-08-23 07:00:00,2026-08-26 07:00:00,72,92.0,88.25675
1368,28.835897,76.923077,1,14.128,28,BAWANA,3843.668263908628,OpenAQ live network,2026-08-23 07:00:00,2026-08-26 07:00:00,72,95.1,88.25675
1369,28.835897,76.938462,1,12.824,28,BAWANA,2657.1421979397383,OpenAQ live network,2026-08-23 07:00:00,2026-08-26 07:00:00,72,95.1,88.25675
1370,28.835897,76.953846,1,11.568,28,BAWANA,1689.7521275818513,OpenAQ live network,2026-08-23 07:00:00,2026-08-26 07:00:00,72,95.1,88.25675
1371,28.835897,76.969231,1,10.376,28,BAWANA,988.9509455675392,OpenAQ live network,2026-08-23 07:00:00,2026-08-26 07:00:00,72,94.4,88.25675
1372,28.835897,76.984615,1,9.273,28,BAWANA,335.6046709860727,OpenAQ live network,2026-08-23 07:00:00,2026-08-26 07:00:00,72,94.4,88.25675
1373,28.835897,77.0,1,8.296,28,BAWANA,0.0,OpenAQ live network,2026-08-23 07:00:00,2026-08-26 07:00:00,72,104.5,106.50771
1374,28.835897,77.015385,1,7.494,28,BAWANA,0.0,OpenAQ live network,2026-08-23 07:00:00,2026-08-26 07:00:00,72,104.5,106.50771
1375,28.835897,77.030769,1,6.927,28,BAWANA,8.771866671881982,OpenAQ live network,2026-08-23 07:00:00,2026-08-26 07:00:00,72,109.6,106.50771
1376,28.835897,77.046154,1,5.629,2,BANKNER,0.0,OpenAQ live network,2026-08-23 07:00:00,2026-08-26 07:00:00,72,33.3,37.39194
1377,28.835897,77.061538,1,4.199,2,BANKNER,0.0,OpenAQ live network,2026-08-23 07:00:00,2026-08-26 07:00:00,72,72.4,78.44026
1378,28.835897,77.076923,1,2.84,2,BANKNER,0.0,OpenAQ live network,2026-08-23 07:00:00,2026-08-26 07:00:00,72,98.0,102.59876
1379,28.835897,77.092308,1,1.731,1,NARELA,0.0,OpenAQ live network,2026-08-23 07:00:00,2026-08-26 07:00:00,72,53.1,52.46136
1380,28.835897,77.107692,1,1.555,1,NARELA,0.0,OpenAQ live network,2026-08-23 07:00:00,2026-08-26 07:00:00,72,44.9,40.510593
1381,28.835897,77.123077,1,2.516,4,BAKHTAWAR PUR,0.0,OpenAQ live network,2026-08-23 07:00:00,2026-08-26 07:00:00,72,69.9,72.18519
1382,28.835897,77.138462,1,2.691,4,BAKHTAWAR PUR,0.0,OpenAQ live network,2026-08-23 07:00:00,2026-08-26 07:00:00,72,77.3,77.26685
1383,28.835897,77.153846,1,2.289,4,BAKHTAWAR PUR,0.0,OpenAQ live network,2026-08-23 07:00:00,2026-08-26 07:00:00,72,75.2,78.249504
1384,28.835897,77.169231,1,2.78,4,BAKHTAWAR PUR,0.0,OpenAQ live network,2026-08-23 07:00:00,2026-08-26 07:00:00,72,75.7,77.26685
1385,28.835897,77.184615,1,3.835,4,BAKHTAWAR PUR,0.0,OpenAQ live network,2026-08-23 07:00:00,2026-08-26 07:00:00,72,75.7,78.890686
1386,28.835897,77.2,1,5.117,4,BAKHTAWAR PUR,0.0,OpenAQ live network,2026-08-23 07:00:00,2026-08-26 07:00:00,72,26.6,25.975605
1387,28.835897,77.215385,1,6.493,4,BAKHTAWAR PUR,0.0,OpenAQ live network,2026-08-23 07:00:00,2026-08-26 07:00:00,72,27.3,25.975605
1388,28.835897,77.230769,1,7.913,4,BAKHTAWAR PUR,1101.3977215941395,OpenAQ live network,2026-08-23 07:00:00,2026-08-26 07:00:00,72,114.4,123.69561
1389,28.835897,77.246154,1,9.301,4,BAKHTAWAR PUR,2661.042091542436,OpenAQ live network,2026-08-23 07:00:00,2026-08-26 07:00:00,72,102.8,94.93693
1390,28.835897,77.261538,1,8.9,4,BAKHTAWAR PUR,4307.982517014007,OpenAQ live network,2026-08-23 07:00:00,2026-08-26 07:00:00,72,102.9,94.93693
1391,28.835897,77.276923,1,8.742,4,BAKHTAWAR PUR,5984.707644526239,OpenAQ live network,2026-08-23 07:00:00,2026-08-26 07:00:00,72,102.9,94.93693
1392,28.835897,77.292308,1,8.839,4,BAKHTAWAR PUR,7677.309448325573,OpenAQ live network,2026-08-23 07:00:00,2026-08-26 07:00:00,72,102.9,94.93693
1393,28.835897,77.307692,1,9.183,4,BAKHTAWAR PUR,9377.083912622824,OpenAQ live network,2026-08-23 07:00:00,2026-08-26 07:00:00,72,102.8,94.93693
1394,28.835897,77.323077,1,9.748,4,BAKHTAWAR PUR,11080.900743132364,OpenAQ live network,2026-08-23 07:00:00,2026-08-26 07:00:00,72,102.8,94.93693
1395,28.835897,77.338462,1,10.498,4,BAKHTAWAR PUR,12787.077946321351,OpenAQ live network,2026-08-23 07:00:00,2026-08-26 07:00:00,72,102.8,94.93693
1396,28.835897,77.353846,1,11.397,4,BAKHTAWAR PUR,14494.67099357859,OpenAQ live network,2026-08-23 07:00:00,2026-08-26 07:00:00,72,102.8,94.93693
1397,28.835897,77.369231,1,12.412,272,SONIA VIHAR,16076.950256663613,OpenAQ live network,2026-08-23 07:00:00,2026-08-26 07:00:00,72,102.8,94.93693
1398,28.835897,77.384615,1,13.518,264,HARSH VIHAR,16737.96894006578,OpenAQ live network,2026-08-23 07:00:00,2026-08-26 07:00:00,72,102.8,94.93693
1399,28.835897,77.4,1,14.693,264,HARSH VIHAR,17424.804510615657,OpenAQ live network,2026-08-23 07:00:00,2026-08-26 07:00:00,72,102.9,94.93693
1400,28.848718,76.8,1,23.322,28,BAWANA,16952.093205913432,OpenAQ live network,2026-08-23 07:00:00,2026-08-26 07:00:00,72,93.0,91.00437
1401,28.848718,76.815385,1,22.572,28,BAWANA,15317.462791624012,OpenAQ live network,2026-08-23 07:00:00,2026-08-26 07:00:00,72,93.0,91.00437
1402,28.848718,76.830769,1,21.899,28,BAWANA,13701.006555887196,OpenAQ live network,2026-08-23 07:00:00,2026-08-26 07:00:00,72,93.0,91.00437
1403,28.848718,76.846154,1,21.311,28,BAWANA,12110.887570014527,OpenAQ live network,2026-08-23 07:00:00,2026-08-26 07:00:00,72,93.0,91.00437
1404,28.848718,76.861538,1,20.15,28,BAWANA,10545.910992208905,OpenAQ live network,2026-08-23 07:00:00,2026-08-26 07:00:00,72,92.4,88.25675
1405,28.848718,76.876923,1,18.786,28,BAWANA,9023.011774629582,OpenAQ live network,2026-08-23 07:00:00,2026-08-26 07:00:00,72,92.4,88.25675
1406,28.848718,76.892308,1,17.444,28,BAWANA,7562.510579794229,OpenAQ live network,2026-08-23 07:00:00,2026-08-26 07:00:00,72,92.4,88.25675
1407,28.848718,76.907692,1,16.13,28,BAWANA,6198.799815653738,OpenAQ live network,2026-08-23 07:00:00,2026-08-26 07:00:00,72,95.2,88.25675
1408,28.848718,76.923077,1,14.851,28,BAWANA,4981.068602482169,OpenAQ live network,2026-08-23 07:00:00,2026-08-26 07:00:00,72,95.2,88.25675
1409,28.848718,76.938462,1,13.616,28,BAWANA,4048.2711985023466,OpenAQ live network,2026-08-23 07:00:00,2026-08-26 07:00:00,72,95.1,88.25675
1410,28.848718,76.953846,1,12.44,28,BAWANA,2971.423718880674,OpenAQ live network,2026-08-23 07:00:00,2026-08-26 07:00:00,72,94.4,88.25675
1411,28.848718,76.969231,1,11.34,28,BAWANA,2598.297219911418,OpenAQ live network,2026-08-23 07:00:00,2026-08-26 07:00:00,72,94.4,88.25675
1412,28.848718,76.984615,1,10.342,28,BAWANA,1517.541951519754,OpenAQ live network,2026-08-23 07:00:00,2026-08-26 07:00:00,72,94.4,88.25675
1413,28.848718,77.0,1,9.475,28,BAWANA,1209.1498697693412,OpenAQ live network,2026-08-23 07:00:00,2026-08-26 07:00:00,72,94.4,88.25675
1414,28.848718,77.015385,1,8.781,28,BAWANA,1077.9185548395149,OpenAQ live network,2026-08-23 07:00:00,2026-08-26 07:00:00,72,94.5,88.25675
1415,28.848718,77.030769,1,7.51,28,BAWANA,1464.802628386708,OpenAQ live network,2026-08-23 07:00:00,2026-08-26 07:00:00,72,111.6,112.9693
1416,28.848718,77.046154,1,6.153,2,BANKNER,67.88350489475093,OpenAQ live network,2026-08-23 07:00:00,2026-08-26 07:00:00,72,38.0,37.39194
1417,28.848718,77.061538,1,4.879,2,BANKNER,0.0,OpenAQ live network,2026-08-23 07:00:00,2026-08-26 07:00:00,72,62.1,61.129562
1418,28.848718,77.076923,1,3.774,2,BANKNER,0.0,OpenAQ live network,2026-08-23 07:00:00,2026-08-26 07:00:00,72,80.0,77.78571
1419,28.848718,77.092308,1,3.028,1,NARELA,0.0,OpenAQ live network,2026-08-23 07:00:00,2026-08-26 07:00:00,72,64.6,59.5749
1420,28.848718,77.107692,1,2.931,1,NARELA,0.0,OpenAQ live network,2026-08-23 07:00:00,2026-08-26 07:00:00,72,58.6,59.5749
1421,28.848718,77.123077,1,3.536,1,NARELA,0.0,OpenAQ live network,2026-08-23 07:00:00,2026-08-26 07:00:00,72,58.9,60.127438
1422,28.848718,77.138462,1,3.974,1,NARELA,0.0,OpenAQ live network,2026-08-23 07:00:00,2026-08-26 07:00:00,72,77.1,82.727806
1423,28.848718,77.153846,1,3.714,4,BAKHTAWAR PUR,1062.7869291007703,OpenAQ live network,2026-08-23 07:00:00,2026-08-26 07:00:00,72,74.5,78.890686
1424,28.848718,77.169231,1,4.035,4,BAKHTAWAR PUR,0.0,OpenAQ live network,2026-08-23 07:00:00,2026-08-26 07:00:00,72,80.0,82.727806
1425,28.848718,77.184615,1,4.823,4,BAKHTAWAR PUR,0.0,OpenAQ live network,2026-08-23 07:00:00,2026-08-26 07:00:00,72,62.2,65.22217
1426,28.848718,77.2,1,5.894,4,BAKHTAWAR PUR,0.0,OpenAQ live network,2026-08-23 07:00:00,2026-08-26 07:00:00,72,26.6,25.975605
1427,28.848718,77.215385,1,7.121,4,BAKHTAWAR PUR,202.58846144228056,OpenAQ live network,2026-08-23 07:00:00,2026-08-26 07:00:00,72,114.4,123.69561
1428,28.848718,77.230769,1,8.436,4,BAKHTAWAR PUR,1868.459201813316,OpenAQ live network,2026-08-23 07:00:00,2026-08-26 07:00:00,72,93.9,95.37575
1429,28.848718,77.246154,1,9.803,4,BAKHTAWAR PUR,3387.0044848930406,OpenAQ live network,2026-08-23 07:00:00,2026-08-26 07:00:00,72,92.5,94.357895
1430,28.848718,77.261538,1,10.304,4,BAKHTAWAR PUR,4890.475547759619,OpenAQ live network,2026-08-23 07:00:00,2026-08-26 07:00:00,72,102.8,94.93693
1431,28.848718,77.276923,1,10.168,4,BAKHTAWAR PUR,6445.59666338717,OpenAQ live network,2026-08-23 07:00:00,2026-08-26 07:00:00,72,102.8,94.93693
1432,28.848718,77.292308,1,10.251,4,BAKHTAWAR PUR,8050.071916788337,OpenAQ live network,2026-08-23 07:00:00,2026-08-26 07:00:00,72,102.8,94.93693
1433,28.848718,77.307692,1,10.549,4,BAKHTAWAR PUR,9691.535392550642,OpenAQ live network,2026-08-23 07:00:00,2026-08-26 07:00:00,72,102.8,94.93693
1434,28.848718,77.323077,1,11.044,4,BAKHTAWAR PUR,11349.467164190834,OpenAQ live network,2026-08-23 07:00:00,2026-08-26 07:00:00,72,102.8,94.93693
1435,28.848718,77.338462,1,11.711,4,BAKHTAWAR PUR,13020.499454214209,OpenAQ live network,2026-08-23 07:00:00,2026-08-26 07:00:00,72,102.8,94.93693
1436,28.848718,77.353846,1,12.523,4,BAKHTAWAR PUR,14701.004416160928,OpenAQ live network,2026-08-23 07:00:00,2026-08-26 07:00:00,72,102.8,94.93693
1437,28.848718,77.369231,1,13.454,4,BAKHTAWAR PUR,16388.252981022335,OpenAQ live network,2026-08-23 07:00:00,2026-08-26 07:00:00,72,102.8,94.93693
1438,28.848718,77.384615,1,14.48,4,BAKHTAWAR PUR,18080.16874357248,OpenAQ live network,2026-08-23 07:00:00,2026-08-26 07:00:00,72,102.9,94.93693
1439,28.848718,77.4,1,15.583,264,HARSH VIHAR,18899.873556883493,OpenAQ live network,2026-08-23 07:00:00,2026-08-26 07:00:00,72,102.9,94.93693
1440,28.861538,76.8,1,24.547,28,BAWANA,17482.674606365123,OpenAQ live network,2026-08-23 07:00:00,2026-08-26 07:00:00,72,93.0,91.00437
1441,28.861538,76.815385,1,23.835,28,BAWANA,15901.81199364061,OpenAQ live network,2026-08-23 07:00:00,2026-08-26 07:00:00,72,93.0,91.00437
1442,28.861538,76.830769,1,23.199,28,BAWANA,14338.844592120127,OpenAQ live network,2026-08-23 07:00:00,2026-08-26 07:00:00,72,93.0,91.00437
1443,28.861538,76.846154,1,22.104,28,BAWANA,12808.929044483308,OpenAQ live network,2026-08-23 07:00:00,2026-08-26 07:00:00,72,92.4,88.25675
1444,28.861538,76.861538,1,20.761,28,BAWANA,11330.742693226975,OpenAQ live network,2026-08-23 07:00:00,2026-08-26 07:00:00,72,92.4,88.25675
1445,28.861538,76.876923,1,19.44,28,BAWANA,9898.554451234411,OpenAQ live network,2026-08-23 07:00:00,2026-08-26 07:00:00,72,92.4,88.25675
1446,28.861538,76.892308,1,18.146,28,BAWANA,8556.713167495389,OpenAQ live network,2026-08-23 07:00:00,2026-08-26 07:00:00,72,95.6,88.25675
1447,28.861538,76.907692,1,16.887,28,BAWANA,7330.646614180619,OpenAQ live network,2026-08-23 07:00:00,2026-08-26 07:00:00,72,95.6,88.25675
1448,28.861538,76.923077,1,15.67,28,BAWANA,6334.374874451513,OpenAQ live network,2026-08-23 07:00:00,2026-08-26 07:00:00,72,95.2,88.25675
1449,28.861538,76.938462,1,14.505,28,BAWANA,5264.617604175852,OpenAQ live network,2026-08-23 07:00:00,2026-08-26 07:00:00,72,95.2,88.25675
1450,28.861538,76.953846,1,13.408,28,BAWANA,4462.35867954018,OpenAQ live network,2026-08-23 07:00:00,2026-08-26 07:00:00,72,94.4,88.25675
1451,28.861538,76.969231,1,12.394,28,BAWANA,3833.154874829238,OpenAQ live network,2026-08-23 07:00:00,2026-08-26 07:00:00,72,94.4,88.25675
1452,28.861538,76.984615,1,11.488,28,BAWANA,2980.458638646249,OpenAQ live network,2026-08-23 07:00:00,2026-08-26 07:00:00,72,94.4,88.25675
1453,28.861538,77.0,1,10.715,28,BAWANA,2766.45925765806,OpenAQ live network,2026-08-23 07:00:00,2026-08-26 07:00:00,72,94.4,88.25675
1454,28.861538,77.015385,1,9.469,28,BAWANA,2697.725443610412,OpenAQ live network,2026-08-23 07:00:00,2026-08-26 07:00:00,72,96.8,95.76941
1455,28.861538,77.030769,1,8.163,2,BANKNER,2383.522705127184,OpenAQ live network,2026-08-23 07:00:00,2026-08-26 07:00:00,72,111.6,112.9693
1456,28.861538,77.046154,1,6.935,2,BANKNER,721.9704477376047,OpenAQ live network,2026-08-23 07:00:00,2026-08-26 07:00:00,72,111.9,112.9693
1457,28.861538,77.061538,1,5.834,2,BANKNER,0.0,OpenAQ live network,2026-08-23 07:00:00,2026-08-26 07:00:00,72,36.0,37.39194
1458,28.861538,77.076923,1,4.947,2,BANKNER,0.0,OpenAQ live network,2026-08-23 07:00:00,2026-08-26 07:00:00,72,85.1,84.904785
1459,28.861538,77.092308,1,4.405,2,BANKNER,0.0,OpenAQ live network,2026-08-23 07:00:00,2026-08-26 07:00:00,72,67.2,65.4619
1460,28.861538,77.107692,1,4.339,2,BANKNER,0.0,OpenAQ live network,2026-08-23 07:00:00,2026-08-26 07:00:00,72,61.8,65.4619
1461,28.861538,77.123077,1,4.769,1,NARELA,297.5164662398799,OpenAQ live network,2026-08-23 07:00:00,2026-08-26 07:00:00,72,57.9,61.129562
1462,28.861538,77.138462,1,5.33,1,NARELA,0.0,OpenAQ live network,2026-08-23 07:00:00,2026-08-26 07:00:00,72,25.5,25.975605
1463,28.861538,77.153846,1,5.139,1,NARELA,1345.3124070850097,OpenAQ live network,2026-08-23 07:00:00,2026-08-26 07:00:00,72,25.5,25.975605
1464,28.861538,77.169231,1,5.376,4,BAKHTAWAR PUR,680.0727436717048,OpenAQ live network,2026-08-23 07:00:00,2026-08-26 07:00:00,72,26.6,25.975605
1465,28.861538,77.184615,1,5.99,4,BAKHTAWAR PUR,457.7734502548162,OpenAQ live network,2026-08-23 07:00:00,2026-08-26 07:00:00,72,26.6,25.975605
1466,28.861538,77.2,1,6.881,4,BAKHTAWAR PUR,296.2475709736353,OpenAQ live network,2026-08-23 07:00:00,2026-08-26 07:00:00,72,114.6,123.69561
1467,28.861538,77.215385,1,7.957,4,BAKHTAWAR PUR,629.6555281333782,OpenAQ live network,2026-08-23 07:00:00,2026-08-26 07:00:00,72,114.2,123.69561
1468,28.861538,77.230769,1,9.153,4,BAKHTAWAR PUR,2173.777608904624,OpenAQ live network,2026-08-23 07:00:00,2026-08-26 07:00:00,72,92.7,94.357895
1469,28.861538,77.246154,1,10.427,4,BAKHTAWAR PUR,3845.0446550103406,OpenAQ live network,2026-08-23 07:00:00,2026-08-26 07:00:00,72,92.5,94.357895
1470,28.861538,77.261538,1,11.713,4,BAKHTAWAR PUR,5500.743702954508,OpenAQ live network,2026-08-23 07:00:00,2026-08-26 07:00:00,72,102.8,94.93693
1471,28.861538,77.276923,1,11.593,4,BAKHTAWAR PUR,7158.280656542462,OpenAQ live network,2026-08-23 07:00:00,2026-08-26 07:00:00,72,102.8,94.93693
1472,28.861538,77.292308,1,11.666,4,BAKHTAWAR PUR,8683.093326235974,OpenAQ live network,2026-08-23 07:00:00,2026-08-26 07:00:00,72,102.8,94.93693
1473,28.861538,77.307692,1,11.929,4,BAKHTAWAR PUR,10236.419497103368,OpenAQ live network,2026-08-23 07:00:00,2026-08-26 07:00:00,72,102.8,94.93693
1474,28.861538,77.323077,1,12.368,4,BAKHTAWAR PUR,11822.627856739698,OpenAQ live network,2026-08-23 07:00:00,2026-08-26 07:00:00,72,102.8,94.93693
1475,28.861538,77.338462,1,12.968,4,BAKHTAWAR PUR,13439.907637651466,OpenAQ live network,2026-08-23 07:00:00,2026-08-26 07:00:00,72,102.8,94.93693
1476,28.861538,77.353846,1,13.705,4,BAKHTAWAR PUR,15078.15705502398,OpenAQ live network,2026-08-23 07:00:00,2026-08-26 07:00:00,72,102.8,94.93693
1477,28.861538,77.369231,1,14.56,4,BAKHTAWAR PUR,16730.48272933087,OpenAQ live network,2026-08-23 07:00:00,2026-08-26 07:00:00,72,102.9,94.93693
1478,28.861538,77.384615,1,15.513,4,BAKHTAWAR PUR,18390.94120436761,OpenAQ live network,2026-08-23 07:00:00,2026-08-26 07:00:00,72,102.9,94.93693
1479,28.861538,77.4,1,16.548,4,BAKHTAWAR PUR,20060.26737380359,OpenAQ live network,2026-08-23 07:00:00,2026-08-26 07:00:00,72,103.4,94.93693
1480,28.874359,76.8,1,25.792,28,BAWANA,18131.950245334585,OpenAQ live network,2026-08-23 07:00:00,2026-08-26 07:00:00,72,93.0,91.00437
1481,28.874359,76.815385,1,25.117,28,BAWANA,16598.23830799231,OpenAQ live network,2026-08-23 07:00:00,2026-08-26 07:00:00,72,93.0,91.00437
1482,28.874359,76.830769,1,24.078,28,BAWANA,15103.133548324548,OpenAQ live network,2026-08-23 07:00:00,2026-08-26 07:00:00,72,92.4,88.25675
1483,28.874359,76.846154,1,22.752,28,BAWANA,13646.26606098496,OpenAQ live network,2026-08-23 07:00:00,2026-08-26 07:00:00,72,92.4,88.25675
1484,28.874359,76.861538,1,21.449,28,BAWANA,12245.50665651901,OpenAQ live network,2026-08-23 07:00:00,2026-08-26 07:00:00,72,92.4,88.25675
1485,28.874359,76.876923,1,20.173,28,BAWANA,10917.49453683873,OpenAQ live network,2026-08-23 07:00:00,2026-08-26 07:00:00,72,95.6,88.25675
1486,28.874359,76.892308,1,18.93,28,BAWANA,9687.378821440543,OpenAQ live network,2026-08-23 07:00:00,2026-08-26 07:00:00,72,95.6,88.25675
1487,28.874359,76.907692,1,17.727,28,BAWANA,8623.592521757018,OpenAQ live network,2026-08-23 07:00:00,2026-08-26 07:00:00,72,95.6,88.25675
1488,28.874359,76.923077,1,16.571,28,BAWANA,7598.69424013955,OpenAQ live network,2026-08-23 07:00:00,2026-08-26 07:00:00,72,95.6,88.25675
1489,28.874359,76.938462,1,15.475,28,BAWANA,6652.340410492326,OpenAQ live network,2026-08-23 07:00:00,2026-08-26 07:00:00,72,94.5,88.25675
1490,28.874359,76.953846,1,14.451,28,BAWANA,6025.760278473554,OpenAQ live network,2026-08-23 07:00:00,2026-08-26 07:00:00,72,94.5,88.25675
1491,28.874359,76.969231,1,13.517,28,BAWANA,5199.244626091063,OpenAQ live network,2026-08-23 07:00:00,2026-08-26 07:00:00,72,94.4,88.25675
1492,28.874359,76.984615,1,12.69,28,BAWANA,4535.090243467308,OpenAQ live network,2026-08-23 07:00:00,2026-08-26 07:00:00,72,94.4,88.25675
1493,28.874359,77.0,1,11.466,28,BAWANA,4359.068540627112,OpenAQ live network,2026-08-23 07:00:00,2026-08-26 07:00:00,72,96.8,95.76941
1494,28.874359,77.015385,1,10.196,28,BAWANA,4315.396246193765,OpenAQ live network,2026-08-23 07:00:00,2026-08-26 07:00:00,72,96.8,95.76941
1495,28.874359,77.030769,1,8.996,2,BANKNER,3000.936247170902,OpenAQ live network,2026-08-23 07:00:00,2026-08-26 07:00:00,72,96.9,95.76941
1496,28.874359,77.046154,1,7.899,2,BANKNER,1574.5168304055542,OpenAQ live network,2026-08-23 07:00:00,2026-08-26 07:00:00,72,111.9,112.9693
1497,28.874359,77.061538,1,6.953,2,BANKNER,448.53144940259085,OpenAQ live network,2026-08-23 07:00:00,2026-08-26 07:00:00,72,111.9,112.9693
1498,28.874359,77.076923,1,6.227,2,BANKNER,222.4717566171219,OpenAQ live network,2026-08-23 07:00:00,2026-08-26 07:00:00,72,35.9,37.39194
1499,28.874359,77.092308,1,5.806,1,NARELA,199.1120015999633,OpenAQ live network,2026-08-23 07:00:00,2026-08-26 07:00:00,72,35.9,37.39194
1500,28.874359,77.107692,1,5.756,1,NARELA,591.9403635461932,OpenAQ live network,2026-08-23 07:00:00,2026-08-26 07:00:00,72,38.8,37.39194
1501,28.874359,77.123077,1,6.086,1,NARELA,1481.5421339165623,OpenAQ live network,2026-08-23 07:00:00,2026-08-26 07:00:00,72,38.8,37.39194
1502,28.874359,77.138462,1,6.715,1,NARELA,1531.5543220213124,OpenAQ live network,2026-08-23 07:00:00,2026-08-26 07:00:00,72,29.0,27.987648
1503,28.874359,77.153846,1,6.564,1,NARELA,2195.277275955373,OpenAQ live network,2026-08-23 07:00:00,2026-08-26 07:00:00,72,30.5,27.987648
1504,28.874359,77.169231,1,6.751,4,BAKHTAWAR PUR,2115.728600138661,OpenAQ live network,2026-08-23 07:00:00,2026-08-26 07:00:00,72,30.3,27.987648
1505,28.874359,77.184615,1,7.25,4,BAKHTAWAR PUR,2075.7893158198967,OpenAQ live network,2026-08-23 07:00:00,2026-08-26 07:00:00,72,114.4,123.69561
1506,28.874359,77.2,1,8.002,4,BAKHTAWAR PUR,1924.6992342667984,OpenAQ live network,2026-08-23 07:00:00,2026-08-26 07:00:00,72,114.0,123.69561
1507,28.874359,77.215385,1,8.944,4,BAKHTAWAR PUR,2093.253344870573,OpenAQ live network,2026-08-23 07:00:00,2026-08-26 07:00:00,72,92.7,94.357895
1508,28.874359,77.230769,1,10.022,4,BAKHTAWAR PUR,2992.7392008380007,OpenAQ live network,2026-08-23 07:00:00,2026-08-26 07:00:00,72,92.5,94.357895
1509,28.874359,77.246154,1,11.198,4,BAKHTAWAR PUR,4378.519493874947,OpenAQ live network,2026-08-23 07:00:00,2026-08-26 07:00:00,72,92.5,94.357895
1510,28.874359,77.261538,1,12.443,4,BAKHTAWAR PUR,5937.296072040423,OpenAQ live network,2026-08-23 07:00:00,2026-08-26 07:00:00,72,92.5,94.357895
1511,28.874359,77.276923,1,13.018,4,BAKHTAWAR PUR,7562.413020098757,OpenAQ live network,2026-08-23 07:00:00,2026-08-26 07:00:00,72,102.8,94.93693
1512,28.874359,77.292308,1,13.083,4,BAKHTAWAR PUR,9214.727288525211,OpenAQ live network,2026-08-23 07:00:00,2026-08-26 07:00:00,72,102.8,94.93693
1513,28.874359,77.307692,1,13.318,4,BAKHTAWAR PUR,10879.316778487551,OpenAQ live network,2026-08-23 07:00:00,2026-08-26 07:00:00,72,102.8,94.93693
1514,28.874359,77.323077,1,13.713,4,BAKHTAWAR PUR,12476.054653779183,OpenAQ live network,2026-08-23 07:00:00,2026-08-26 07:00:00,72,102.8,94.93693
1515,28.874359,77.338462,1,14.256,4,BAKHTAWAR PUR,14028.66186670735,OpenAQ live network,2026-08-23 07:00:00,2026-08-26 07:00:00,72,102.9,94.93693
1516,28.874359,77.353846,1,14.93,4,BAKHTAWAR PUR,15605.225299167463,OpenAQ live network,2026-08-23 07:00:00,2026-08-26 07:00:00,72,102.9,94.93693
1517,28.874359,77.369231,1,15.719,4,BAKHTAWAR PUR,17207.903658124033,OpenAQ live network,2026-08-23 07:00:00,2026-08-26 07:00:00,72,102.9,94.93693
1518,28.874359,77.384615,1,16.605,4,BAKHTAWAR PUR,18829.848443201103,OpenAQ live network,2026-08-23 07:00:00,2026-08-26 07:00:00,72,103.4,94.93693
1519,28.874359,77.4,1,17.575,4,BAKHTAWAR PUR,20466.66528439364,OpenAQ live network,2026-08-23 07:00:00,2026-08-26 07:00:00,72,103.4,94.93693
1520,28.887179,76.8,1,27.056,28,BAWANA,18883.41443059439,OpenAQ live network,2026-08-23 07:00:00,2026-08-26 07:00:00,72,93.0,91.00437
1521,28.887179,76.815385,1,26.065,28,BAWANA,17413.704926367325,OpenAQ live network,2026-08-23 07:00:00,2026-08-26 07:00:00,72,92.4,88.25675
1522,28.887179,76.830769,1,24.755,28,BAWANA,15976.152037054377,OpenAQ live network,2026-08-23 07:00:00,2026-08-26 07:00:00,72,92.4,88.25675
1523,28.887179,76.846154,1,23.468,28,BAWANA,14597.971789092397,OpenAQ live network,2026-08-23 07:00:00,2026-08-26 07:00:00,72,92.4,88.25675
1524,28.887179,76.861538,1,22.207,28,BAWANA,13279.526847222263,OpenAQ live network,2026-08-23 07:00:00,2026-08-26 07:00:00,72,95.6,88.25675
1525,28.887179,76.876923,1,20.978,28,BAWANA,12047.120494248138,OpenAQ live network,2026-08-23 07:00:00,2026-08-26 07:00:00,72,95.6,88.25675
1526,28.887179,76.892308,1,19.786,28,BAWANA,10944.71258969941,OpenAQ live network,2026-08-23 07:00:00,2026-08-26 07:00:00,72,95.6,88.25675
1527,28.887179,76.907692,1,18.638,28,BAWANA,9947.046216554694,OpenAQ live network,2026-08-23 07:00:00,2026-08-26 07:00:00,72,95.6,88.25675
1528,28.887179,76.923077,1,17.543,28,BAWANA,8927.207523087236,OpenAQ live network,2026-08-23 07:00:00,2026-08-26 07:00:00,72,94.9,88.25675
1529,28.887179,76.938462,1,16.511,28,BAWANA,8121.824910694325,OpenAQ live network,2026-08-23 07:00:00,2026-08-26 07:00:00,72,94.9,88.25675
1530,28.887179,76.953846,1,15.556,28,BAWANA,7477.627146199175,OpenAQ live network,2026-08-23 07:00:00,2026-08-26 07:00:00,72,94.5,88.25675
1531,28.887179,76.969231,1,14.692,28,BAWANA,6653.369320062555,OpenAQ live network,2026-08-23 07:00:00,2026-08-26 07:00:00,72,94.5,88.25675
1532,28.887179,76.984615,1,13.485,28,BAWANA,6128.948065131617,OpenAQ live network,2026-08-23 07:00:00,2026-08-26 07:00:00,72,96.8,95.76941
1533,28.887179,77.0,1,12.241,28,BAWANA,5971.825187406518,OpenAQ live network,2026-08-23 07:00:00,2026-08-26 07:00:00,72,96.8,95.76941
1534,28.887179,77.015385,1,11.06,2,BANKNER,5342.45406620485,OpenAQ live network,2026-08-23 07:00:00,2026-08-26 07:00:00,72,96.8,95.76941
1535,28.887179,77.030769,1,9.964,2,BANKNER,3916.5688840214816,OpenAQ live network,2026-08-23 07:00:00,2026-08-26 07:00:00,72,96.8,95.76941
1536,28.887179,77.046154,1,8.986,2,BANKNER,2664.1501775944034,OpenAQ live network,2026-08-23 07:00:00,2026-08-26 07:00:00,72,96.9,95.76941
1537,28.887179,77.061538,1,8.167,2,BANKNER,2076.720138748677,OpenAQ live network,2026-08-23 07:00:00,2026-08-26 07:00:00,72,111.6,112.9693
1538,28.887179,77.076923,1,7.559,2,BANKNER,791.5499972714344,OpenAQ live network,2026-08-23 07:00:00,2026-08-26 07:00:00,72,111.9,112.9693
1539,28.887179,77.092308,1,7.216,2,BANKNER,929.3149586156694,OpenAQ live network,2026-08-23 07:00:00,2026-08-26 07:00:00,72,111.9,112.9693
1540,28.887179,77.107692,1,7.176,1,NARELA,2171.446004197235,OpenAQ live network,2026-08-23 07:00:00,2026-08-26 07:00:00,72,111.9,112.9693
1541,28.887179,77.123077,1,7.444,1,NARELA,2636.047005596918,OpenAQ live network,2026-08-23 07:00:00,2026-08-26 07:00:00,72,111.9,112.9693
1542,28.887179,77.138462,1,7.988,1,NARELA,3106.7981772540043,OpenAQ live network,2026-08-23 07:00:00,2026-08-26 07:00:00,72,112.7,112.9693
1543,28.887179,77.153846,1,7.99,1,NARELA,3538.148845867637,OpenAQ live network,2026-08-23 07:00:00,2026-08-26 07:00:00,72,114.0,123.69561
1544,28.887179,77.169231,1,8.144,4,BAKHTAWAR PUR,3702.0987941716025,OpenAQ live network,2026-08-23 07:00:00,2026-08-26 07:00:00,72,114.0,123.69561
1545,28.887179,77.184615,1,8.562,4,BAKHTAWAR PUR,3694.640199647964,OpenAQ live network,2026-08-23 07:00:00,2026-08-26 07:00:00,72,93.0,95.37575
1546,28.887179,77.2,1,9.207,4,BAKHTAWAR PUR,3553.2248169751147,OpenAQ live network,2026-08-23 07:00:00,2026-08-26 07:00:00,72,92.5,94.357895
1547,28.887179,77.215385,1,10.037,4,BAKHTAWAR PUR,3672.891760635385,OpenAQ live network,2026-08-23 07:00:00,2026-08-26 07:00:00,72,92.5,94.357895
1548,28.887179,77.230769,1,11.008,4,BAKHTAWAR PUR,4274.087182982533,OpenAQ live network,2026-08-23 07:00:00,2026-08-26 07:00:00,72,92.5,94.357895
1549,28.887179,77.246154,1,12.088,4,BAKHTAWAR PUR,5356.680771987425,OpenAQ live network,2026-08-23 07:00:00,2026-08-26 07:00:00,72,92.5,94.357895
1550,28.887179,77.261538,1,13.25,4,BAKHTAWAR PUR,6691.343705251098,OpenAQ live network,2026-08-23 07:00:00,2026-08-26 07:00:00,72,92.5,94.357895
1551,28.887179,77.276923,1,14.444,4,BAKHTAWAR PUR,8168.312519469707,OpenAQ live network,2026-08-23 07:00:00,2026-08-26 07:00:00,72,102.9,94.93693
1552,28.887179,77.292308,1,14.502,4,BAKHTAWAR PUR,9722.907013902712,OpenAQ live network,2026-08-23 07:00:00,2026-08-26 07:00:00,72,102.9,94.93693
1553,28.887179,77.307692,1,14.714,4,BAKHTAWAR PUR,11323.094760604616,OpenAQ live network,2026-08-23 07:00:00,2026-08-26 07:00:00,72,102.9,94.93693
1554,28.887179,77.323077,1,15.073,4,BAKHTAWAR PUR,12952.133074751597,OpenAQ live network,2026-08-23 07:00:00,2026-08-26 07:00:00,72,102.9,94.93693
1555,28.887179,77.338462,1,15.569,4,BAKHTAWAR PUR,14597.333560320902,OpenAQ live network,2026-08-23 07:00:00,2026-08-26 07:00:00,72,102.9,94.93693
1556,28.887179,77.353846,1,16.188,4,BAKHTAWAR PUR,16256.221167155634,OpenAQ live network,2026-08-23 07:00:00,2026-08-26 07:00:00,72,102.9,94.93693
1557,28.887179,77.369231,1,16.918,4,BAKHTAWAR PUR,17821.26369128231,OpenAQ live network,2026-08-23 07:00:00,2026-08-26 07:00:00,72,103.4,94.93693
1558,28.887179,77.384615,1,17.745,4,BAKHTAWAR PUR,19391.97472257175,OpenAQ live network,2026-08-23 07:00:00,2026-08-26 07:00:00,72,103.4,94.93693
1559,28.887179,77.4,1,18.655,4,BAKHTAWAR PUR,20984.99175864366,OpenAQ live network,2026-08-23 07:00:00,2026-08-26 07:00:00,72,103.4,94.93693
1560,28.9,76.8,1,28.064,28,BAWANA,19730.83734271664,OpenAQ live network,2026-08-23 07:00:00,2026-08-26 07:00:00,72,92.4,88.25675
1561,28.9,76.815385,1,26.768,28,BAWANA,18314.938844800425,OpenAQ live network,2026-08-23 07:00:00,2026-08-26 07:00:00,72,92.4,88.25675
1562,28.9,76.830769,1,25.495,28,BAWANA,16953.975921218793,OpenAQ live network,2026-08-23 07:00:00,2026-08-26 07:00:00,72,92.4,88.25675
1563,28.9,76.846154,1,24.247,28,BAWANA,15642.35260373908,OpenAQ live network,2026-08-23 07:00:00,2026-08-26 07:00:00,72,95.6,88.25675
1564,28.9,76.861538,1,23.029,28,BAWANA,14408.564538602996,OpenAQ live network,2026-08-23 07:00:00,2026-08-26 07:00:00,72,95.6,88.25675
1565,28.9,76.876923,1,21.846,28,BAWANA,13281.340707169757,OpenAQ live network,2026-08-23 07:00:00,2026-08-26 07:00:00,72,95.6,88.25675
1566,28.9,76.892308,1,20.704,28,BAWANA,12290.14371145088,OpenAQ live network,2026-08-23 07:00:00,2026-08-26 07:00:00,72,95.6,88.25675
1567,28.9,76.907692,1,19.61,28,BAWANA,11234.64635747357,OpenAQ live network,2026-08-23 07:00:00,2026-08-26 07:00:00,72,95.6,88.25675
1568,28.9,76.923077,1,18.573,28,BAWANA,10334.581857978314,OpenAQ live network,2026-08-23 07:00:00,2026-08-26 07:00:00,72,94.9,88.25675
1569,28.9,76.938462,1,17.602,28,BAWANA,9643.291341923774,OpenAQ live network,2026-08-23 07:00:00,2026-08-26 07:00:00,72,94.9,88.25675
1570,28.9,76.953846,1,16.709,28,BAWANA,8881.714944161504,OpenAQ live network,2026-08-23 07:00:00,2026-08-26 07:00:00,72,94.9,88.25675
1571,28.9,76.969231,1,15.516,28,BAWANA,8159.776688633945,OpenAQ live network,2026-08-23 07:00:00,2026-08-26 07:00:00,72,96.9,95.76941
1572,28.9,76.984615,1,14.292,28,BAWANA,7738.128758576255,OpenAQ live network,2026-08-23 07:00:00,2026-08-26 07:00:00,72,96.9,95.76941
1573,28.9,77.0,1,13.124,28,BAWANA,7592.2010894019695,OpenAQ live network,2026-08-23 07:00:00,2026-08-26 07:00:00,72,96.8,95.76941
1574,28.9,77.015385,1,12.031,2,BANKNER,6275.119387056398,OpenAQ live network,2026-08-23 07:00:00,2026-08-26 07:00:00,72,96.8,95.76941
1575,28.9,77.030769,1,11.032,2,BANKNER,5017.531277996691,OpenAQ live network,2026-08-23 07:00:00,2026-08-26 07:00:00,72,96.8,95.76941
1576,28.9,77.046154,1,10.158,2,BANKNER,4065.0163054980303,OpenAQ live network,2026-08-23 07:00:00,2026-08-26 07:00:00,72,96.8,95.76941
1577,28.9,77.061538,1,9.441,2,BANKNER,3151.15484848104,OpenAQ live network,2026-08-23 07:00:00,2026-08-26 07:00:00,72,94.6,95.76941
1578,28.9,77.076923,1,8.921,2,BANKNER,2193.318975471865,OpenAQ live network,2026-08-23 07:00:00,2026-08-26 07:00:00,72,94.7,95.76941
1579,28.9,77.092308,1,8.632,2,BANKNER,2357.511808782852,OpenAQ live network,2026-08-23 07:00:00,2026-08-26 07:00:00,72,94.7,95.76941
1580,28.9,77.107692,1,8.598,2,BANKNER,3286.663025268766,OpenAQ live network,2026-08-23 07:00:00,2026-08-26 07:00:00,72,98.3,97.74686
1581,28.9,77.123077,1,8.823,1,NARELA,4089.131581054326,OpenAQ live network,2026-08-23 07:00:00,2026-08-26 07:00:00,72,94.7,95.76941
1582,28.9,77.138462,1,9.287,1,NARELA,4710.539636179729,OpenAQ live network,2026-08-23 07:00:00,2026-08-26 07:00:00,72,94.6,95.76941
1583,28.9,77.153846,1,9.415,1,NARELA,5052.224198991963,OpenAQ live network,2026-08-23 07:00:00,2026-08-26 07:00:00,72,92.5,94.357895
1584,28.9,77.169231,1,9.547,4,BAKHTAWAR PUR,5315.154735641778,OpenAQ live network,2026-08-23 07:00:00,2026-08-26 07:00:00,72,92.5,94.357895
1585,28.9,77.184615,1,9.905,4,BAKHTAWAR PUR,5301.165546693617,OpenAQ live network,2026-08-23 07:00:00,2026-08-26 07:00:00,72,92.5,94.357895
1586,28.9,77.2,1,10.468,4,BAKHTAWAR PUR,5182.078510419285,OpenAQ live network,2026-08-23 07:00:00,2026-08-26 07:00:00,72,92.5,94.357895
1587,28.9,77.215385,1,11.205,4,BAKHTAWAR PUR,5265.523677484854,OpenAQ live network,2026-08-23 07:00:00,2026-08-26 07:00:00,72,92.5,94.357895
1588,28.9,77.230769,1,12.083,4,BAKHTAWAR PUR,5733.965591407639,OpenAQ live network,2026-08-23 07:00:00,2026-08-26 07:00:00,72,92.5,94.357895
1589,28.9,77.246154,1,13.074,4,BAKHTAWAR PUR,6583.046623406421,OpenAQ live network,2026-08-23 07:00:00,2026-08-26 07:00:00,72,92.5,94.357895
1590,28.9,77.261538,1,14.155,4,BAKHTAWAR PUR,7720.935308182246,OpenAQ live network,2026-08-23 07:00:00,2026-08-26 07:00:00,72,92.5,94.357895
1591,28.9,77.276923,1,15.306,4,BAKHTAWAR PUR,9031.062554708462,OpenAQ live network,2026-08-23 07:00:00,2026-08-26 07:00:00,72,92.6,94.357895
1592,28.9,77.292308,1,15.923,4,BAKHTAWAR PUR,10458.1873310976,OpenAQ live network,2026-08-23 07:00:00,2026-08-26 07:00:00,72,102.9,94.93693
1593,28.9,77.307692,1,16.116,4,BAKHTAWAR PUR,11960.402853121775,OpenAQ live network,2026-08-23 07:00:00,2026-08-26 07:00:00,72,102.9,94.93693
1594,28.9,77.323077,1,16.444,4,BAKHTAWAR PUR,13512.850609479654,OpenAQ live network,2026-08-23 07:00:00,2026-08-26 07:00:00,72,103.4,94.93693
1595,28.9,77.338462,1,16.899,4,BAKHTAWAR PUR,15099.979116894034,OpenAQ live network,2026-08-23 07:00:00,2026-08-26 07:00:00,72,103.4,94.93693
1596,28.9,77.353846,1,17.472,4,BAKHTAWAR PUR,16711.80498794292,OpenAQ live network,2026-08-23 07:00:00,2026-08-26 07:00:00,72,103.4,94.93693
1597,28.9,77.369231,1,18.15,4,BAKHTAWAR PUR,18342.000095175223,OpenAQ live network,2026-08-23 07:00:00,2026-08-26 07:00:00,72,103.4,94.93693
1598,28.9,77.384615,1,18.923,4,BAKHTAWAR PUR,19983.989442672217,OpenAQ live network,2026-08-23 07:00:00,2026-08-26 07:00:00,72,103.4,94.93693
1599,28.9,77.4,1,19.779,4,BAKHTAWAR PUR,21614.207043614697,OpenAQ live network,2026-08-23 07:00:00,2026-08-26 07:00:00,72,103.4,94.93693
